  1   0000              ;----------------------------------------------------------------------------
  2   0000              ; MXOS BIOS/DOS.
  3   0000              ;
  4   0000              ; РЎР±РѕСЂРѕС‡РЅС‹Р№ РІС…РѕРґ РґР»СЏ РІР°СЂРёР°РЅС‚Р° СЃ РїСЂРѕРІРµСЂСЏРµРјРѕР№ Р·Р°РїРёСЃСЊСЋ RAM-РґРёСЃРєР°. РћСЃС‚Р°Р»СЊРЅС‹Рµ
  5   0000              ; РјРѕРґСѓР»Рё РѕСЃС‚Р°СЋС‚СЃСЏ РёСЃС…РѕРґРЅС‹РјРё; driverChecked.inc Р·Р°РјРµРЅСЏРµС‚ С‚РѕР»СЊРєРѕ С„РёР·РёС‡РµСЃРєРёР№
  6   0000              ; РІСЃС‚СЂРѕРµРЅРЅС‹Р№ РґСЂР°Р№РІРµСЂ.
  7   0000              ;----------------------------------------------------------------------------
  8   0000
  9   0000                  INCLUDE "../include/mxos.inc"
  1+  0000              ;-----------------------------------------------------------------------
  2+  0000              ; MXOS
  3+  0000              ; Точки входа и настройки сборки MXOS
  4+  0000              ;
  5+  0000              ; Новая карта памяти:
  6+  0000              ;   8FDF-8FFF - [  32 B] Переменные
  7+  0000              ;   9000-BFFF - [12  KB] Экран
  8+  0000              ;   C000-DBFF - [7168 B] DOS.SYS
  9+  0000              ;   DC00-DDFF - [ 512 B] драйверные расширения (например, FlashSys.com)
 10+  0000              ;   DE00-DFFF - [ 512 B] Драйвер флеш-диска
 11+  0000              ;   E000-E7FF - [2048 B] Шрифт
 12+  0000              ;   E800-FAFF - [4864 B] Системные программы (NC.COM, E.COM, DL-RED.COM, FORMAT.COM, MON2.COM, ...)
 13+  0000              ;   FB00-FEFF - [1024 B] Дисковый кэш (fat + каталог)
 14+  0000              ;   FF00-FF81 - [ 130 B] Командная строка
 15+  0000              ;   FF82-FFBF - [  62 B] Стек
 16+  0000              ;   FFC0-FFEF - [  32 B] Непереключаемое ОЗУ, драйвер обмена с RAM диском
 17+  0000              ;   FFE0-FFFF - [  32 B] Оборудование
 18+  0000              ;
 19+  0000              ; Старая карта памяти:
 20+  0000              ;   8FDF-8FFF - [  32 B] Переменные
 21+  0000              ;   9000-BFFF - [12  KB] Экран
 22+  0000              ;   C000-CFFF - [4096 B] DOS.SYS
 23+  0000              ;   D000-E1FF - [4607 B] Системные программы (NC.COM, E.COM, DL-RED.COM)
 24+  0000              ;   E200-E5FF - [1024 B] Свободно (1024 байт)
 25+  0000              ;   E600-E7FF - [ 512 B] Драйвер магнитофона
 26+  0000              ;   E800-E8FF - [ 256 B] Свободно (256 байт)
 27+  0000              ;   E900-F0FF - [2048 B] Шрифт (можно отключить запуском ROMFNT.COM или опцией LOAD_FONT=0)
 28+  0000              ;   F100-F8FF - [2048 B] Системные программы (FORMAT.COM, MON2.COM, ...)
 29+  0000              ;   F900-F9FF - [ 256 B] Свободно (256 байт)
 30+  0000              ;   FA00-FAFF - [ 256 B] Драйвер флеш-диска
 31+  0000              ;   FB00-FEFF - [1024 B] Дисковый буфер (fat + каталог)
 32+  0000              ;   FF00-FF81 - [ 130 B] Командная строка
 33+  0000              ;   FF82-FFBF - [  62 B] Стек
 34+  0000              ;   FFC0-FFEF - [  32 B] Непереключаемое ОЗУ, драйвер обмена с RAM диском
 35+  0000              ;   FFE0-FFFF - [  32 B] Оборудование
 36+  0000              ;-----------------------------------------------------------------------
 37+  0000
 38+  0000
 39+  0000              ;-----------------------------------------------------------------------
 40+  0000              ; Конфигурация сборки
 41+  0000              ;-----------------------------------------------------------------------
 42+  0000
 43+  0000              NEW_MEMORY_MAP       =  1       ; Новая карта памяти
 44+  0000              RAMD_MAX_PAGE        =  16      ; Максимальное количество страниц RAM диска
 45+  0000              RAMD_PAGE_END        =  0FFBBh  ; Включить поддержку ДОЗУ большего чем 64 Кб
 46+  0000              ROM_64K              =  1       ; Включить поддержку ПЗУ 64 Кб Специалиста МХ2
 47+  0000              ENABLE_COLOR         =  1       ; Включить поддержку цвета
 48+  0000              EMBED_FONT           =  0       ; Встроить шрифт в программу (при запуске шрифт копируется на FONT_ADDR)
 49+  0000              LOAD_FONT            =  1       ; Загружать шрифт в ОЗУ
 50+  0000              COLOR_BIOS           =  0F0h    ; Цвет командной строки
 51+  0000              RAMFOS_COMPATIBILITY =  1       ; Совместимость с RAMFOS (WIP)
 52+  0000              BOOT_FROM_TAPE       =  0       ; Включить загрузку с ленты при нажатой клавише после сброса
 53+  0000
 54+  0000                  IF  NEW_MEMORY_MAP
 55+  0000              FONT_ADDR = 0E000h  ; Адрес шрфита
 56+  0000                  ELSE
 57+  0000 ~            FONT_ADDR = 0E900h  ; Адрес шрфита
 58+  0000                  ENDIF
 59+  0000
 60+  0000                  IF  LOAD_FONT
 61+  0000              FONT_ADDR_DIV_8 = FONT_ADDR/8
 62+  0000                  ELSE
 63+  0000 ~            FONT_ADDR_DIV_8 = -1
 64+  0000                  ENDIF
 65+  0000
 66+  0000              ;-----------------------------------------------------------------------
 67+  0000              ; Переменные ОС в подэкранном пространстве и их начальные значения
 68+  0000              ; Доступ к переменным из программ польователя:
 69+  0000              ; ld a, bios_vars.lastKey
 70+  0000              ;-----------------------------------------------------------------------
 71+  0000
 72+  0000                  STRUCT BIOS_VARIABLES
 73+  0000 ~            _reserv_1     DW      -1              ; 8FDFh -
 74+  0000 ~            tapeError     DW      0C800h          ; 8FE1h - Адрес, куда происходит переход при ошибке чтения с ленты
 75+  0000 ~            tapeAddr      DW      -1              ; 8FE3h - Адрес программы, загруженной с ленты
 76+  0000 ~            _reserv_2     DW      -1              ; 8FE5h -
 77+  0000 ~            charGen       DW      FONT_ADDR_DIV_8 ; 8FE7h - Адрес альтернативного знакогенератора / 8
 78+  0000 ~            cursorCfg     DB       21h ; 0A9h     ; 8FE9h - Внешний вид курсора (биты: 7 - мигание (если 0), 654 - положение (Y) от низа строки, 3210 - размер по высоте)
 79+  0000 ~            koi7          DB       0   ; 0FFh     ; 8FEAh - 0FFh = включен KOI-7, 0 = включен KOI-8
 80+  0000 ~            escMode       DB      -1              ; 8FEBh - Обработка ESC-последовательности
 81+  0000 ~            keyLocks      DB      0BAh ; 3Ah      ; 8FECh - Caps Lock или Рус/Lat (3A - прописные анг, BA - строчные анг, BB - прописные рус, 3B - строчные рус)
 82+  0000 ~            _reserv_3     DW      -1              ; 8FEDh -
 83+  0000 ~            lastLastKey   DB      -1              ; 8FEFh - Предпоследняя нажатая клавиша
 84+  0000 ~            lastKey       DB      -1              ; 8FF0h - Последняя нажатая клавиша
 85+  0000 ~            beepFreq      DB       5Fh            ; 8FF1h - Частота звукового сигнала (также влияет на длительность)
 86+  0000 ~            beepDuration  DB       20h            ; 8FF2h - Длительность звукового сигнала (сколько раз повторять посылку)
 87+  0000 ~            tapeInverse   DB      0FFh            ; 8FF3h - Признак инверсии данных с ленты
 88+  0000 ~            cursorDelay   DB       20h            ; 8FF4h - Задержка мигания курсора
 89+  0000 ~            antiBsDelay   DB      0E0h            ; 8FF5h - Задержка защиты от дребезга контактов клавиш
 90+  0000 ~            oldSP         DW      -1              ; 8FF6h - Используется для сохранения SP некоторыми функциями
 91+  0000 ~            ramPageCount  DB      RAMD_MAX_PAGE   ; 8FF8h - Количество детектированных 64кб страниц RAM-диска
 92+  0000 ~            diskWriteErr  DB       0              ; 8FF9h - Признак ошибки записи диска
 93+  0000 ~            inverse       DW       0              ; 8FFAh - Инвертирование текста (0=нормальный текст, 0FFFFh=инверсный)
 94+  0000 ~            cursorY       DB      -1              ; 8FFCh - Положение курсора по вертикали в пикселях
 95+  0000 ~            cursorX       DB      -1              ; 8FFDh - Положение курсора по горизонтали в пикселях / 2
 96+  0000 ~            writeDelay    DB      28h             ; 8FFEh - Скорость при записи на ленту
 97+  0000 ~            readDelay     DB      3Ch             ; 8FFFh - Скорость при чтении с ленты
 98+  0000                  ENDS
 99+  0000
100+  0000              ; Блок переменных BIOS начинается с адреса 8FDFh
101+  0000              bios_vars   BIOS_VARIABLES = 8FDFh
102+  0000
103+  0000              ;-----------------------------------------------------------------------
104+  0000              ; Стандартные точки входа ОС
105+  0000              ; Отмеченные [OLD] применять не рекомендуется
106+  0000              ; Отмеченные [MXOS2] - новые в MXOS 2
107+  0000              ;-----------------------------------------------------------------------
108+  0000
109+  0000              bios_init               = 0C000h ; Теплая перезагрузка
110+  0000
111+  0000              ; Устаревшие точки, лечше не применять
112+  0000              bios_keyScanOld         = 0C003h ; [OLD] Получить код нажатой клавиши, = bios_keyScan
113+  0000              bios_drawCursorOld      = 0C006h ; [OLD] Нарисовать/стереть курсор
114+  0000              bios_clearScreenOld     = 0C010h ; [OLD] Оистка экрана
115+  0000              bios_printCharOld       = 0C037h ; [OLD] Вывод символа на экран
116+  0000              bios_beep_Old           = 0C170h ; [OLD] Звуковой сигнал
117+  0000              bios_delay_l            = 0C18Fh ; [OLD] Задержка l циклов
118+  0000              bios_delay_b            = 0C190h ; [OLD] Задержка b циклов
119+  0000              bios_getchOld           = 0C337h ; [OLD] Ожидание ввода с клавиатуры
120+  0000              bios_tapeReadOld        = 0C377h ; [OLD] Чтение байта с магнитофона
121+  0000              bios_tapeWriteOld       = 0C3D0h ; [OLD] Запись байта на магнитофон
122+  0000              bios_cmp_hl_de          = 0C427h ; [OLD] Сравнить hl и de
123+  0000              bios_memcpy_bc_hl       = 0C42Dh ; [OLD] Скопировать блок памяти
124+  0000              bios_printStringOld     = 0C438h ; [OLD] Вывод строки на экран
125+  0000
126+  0000              ; Стандартные точки C800h
127+  0000              bios_reboot             = 0C800h ; Запустить NC.COM
128+  0000              bios_getch              = 0C803h ; Ожидание ввода с клавиатуры
129+  0000              bios_tapeRead           = 0C806h ; Чтение байта с магнитофона
130+  0000              bios_printChar          = 0C809h ; Вывод символа на экран
131+  0000              bios_tapeWrite          = 0C80Ch ; Запись байта на магнитофон
132+  0000              bios_input              = 0C80Fh ; Ввод строки с клавиатуры
133+  0000              bios_keyCheck           = 0C812h ; Получить код нажатой клавиши, = bios_keyScan
134+  0000              bios_printHexByte       = 0C815h ; Вывод HEX числа на экран (байт)
135+  0000              bios_printString        = 0C818h ; Вывод строки на экран
136+  0000              bios_keyScan            = 0C81Bh ; Получить код нажатой клавиши
137+  0000              bios_getCursorPos       = 0C81Eh ; Получить координаты курсора в hl (координаты в пикселях)
138+  0000              bios_setCursorPos       = 0C821h ; Установить координаты курсора из hl (координаты в пикселях)
139+  0000              bios_tapeLoad           = 0C824h ; Загрузить программу с магнитофона
140+  0000              bios_tapeSave           = 0C827h ; Сохранить программу на магнитофон
141+  0000              bios_calcCS             = 0C82Ah ; Расчет контрольной суммы
142+  0000              bios_printHexWord       = 0C82Dh ; Вывод HEX числа на экран (слово)
143+  0000              bios_getMemTop          = 0C830h ; Получить объем доступной памяти
144+  0000              bios_setMemTop          = 0C833h ; Установить объем доступной памяти
145+  0000              bios_printer            = 0C836h ; Напечатать байт на принтере
146+  0000                  IF RAMFOS_COMPATIBILITY
147+  0000              bios_strToHex           = 0C839h ; [MXOS2] Преобразвоние строки в HEX формате в число
148+  0000                  ELSE
149+  0000 ~            bios_rebootAlt          = 0C839h ; Запустить NC.COM
150+  0000                  ENDIF
151+  0000              bios_rebootAlt2         = 0C83Ch ; Запустить NC.COM
152+  0000              bios_fileList           = 0C83Fh ; Получить список файлов
153+  0000              bios_fileGetSetDrive    = 0C842h ; Получить/установить активное устройство
154+  0000              bios_fileCreate         = 0C845h ; Создать файл
155+  0000              bios_fileLoad           = 0C848h ; Загрузить файл по адресу из заголовка этого файла
156+  0000              bios_fileDelete         = 0C84Bh ; Удалить файл
157+  0000              bios_fileRename         = 0C84Eh ; Переименовать файл
158+  0000              bios_fileLoadInfo       = 0C851h ; Загрузить информацию о файле
159+  0000              bios_fileGetSetAddr     = 0C854h ; Получить/установить адрес загрузки файла
160+  0000              bios_fileGetSetAttr     = 0C857h ; Получить/установить атрибуты файла
161+  0000              bios_fileNamePrepare    = 0C85Ah ; Преобразовать имя файла во внутренний формат
162+  0000              bios_fileExec           = 0C85Dh ; Запустить файл
163+  0000              bios_installDriver      = 0C860h ; Установить драйвер накопителя
164+  0000              bios_diskDriver         = 0C863h ; Драйвер выбранного диска
165+  0000              bios_fileLoad2          = 0C866h ; Загрузить файл по адресу de
166+  0000
167+  0000              ; Новые точки C800h MXOS2
168+  0000              bios_printCharReal      = 0C869h ; [MXOS2] Вывод символа на экран (только реальные символы)
169+  0000              bios_printDecWord       = 0C86Ch ; [MXOS2] Вывод числа экран в десятичной форме
170+  0000              bios_setRAMDDriver      = 0C86Fh ; [MXOS2] Установить драйвр рам-диска
171+  0000              bios_getDriveFreeSpace  = 0C872h ; [MXOS2] Получить оставшийся свободный объем диска
172+  0000              bios_upperCase          = 0C875h ; [MXOS2] Перевод кода символа КОИ-8 в верхний регистр
173+  0000              bios_strcmp             = 0C878h ; [MXOS2] Сравнение строк, чувствительное к регистру
174+  0000              bios_stricmp            = 0C87Bh ; [MXOS2] Сравнение строк, нечувствительное к регистру
175+  0000              bios_sub_hl_de          = 0C87Eh ; [MXOS2] Вычитание hl и de: hl = hl - de
176+  0000              bios_div_hl_2           = 0C881h ; [MXOS2] Деление hl на 2: hl = hl / 2
177+  0000              bios_mul_hl_de          = 0C884h ; [MXOS2] Умножение hl на de: hl = hl * de
178+  0000              bios_div_hl_de          = 0C887h ; [MXOS2] Деление hl на de: hl = hl / de, de = hl % de
179+  0000              bios_fileCreatePrepare  = 0C88Ah ; [MXOS2] Создать файл и выделить цепочку FAT без записи данных
180+  0000              bios_fileTransfer       = 0C88Dh ; [MXOS2] Передать последовательные кластеры на выбранном диске
181+  0000
182+  0000              ;-----------------------------------------------------------------------
183+  0000              ; Адрес таблицы переходов драйвера магнитофона
184+  0000              ;-----------------------------------------------------------------------
185+  0000
186+  0000              TAPE_DRIVER_JUMPS = bios_tapeReadOld    ; старая таблица переходов магнитофона, сохранена для ABI
187+  0000
188+  0000              ;-----------------------------------------------------------------------
189+  0000              ; Непереключаемое ОЗУ ПК "Специалист-MX" (0FFC0h-0FFDF, 32 байта)
190+  0000              ;-----------------------------------------------------------------------
191+  0000
192+  0000              bios_RAMDRead   = 0FFC0h ; п/п чтения из ДОЗУ
193+  0000              bios_RAMDWrite  = 0FFD0h ; п/п записи в  ДОЗУ
194+  0000
195+  0000              ;-----------------------------------------------------------------------
196+  0000              ; Порты устройств ПК "Специалист-MX2" (0FFE0h-0FFFF, 32 байта)
197+  0000              ;-----------------------------------------------------------------------
198+  0000
199+  0000              IO_KEYB_A       =  0FFE0h   ; ВВ55 клавиатуры
200+  0000              IO_KEYB_B       =  0FFE1h
201+  0000              IO_KEYB_C       =  0FFE2h
202+  0000              IO_KEYB_MODE    =  0FFE3h
203+  0000              IO_PROG_A       =  0FFE4h   ; ВВ55 программатора/флеш диска
204+  0000              IO_PROG_B       =  0FFE5h
205+  0000              IO_PROG_C       =  0FFE6h
206+  0000              IO_PROG_MODE    =  0FFE7h
207+  0000              IO_FDD_CMD      =  0FFE8h   ; контроллер дисковода ВГ93
208+  0000              IO_FDD_TRACK    =  0FFE9h
209+  0000              IO_FDD_SECTOR   =  0FFEAh
210+  0000              IO_FDD_DATA     =  0FFEBh
211+  0000              IO_TIMER_CH0    =  0FFECh   ; таймер ВИ53
212+  0000              IO_TIMER_CH1    =  0FFEDh
213+  0000              IO_TIMER_CH2    =  0FFEEh
214+  0000              IO_TIMER_MODE   =  0FFEFh
215+  0000              IO_FDD_REQ      =  0FFF0h   ; контроллер дисковода
216+  0000              IO_FDD_MOTOR    =  0FFF1h
217+  0000              IO_FDD_SIDE     =  0FFF2h
218+  0000              IO_FDD_DRIVE    =  0FFF3h
219+  0000              IO_COLOR        =  0FFF8h   ; регистр цвета
220+  0000              IO_PAGE_RAM     =  0FFFCh   ; порт включения основного ОЗУ
221+  0000              IO_PAGE_RAMD    =  0FFFDh   ; порт включения ОЗУ RAM-дисков
222+  0000              IO_PAGE_ROM     =  0FFFEh   ; порт включения ПЗУ
223+  0000              IO_PAGE_STD     =  0FFFFh   ; порт включения STD режима
224+  0000
225+  0000              ;-----------------------------------------------------------------------
226+  0000              ; Структура файловой системы
227+  0000              ;-----------------------------------------------------------------------
228+  0000
229+  0000              ; Структура каталога
230+  0000              FILE_DESCR_SIZE  = 32   ; размер дескриптора файла в каталоге (байт)
231+  0000              FILE_NAME_LENGTH = 8    ; длина имени файла  (байт)
232+  0000              FAT_ITEM_SIZE    = 2    ; размер записи в таблице FAT (байт)
233+  0000
234+  0000              SECTOR_SIZE  = 00100h   ; размер сектора 256 байт
235+  0000              CLUSTER_SIZE = 00100h   ; размер кластера 256 байт
236+  0000
237+  0000              ; Специальные коды кластеров FAT
238+  0000              FAT12_BAD = 00FF7h  ; плохой кластер
239+  0000              FAT16_BAD = 0FFF7h
240+  0000              FAT12_EOC = 00FFFh  ; последний кластер файла
241+  0000              FAT16_EOC = 0FFFFh
242+  0000              FAT12_RES = 00FFFh  ; зарезервированный кластер
243+  0000              FAT16_RES = 0FFFFh
244+  0000
245+  0000              ;-----------------------------------------------------------------------
246+  0000              ; Десткриптор файла (одна запись в каталоге) FAT12/16/32
247+  0000              ;-----------------------------------------------------------------------
248+  0000
249+  0000                  STRUCT FILE_DESCRIPTOR  ; 32 байта
250+  0000 ~            name            BLOCK   FILE_NAME_LENGTH    ; смещение 00h, 8 байт  - имя файла
251+  0000 ~            ext             BLOCK   3                   ; смещение 08h, 3 байта - расширение имени файла
252+  0000 ~            attrib          BLOCK   1                   ; смещение 0Bh, 1 байт  - атрибуты файла
253+  0000 ~            ntReserved      BLOCK   1                   ; смещение 0Ch, 1 байт  - используются в Windows NT
254+  0000 ~            createTimeTenth BLOCK   1                   ; смещение 0Dh, 1 байт  - (только FAT32) время создания файла, десятки миллисекунд (0-199)
255+  0000 ~            createTime      BLOCK   2                   ; смещение 0Eh, 2 байта - (только FAT32) время создания файла, секунды*2 (0-43200)
256+  0000 ~            createDate      BLOCK   2                   ; смещение 10h, 2 байта - (только FAT32) дата  создания файла
257+  0000 ~            loadAddress     BLOCK   2  ; accDate        ; смещение 12h, 2 байта - начальный адрес загрузки в ОЗУ, он же и стартовый (!!! временный костыль, в FAT32 это accDate - дата доступа к файлу !!!)
258+  0000 ~            firstClusterHi  BLOCK   2                   ; смещение 14h, 2 байта - номер первого кластера в FAT, старшее слово
259+  0000 ~            writeTime       BLOCK   2                   ; смещение 16h, 2 байта - время модификации файла, секунды*2 (0-43200)
260+  0000 ~            writeDate       BLOCK   2                   ; смещение 18h, 2 байта - дата  модификации файла
261+  0000 ~            firstCluster    BLOCK   2                   ; смещение 1Ah, 2 байта - номер первого кластера в FAT, младшее слово
262+  0000 ~            size            BLOCK   4                   ; смещение 1Ch, 4 байта - размер файла в байтах
263+  0000                  ENDS
264+  0000
265+  0000              ;-----------------------------------------------------------------------
266+  0000              ; Информация о файле (компактный вариант дескриптора)
267+  0000              ; Почти совместимо с дескриптором оригинального Коммандера
268+  0000              ;-----------------------------------------------------------------------
269+  0000
270+  0000              FILE_INFO_SIZE = 16     ; размер структуры (байт)
271+  0000
272+  0000                  STRUCT FILE_INFO    ; 16 байт
273+  0000 ~            name            BLOCK   FILE_NAME_LENGTH    ; смещение 00h, 8 байт  - имя файла
274+  0000 ~            ext             BLOCK   3                   ; смещение 08h, 3 байта - расширение имени файла
275+  0000 ~            attrib          BLOCK   1                   ; смещение 0Bh, 1 байт  - атрибуты файла
276+  0000 ~            loadAddress     BLOCK   2                   ; смещение 0Eh, 2 байта - начальный адрес загрузки в ОЗУ, он же и стартовый
277+  0000 ~            size            BLOCK   2                   ; смещение 0Ch, 2 байта - размер файла в байтах
278+  0000                  ENDS
279+  0000
280+  0000              ;-----------------------------------------------------------------------
281+  0000              ; Информация об активном накопителе (диске)
282+  0000              ;-----------------------------------------------------------------------
283+  0000
284+  0000                  STRUCT DISK_INFO
285+  0000 ~            sectorSize          BLOCK   2   ; размер сектора, байт (256, 512, 1024)
286+  0000 ~            sectorsPerCluster   BLOCK   2   ; размер кластера, секторов (1, 2, 4, 8)
287+  0000 ~            resSectors          BLOCK   2   ; сколько секторов занимает зарезервированная область = первый сектор таблицы fat
288+  0000 ~            fatSectors          BLOCK   2   ; сколько секторов занимает таблица fat
289+  0000 ~            dirSectors          BLOCK   2   ; сколько секторов занимает корневой каталог
290+  0000 ~            totalSectors        BLOCK   2   ; сколько всего секторов на диске
291+  0000 ~            rootDirMaxFiles     BLOCK   2   ; максимум файлов в корневом каталоге
292+  0000 ~            descrPerSector      BLOCK   2   ; сколько дескрипторов файлов вмещается в один сектор
293+  0000 ~            fatNumCells         BLOCK   2   ; количество ячеек в таблице fat (= fatSectors * sectorSize / 2)
294+  0000 ~            dirStartSector      BLOCK   2   ; первый сектор корневого каталога
295+  0000 ~            dataStartSector     BLOCK   2   ; первый сектор области данных
296+  0000 ~            volumeLabel         BLOCK  12   ; метка тома и 0 в конце
297+  0000 ~            isValid             BLOCK   1   ; 0 = нет драйвера, 1 = диск не распознан, 2 = диск распознан, корректно отформатирован
298+  0000                  ENDS
299+  0000
300+  0000              DISK_NO_DRIVER = 0
301+  0000              DISK_INVALID   = 1
302+  0000              DISK_VALID     = 2
303+  0000
304+  0000              ;-----------------------------------------------------------------------
305+  0000              ; Буферы в памяти
306+  0000              ;-----------------------------------------------------------------------
307+  0000
308+  0000              ; Дисковый кэш
309+  0000              FAT_CACHE_ADDR = 0FB00h ; адрес кэша секторов fat в памяти
310+  0000              FAT_CACHE_SIZE = 1024   ; размер кэша в байтах
311+  0000              FAT_CACHE_CAPACITY = FAT_CACHE_SIZE / SECTOR_SIZE   ; сколько секторов вмещается в кэш
312+  0000
313+  0000              ; Буфер для загрузки BAT файла
314+  0000                  IF NEW_MEMORY_MAP
315+  0000              BAT_BUFFER = 0E800h
316+  0000                  ELSE
317+  0000 ~            BAT_BUFFER = 0FC00h
318+  0000                  ENDIF
319+  0000
320+  0000              ; Командная строка и стек
321+  0000              CMD_LINE   = 0FF00h  ; 192 байта, но в конце стек
322+  0000              STACK_ADDR = 0FFC0h  ; стек
323+  0000
324+  0000              ;-----------------------------------------------------------------------
325+  0000              ; Всякие полезности
326+  0000              ;-----------------------------------------------------------------------
327+  0000
328+  0000              ; Макрос для заполнения памяти от текущего адреса до указанного
329+  0000                  MACRO ORG_PAD adr
330+  0000 ~                     IF $ > adr
331+  0000 ~                       ; вывод сообщения об ошибке
332+  0000 ~                       ASSERT 0
333+  0000 ~                       DISPLAY /l, "Error! ORG_PAD failed! ", $, " is more than ", adr
334+  0000 ~                     ELSE
335+  0000 ~                       ; заполнение памяти
336+  0000 ~                       BLOCK adr-$, 0FFh
337+  0000 ~                     ENDIF
338+  0000 ~                     ORG adr
339+  0000                  ENDM
340+  0000
341+  0000                  MACRO ORG_PAD0 adr
342+  0000 ~                     IF $ > adr
343+  0000 ~                       ; вывод сообщения об ошибке
344+  0000 ~                       ASSERT 0
345+  0000 ~                       DISPLAY /l, "Error! ORG_PAD0 failed! ", $, " is more than ", adr
346+  0000 ~                     ELSE
347+  0000 ~                       ; заполнение памяти
348+  0000 ~                       BLOCK adr-$, 0
349+  0000 ~                     ENDIF
350+  0000 ~                     ORG adr
351+  0000                  ENDM
352+  0000
353+  0000              ; Макросы для проверки текущего адреса
354+  0000                  MACRO ASSERT_EQUAL adr
355+  0000 ~                     IF $ != adr
356+  0000 ~                       ASSERT 0
357+  0000 ~                       DISPLAY /l, "Error! Entry point has been shifted (", $, " != ", adr, ")"
358+  0000 ~                     ENDIF
359+  0000                  ENDM
360+  0000
361+  0000                  MACRO ASSERT_DONT_FIT adr
362+  0000 ~                     IF $ > adr
363+  0000 ~                       ASSERT 0
364+  0000 ~                       DISPLAY /l, "Error! Image did not fit (", $, " > ", adr, ")"
365+  0000 ~                     ENDIF
366+  0000                  ENDM
367+  0000
368+  0000              ;-----------------------------------------------------------------------
369+  0000              ; Конец
370+  0000              ;-----------------------------------------------------------------------
371+  0000
 10   0000
 11   0000                  ORG     0C000h
 12   C000                  INCLUDE "jmps_c000.inc"
  1+  C000              ;+---------------------------------------------------------------------------
  2+  C000              ; MXOS
  3+  C000              ; Стандартные точки входа C000
  4+  C000              ;
  5+  C000              ; 2013-12-12 Дизассемблировано vinxru
  6+  C000              ;----------------------------------------------------------------------------
  7+  C000
  8+  C000 C3 09 C0                 jp    reboot        ; C000: Теплая перезагрузка
  9+  C003 C3 BA C1     j_keyScan:  jp    keyScan2      ; C003: Получить код нажатой клавиши
 10+  C006 C3 4E C3                 jp    drawCursor3   ; C006: Нарисовать/стереть курсор
 11+  C009 31 C0 FF     reboot:     ld    sp, STACK_ADDR; C009: Теплая перезагрузка
 12+  C00C C3 34 C5                 jp    reboot1
 13+  C00F
 13   C00F
 14   C00F                  ORG_PAD 0C010h
 14   C00F             >         IF $ > 0C010h
 14   C00F ~           >           ; вывод сообщения об ошибке
 14   C00F ~           >           ASSERT 0
 14   C00F ~           >           DISPLAY /l, "Error! ORG_PAD failed! ", $, " is more than ", adr
 14   C00F             >         ELSE
 14   C00F             >           ; заполнение памяти
 14   C00F FF          >           BLOCK 0C010h-$, 0FFh
 14   C010             >         ENDIF
 14   C010             >         ORG 0C010h
 15   C010                  INCLUDE "clearScreen.inc"
  1+  C010              ;+---------------------------------------------------------------------------
  2+  C010              ; MXOS
  3+  C010              ; Очистить экран
  4+  C010              ;
  5+  C010              ; На выходе
  6+  C010              ;  bc, de, hl - сохраняются
  7+  C010              ;
  8+  C010              ; 2013-12-12 Дизассемблировано vinxru
  9+  C010              ;----------------------------------------------------------------------------
 10+  C010
 11+  C010              clearScreen:
 12+  C010                          ; bc, hl - сохраняем. de - не используется
 13+  C010 E5                       push  hl
 14+  C011 C5                       push  bc
 15+  C012
 16+  C012                          ; Сохранение sp
 17+  C012 21 00 00                 ld    hl, 0
 18+  C015 39                       add   hl,sp
 19+  C016 22 F6 8F                 ld    (bios_vars.oldSP), hl
 20+  C019
 21+  C019                          ; Устанавливаем sp в конец видеопамяти
 22+  C019 31 00 C0                 ld    sp, 0C000h
 23+  C01C
 24+  C01C                          ; Байт (слово) для заполнения памяти
 25+  C01C 2A FA 8F                 ld    hl, (bios_vars.inverse)
 26+  C01F
 27+  C01F                          ; Помещаем в стек 3000h байт
 28+  C01F 01 00 03                 ld    bc, 3000h / 16
 29+  C022              clearScreen_0:
 30+  C022 E5                       push      hl
 31+  C023 E5                       push      hl
 32+  C024 E5                       push      hl
 33+  C025 E5                       push      hl
 34+  C026 E5                       push      hl
 35+  C027 E5                       push      hl
 36+  C028 E5                       push      hl
 37+  C029 E5                       push      hl
 38+  C02A 0B                       dec bc
 39+  C02B 78                       ld  a, b
 40+  C02C B1                       or  c
 41+  C02D C2 22 C0                 jp nz,  clearScreen_0
 42+  C030
 43+  C030                          ; Восстанавливаем sp
 44+  C030 2A F6 8F                 ld    hl, (bios_vars.oldSP)
 45+  C033 F9                       ld    sp, hl
 46+  C034
 47+  C034                          ; bc, hl были сохранены. de - не используется
 48+  C034 C1                       pop   bc
 49+  C035 E1                       pop   hl
 50+  C036 C9                       ret
 51+  C037
 16   C037
 17   C037                  ORG_PAD 0C037h
 17   C037             >         IF $ > 0C037h
 17   C037 ~           >           ; вывод сообщения об ошибке
 17   C037 ~           >           ASSERT 0
 17   C037 ~           >           DISPLAY /l, "Error! ORG_PAD failed! ", $, " is more than ", adr
 17   C037             >         ELSE
 17   C037             >           ; заполнение памяти
 17   C037             >           BLOCK 0C037h-$, 0FFh
 17   C037             >         ENDIF
 17   C037             >         ORG 0C037h
 18   C037                  INCLUDE "printChar.inc"
  1+  C037              ;+---------------------------------------------------------------------------
  2+  C037              ; MXOS
  3+  C037              ; Вывод символа на экран (или принтер)
  4+  C037              ;
  5+  C037              ; На входе
  6+  C037              ;  с - символ
  7+  C037              ;
  8+  C037              ; На выходе
  9+  C037              ;  Все регистры сохраняются
 10+  C037              ;
 11+  C037              ; 2013-12-12 Дизассемблировано vinxru
 12+  C037              ;----------------------------------------------------------------------------
 13+  C037
 14+  C037 F5           printChar:  push  af
 15+  C038 D5                       push  de
 16+  C039 C5                       push  bc
 17+  C03A E5                       push  hl
 18+  C03B CD E4 C5                 call  printChar2
 19+  C03E E1                       pop   hl
 20+  C03F C1                       pop   bc
 21+  C040 D1                       pop   de
 22+  C041 F1                       pop   af
 23+  C042 C9                       ret
 24+  C043
 19   C043
 20   C043                  ORG_PAD 0C045h
 20   C043             >         IF $ > 0C045h
 20   C043 ~           >           ; вывод сообщения об ошибке
 20   C043 ~           >           ASSERT 0
 20   C043 ~           >           DISPLAY /l, "Error! ORG_PAD failed! ", $, " is more than ", adr
 20   C043             >         ELSE
 20   C043             >           ; заполнение памяти
 20   C043 FF FF       >           BLOCK 0C045h-$, 0FFh
 20   C045             >         ENDIF
 20   C045             >         ORG 0C045h
 21   C045                  INCLUDE "printChar5.inc"
  1+  C045              ;+---------------------------------------------------------------------------
  2+  C045              ; MXOS
  3+  C045              ; Обработка служебных кодов при выводе символа (продолжение)
  4+  C045              ; Расчет адреса символа в знакогенераторе и адреса вывода на экран
  5+  C045              ;
  6+  C045              ; 2013-12-12 Дизассемблировано vinxru
  7+  C045              ;----------------------------------------------------------------------------
  8+  C045
  9+  C045              ; ---------------------------------------------------------------------------
 10+  C045              ; Обработка ESC+(. Включение KOI-7
 11+  C045
 12+  C045              printChar_e28:
 13+  C045 3E FF                    ld    a, 0FFh
 14+  C047 32 EA 8F                 ld    (bios_vars.koi7), a
 15+  C04A C9                       ret
 16+  C04B
 17+  C04B              ; ---------------------------------------------------------------------------
 18+  C04B              ; Обработка ESC+). Включение KOI-8
 19+  C04B
 20+  C04B              printChar_e29:
 21+  C04B AF                       xor   a
 22+  C04C 32 EA 8F                 ld    (bios_vars.koi7), a
 23+  C04F C9                       ret
 24+  C050
 25+  C050              ; ---------------------------------------------------------------------------
 26+  C050              ; Обработка кода 9. Табуляция
 27+  C050
 28+  C050              printChar_c9:
 29+  C050 3A FD 8F                 ld    a, (bios_vars.cursorX)
 30+  C053 C6 0C                    add   a, 12 ; 24
 31+  C055 32 FD 8F                 ld    (bios_vars.cursorX),a
 32+  C058 C9                       ret
 33+  C059
 34+  C059              ; ---------------------------------------------------------------------------
 35+  C059              ; Вывод символа С из знакогенартора по адресу hl*8 на экран в положение
 36+  C059              ; курсора. Курсор при этом перемещается
 37+  C059
 38+  C059              printChar_alt:
 39+  C059                          ; de = (hl+c) * 8
 40+  C059 06 00                    ld    b, 0
 41+  C05B 09                       add   hl, bc
 42+  C05C 29                       add   hl, hl
 43+  C05D 29                       add   hl, hl
 44+  C05E 29                       add   hl, hl
 45+  C05F EB                       ex    de, hl
 46+  C060
 47+  C060                          ; Продолжение в printChar_de
 48+  C060
 49+  C060              ; ---------------------------------------------------------------------------
 50+  C060              ; Вывод символа de на экран в положение курсора. Курсор при этом перемещается
 51+  C060              ; вправо.
 52+  C060
 53+  C060              printChar_de:
 54+  C060                          ; Рассчитываем адрес вывода (hl=v_cursorPos, a*256+l=адрес)
 55+  C060 CD 14 C3                 call  calcCursorAddr
 56+  C063
 57+  C063                          ; Перемещаем курсор вправо
 58+  C063 24                       inc   h
 59+  C064 24                       inc   h
 60+  C065 24                       inc   h
 61+  C066 22 FC 8F                 ld    (bios_vars.cursorY), hl
 62+  C069
 63+  C069                          ; Корректируем адрес вывода (bc = al - 7)
 64+  C069 47                       ld    b, a
 65+  C06A 7D                       ld    a, l
 66+  C06B D6 07                    sub   7
 67+  C06D 4F                       ld    c, a
 68+  C06E
 69+  C06E                          ; Продолжение в drawChar
 70+  C06E
 22   C06E                  INCLUDE "drawChar.inc"
  1+  C06E              ;+---------------------------------------------------------------------------
  2+  C06E              ; MXOS
  3+  C06E              ; Рисование символа на экране
  4+  C06E              ;
  5+  C06E              ; На входе
  6+  C06E              ;  bc - адрес символа
  7+  C06E              ;  de - адрес в видеопамяти
  8+  C06E              ;  h  - координата X в пикселях / 2
  9+  C06E              ;
 10+  C06E              ; 2013-12-12 Дизассемблировано vinxru
 11+  C06E              ;----------------------------------------------------------------------------
 12+  C06E
 13+  C06E                          ; Высота символа
 14+  C06E 2E 08                    ld    l, 8
 15+  C070
 16+  C070                          ; Переходим к одной из функций вывода
 17+  C070 7C                       ld    a, h
 18+  C071 E6 03                    and   3
 19+  C073 CA B5 C0                 jp z, drawChar0   ; a==0
 20+  C076 3D                       dec   a
 21+  C077 CA C5 C0                 jp z, drawChar1   ; a==1
 22+  C07A 3D                       dec   a
 23+  C07B CA 82 C0                 jp z, drawChar2   ; a==2
 24+  C07E 3D                       dec   a
 25+  C07F CA A3 C0                 jp z, drawChar3   ; a==3
 26+  C082                          ; Продолжение на drawChar2
 27+  C082
 28+  C082              ; ---------------------------------------------------------------------------
 29+  C082
 30+  C082 0A           drawChar2:  ld    a, (bc)
 31+  C083 E6 FC                    and   0FCh
 32+  C085 67                       ld    h, a
 33+  C086 1A                       ld    a, (de)
 34+  C087 0F                       rrca
 35+  C088 0F                       rrca
 36+  C089 0F                       rrca
 37+  C08A 0F                       rrca
 38+  C08B              drawChar2_cma:
 39+  C08B 2F                       cpl
 40+  C08C F5                       push  af
 41+  C08D E6 03                    and   3
 42+  C08F AC                       xor   h
 43+  C090 02                       ld    (bc), a
 44+  C091 04                       inc   b
 45+  C092 0A                       ld    a, (bc)
 46+  C093 E6 0F                    and   0Fh
 47+  C095 67                       ld    h, a
 48+  C096 F1                       pop   af
 49+  C097 E6 F0                    and   0F0h
 50+  C099 AC                       xor   h
 51+  C09A 02                       ld    (bc),a
 52+  C09B 05                       dec   b
 53+  C09C
 54+  C09C                          ; Цикл
 55+  C09C 03                       inc   bc
 56+  C09D 13                       inc   de
 57+  C09E 2D                       dec   l
 58+  C09F C2 82 C0                 jp nz,  drawChar2
 59+  C0A2 C9                       ret
 60+  C0A3
 61+  C0A3              ; ---------------------------------------------------------------------------
 62+  C0A3
 63+  C0A3 0A           drawChar3:  ld    a, (bc)
 64+  C0A4 E6 03                    and   3
 65+  C0A6 67                       ld    h, a
 66+  C0A7 1A                       ld    a, (de)
 67+  C0A8 07                       rlca
 68+  C0A9 07                       rlca
 69+  C0AA              drawChar3_xri:
 70+  C0AA EE FC                    xor   0FCh
 71+  C0AC AC                       xor   h
 72+  C0AD 02                       ld    (bc),a
 73+  C0AE
 74+  C0AE                          ; Цикл
 75+  C0AE 13                       inc   de
 76+  C0AF 03                       inc   bc
 77+  C0B0 2D                       dec   l
 78+  C0B1 C2 A3 C0                 jp nz,  drawChar3
 79+  C0B4 C9                       ret
 80+  C0B5
 81+  C0B5              ; ---------------------------------------------------------------------------
 82+  C0B5
 83+  C0B5 0A           drawChar0:  ld    a, (bc)
 84+  C0B6 E6 C0                    and   0C0h
 85+  C0B8 67                       ld    h, a
 86+  C0B9 1A                       ld    a, (de)
 87+  C0BA              drawChar0_xri:
 88+  C0BA EE 3F                    xor   3Fh
 89+  C0BC AC                       xor   h
 90+  C0BD 02                       ld    (bc),a
 91+  C0BE
 92+  C0BE                          ; Цикл
 93+  C0BE 13                       inc   de
 94+  C0BF 03                       inc   bc
 95+  C0C0 2D                       dec   l
 96+  C0C1 C2 B5 C0                 jp nz,  drawChar0
 97+  C0C4 C9                       ret
 98+  C0C5
 99+  C0C5              ; ---------------------------------------------------------------------------
100+  C0C5
101+  C0C5 0A           drawChar1:  ld    a, (bc)
102+  C0C6 E6 F0                    and   0F0h
103+  C0C8 67                       ld    h, a
104+  C0C9 1A                       ld    a, (de)
105+  C0CA 0F                       rrca
106+  C0CB 0F                       rrca
107+  C0CC              drawChar1_cma:
108+  C0CC 2F                       cpl
109+  C0CD E6 0F                    and   0Fh
110+  C0CF AC                       xor   h
111+  C0D0 02                       ld    (bc),a
112+  C0D1 04                       inc   b
113+  C0D2 0A                       ld    a, (bc)
114+  C0D3 E6 3F                    and   3Fh
115+  C0D5 67                       ld    h, a
116+  C0D6 1A                       ld    a, (de)
117+  C0D7 0F                       rrca
118+  C0D8 0F                       rrca
119+  C0D9              drawChar1_cma2:
120+  C0D9 2F                       cpl
121+  C0DA E6 C0                    and   0C0h
122+  C0DC AC                       xor   h
123+  C0DD 02                       ld    (bc),a
124+  C0DE 05                       dec   b
125+  C0DF
126+  C0DF                          ; Цикл
127+  C0DF 03                       inc   bc
128+  C0E0 13                       inc   de
129+  C0E1 2D                       dec   l
130+  C0E2 C2 C5 C0                 jp nz,  drawChar1
131+  C0E5 C9                       ret
132+  C0E6
133+  C0E6              ; ---------------------------------------------------------------------------
134+  C0E6              ; Вызывается из printChar_real2
135+  C0E6
136+  C0E6              normalVideo:
137+  C0E6                          ; Меняем CZ normalVideo на CNZ inverseVideo
138+  C0E6 21 02 C1                 ld    hl, inverseVideo
139+  C0E9 22 21 C6                 ld    (printChar_poly+1), hl
140+  C0EC 3E C4                    ld    a, 0C4h
141+  C0EE 32 20 C6                 ld    (printChar_poly),a
142+  C0F1
143+  C0F1                          ; Аргумент XRI
144+  C0F1 AF                       xor   a
145+  C0F2 32 BB C0                 ld    (drawChar0_xri+1),a
146+  C0F5 32 AB C0                 ld    (drawChar3_xri+1),a
147+  C0F8              normalVideo_1:
148+  C0F8                          ; Меняем CMA на NOP
149+  C0F8 32 8B C0                 ld    (drawChar2_cma),a
150+  C0FB 32 CC C0                 ld    (drawChar1_cma),a
151+  C0FE 32 D9 C0                 ld    (drawChar1_cma2),a
152+  C101 C9                       ret
153+  C102
154+  C102              ; ---------------------------------------------------------------------------
155+  C102              ; Вызывается из printChar_real2
156+  C102
157+  C102              inverseVideo:
158+  C102                          ; Меняем CNZ inverseVideo на CZ normalVideo
159+  C102 21 E6 C0                 ld    hl, normalVideo
160+  C105 22 21 C6                 ld    (printChar_poly+1), hl
161+  C108 3E CC                    ld    a, 0CCh
162+  C10A 32 20 C6                 ld    (printChar_poly),a
163+  C10D
164+  C10D                          ; Меняем аргумент XRI
165+  C10D 3E FC                    ld    a, 0FCh
166+  C10F 32 AB C0                 ld    (drawChar3_xri+1),a
167+  C112 3E 3F                    ld    a, 3Fh
168+  C114 32 BB C0                 ld    (drawChar0_xri+1),a
169+  C117
170+  C117                          ; Меняем NOP на CMA
171+  C117 3E 2F                    ld    a, 2Fh
172+  C119 C3 F8 C0                 jp    normalVideo_1
173+  C11C
 23   C11C                  INCLUDE "printChar3.inc"
  1+  C11C              ;+---------------------------------------------------------------------------
  2+  C11C              ; MXOS
  3+  C11C              ; Обработка служебных кодов при выводе символа
  4+  C11C              ;
  5+  C11C              ; На входе
  6+  C11C              ;  a - символ
  7+  C11C              ;
  8+  C11C              ; 2013-12-12 Дизассемблировано vinxru
  9+  C11C              ;----------------------------------------------------------------------------
 10+  C11C
 11+  C11C              printChar3: ; Код 7
 12+  C11C D6 07                    sub   7
 13+  C11E CA 70 C1                 jp z, beep
 14+  C121                          ; Код 8
 15+  C121 3D                       dec   a
 16+  C122 CA 4E C1                 jp z, printChar_c08
 17+  C125                          ; Код 10
 18+  C125 D6 02                    sub   2
 19+  C127 CA 96 C1                 jp z, printChar_c0A
 20+  C12A                          ; Код 12
 21+  C12A D6 02                    sub   2
 22+  C12C CA 46 C1                 jp z, printChar_c0C
 23+  C12F                          ; Код 13
 24+  C12F 3D                       dec   a
 25+  C130 CA 48 C1                 jp z, printChar_c0D
 26+  C133                          ; Код 24
 27+  C133 D6 0B                    sub   11
 28+  C135 CA 64 C1                 jp z, printChar_c18
 29+  C138                          ; Код 25
 30+  C138 3D                       dec   a
 31+  C139 CA 59 C1                 jp z, printChar_c19
 32+  C13C                          ; Код 26
 33+  C13C 3D                       dec   a
 34+  C13D CA 98 C1                 jp z, printChar_c1A
 35+  C140                          ; Продолжение, если код 1Fh (31)
 36+  C140 D6 05                    sub   5
 37+  C142 C0                       ret nz
 38+  C143                          ; Код  1Fh (31) очищает экран
 39+  C143 CD 10 C0                 call  clearScreen
 40+  C146
 41+  C146                          ; Продолжение в printChar_c0C
 42+  C146
 43+  C146              ; ---------------------------------------------------------------------------
 44+  C146              ; Обработка кода 0Ch. Курсор в левый верхний угол экрана
 45+  C146
 46+  C146              printChar_c0C:
 47+  C146                          ; bios_vars.cursorY = 8
 48+  C146 2E 08                    ld    l, 8
 49+  C148
 50+  C148                          ; Продолжение в printChar_c0D
 51+  C148
 52+  C148              ; ---------------------------------------------------------------------------
 53+  C148              ; Обработка кода 0Dh. Курсор в начало строки
 54+  C148
 55+  C148              printChar_c0D:
 56+  C148                          ; bios_vars.cursorX = 0
 57+  C148 AF                       xor   a
 58+  C149              saveVCursorHA:
 59+  C149 67                       ld    h, a
 60+  C14A              saveVCursor:
 61+  C14A 22 FC 8F                 ld    (bios_vars.cursorY), hl
 62+  C14D C9                       ret
 63+  C14E
 64+  C14E              ; ---------------------------------------------------------------------------
 65+  C14E              ; Обработка кода 8h. Влево
 66+  C14E
 67+  C14E              printChar_c08:    ; cursorX -= 3
 68+  C14E 7C                       ld    a, h
 69+  C14F D6 03                    sub   3
 70+  C151
 71+  C151                          ; Если нет переноса, сохранить положение курсора и выйти
 72+  C151 D2 49 C1                 jp nc,  saveVCursorHA
 73+  C154
 74+  C154                          ; cursorX = 189
 75+  C154 26 BD                    ld    h, 189
 76+  C156 22 FC 8F                 ld    (bios_vars.cursorY), hl
 77+  C159
 78+  C159                          ; Продолжение в printChar_c19
 79+  C159
 80+  C159              ; ---------------------------------------------------------------------------
 81+  C159              ; Обработка кода 19h. Вверх
 82+  C159
 83+  C159              printChar_c19:    ; Если cursorY < 18, то выйти. Иначе cursorY -= 10
 84+  C159 7D                       ld    a, l
 85+  C15A D6 0A                    sub   0Ah
 86+  C15C D8                       ret c
 87+  C15D FE 08                    cp    8
 88+  C15F D8                       ret c
 89+  C160
 90+  C160              saveVCursorLA:    ; Сохранить положение курсора и выйти
 91+  C160 6F                       ld    l, a
 92+  C161 C3 4A C1                 jp    saveVCursor
 93+  C164
 94+  C164              ; ---------------------------------------------------------------------------
 95+  C164              ; Обработка кода 18h. Вправо
 96+  C164
 97+  C164              printChar_c18:    ; Если cursorX+3 >= 192, то перейти на printChar_c0A
 98+  C164                          ; Иначе cursorX += 3
 99+  C164 7C                       ld    a, h
100+  C165 C6 03                    add   a,3
101+  C167 FE C0                    cp    0C0h
102+  C169 DA 49 C1                 jp c, saveVCursorHA
103+  C16C C3 96 C1                 jp    printChar_c0A
104+  C16F
 24   C16F
 25   C16F                  ORG_PAD 0C170h
 25   C16F             >         IF $ > 0C170h
 25   C16F ~           >           ; вывод сообщения об ошибке
 25   C16F ~           >           ASSERT 0
 25   C16F ~           >           DISPLAY /l, "Error! ORG_PAD failed! ", $, " is more than ", adr
 25   C16F             >         ELSE
 25   C16F             >           ; заполнение памяти
 25   C16F FF          >           BLOCK 0C170h-$, 0FFh
 25   C170             >         ENDIF
 25   C170             >         ORG 0C170h
 26   C170                  INCLUDE "beep.inc"
  1+  C170              ;+---------------------------------------------------------------------------
  2+  C170              ; MXOS
  3+  C170              ; Звуковой сигнал (вызывается при выводе кода 7)
  4+  C170              ;
  5+  C170              ; Все регистры сохраняются
  6+  C170              ;
  7+  C170              ; 2013-12-12 Дизассемблировано vinxru
  8+  C170              ;----------------------------------------------------------------------------
  9+  C170
 10+  C170              beep:       ; Сохраняем все регистры. de не используется ниже
 11+  C170 F5                       push  af
 12+  C171 C5                       push  bc
 13+  C172 E5                       push  hl
 14+  C173
 15+  C173                          ; Частота и длительность сигнала
 16+  C173 2A F1 8F                 ld    hl, (bios_vars.beepFreq)
 17+  C176
 18+  C176              beep_0:     ; Единицу на динамик
 19+  C176 3E 0B                    ld    a, 0Bh
 20+  C178 32 E3 FF                 ld    (IO_KEYB_MODE),a
 21+  C17B
 22+  C17B                          ; Задержка l тактов
 23+  C17B CD 8F C1                 call  delay_l
 24+  C17E
 25+  C17E                          ; Ноль на динамик
 26+  C17E 3E 0A                    ld    a, 0Ah
 27+  C180 32 E3 FF                 ld    (IO_KEYB_MODE),a
 28+  C183
 29+  C183                          ; Задержка l тактов
 30+  C183 CD 8F C1                 call  delay_l
 31+  C186
 32+  C186                          ; Повторяем h раз
 33+  C186 25                       dec   h
 34+  C187 C2 76 C1                 jp nz,  beep_0
 35+  C18A
 36+  C18A                          ; Ничего не делаем
 37+  C18A 00                       nop
 38+  C18B
 39+  C18B                          ; Восстаналиваем все регистры и выходим. de не используется
 40+  C18B E1                       pop   hl
 41+  C18C C1                       pop   bc
 42+  C18D F1                       pop   af
 43+  C18E C9                       ret
 44+  C18F
 27   C18F
 28   C18F                  ORG_PAD 0C18Fh
 28   C18F             >         IF $ > 0C18Fh
 28   C18F ~           >           ; вывод сообщения об ошибке
 28   C18F ~           >           ASSERT 0
 28   C18F ~           >           DISPLAY /l, "Error! ORG_PAD failed! ", $, " is more than ", adr
 28   C18F             >         ELSE
 28   C18F             >           ; заполнение памяти
 28   C18F             >           BLOCK 0C18Fh-$, 0FFh
 28   C18F             >         ENDIF
 28   C18F             >         ORG 0C18Fh
 29   C18F                  INCLUDE "delay_l.inc"
  1+  C18F              ;+---------------------------------------------------------------------------
  2+  C18F              ; MXOS
  3+  C18F              ; Задержка
  4+  C18F              ;
  5+  C18F              ; На входе
  6+  C18F              ;  l - задержка
  7+  C18F              ;
  8+  C18F              ; На выходе
  9+  C18F              ;  b - 0
 10+  C18F              ;
 11+  C18F              ; 2013-12-12 Дизассемблировано vinxru
 12+  C18F              ;----------------------------------------------------------------------------
 13+  C18F
 14+  C18F 45           delay_l:    ld      b, l
 15+  C190 05           delay_b:    dec     b       ; адрес этой инструкци должен быть 0C190h
 16+  C191 C2 90 C1                 jp nz,  delay_b
 17+  C194 C9                       ret
 18+  C195
 30   C195
 31   C195                  ORG_PAD 0C196h
 31   C195             >         IF $ > 0C196h
 31   C195 ~           >           ; вывод сообщения об ошибке
 31   C195 ~           >           ASSERT 0
 31   C195 ~           >           DISPLAY /l, "Error! ORG_PAD failed! ", $, " is more than ", adr
 31   C195             >         ELSE
 31   C195             >           ; заполнение памяти
 31   C195 FF          >           BLOCK 0C196h-$, 0FFh
 31   C196             >         ENDIF
 31   C196             >         ORG 0C196h
 32   C196                  INCLUDE "printChar4.inc"
  1+  C196              ;+---------------------------------------------------------------------------
  2+  C196              ; MXOS
  3+  C196              ; Обработка служебных кодов при выводе символа (продолжение)
  4+  C196              ;
  5+  C196              ; 2013-12-12 Дизассемблировано vinxru
  6+  C196              ;----------------------------------------------------------------------------
  7+  C196
  8+  C196              ; ---------------------------------------------------------------------------
  9+  C196              ; Обработка кода 0Ah. Перевод строки
 10+  C196
 11+  C196              printChar_c0A:    ; cursorX = 0
 12+  C196 26 00                    ld    h, 0
 13+  C198
 14+  C198                          ; Продолжение в printChar_c1A
 15+  C198
 16+  C198              ; ---------------------------------------------------------------------------
 17+  C198              ; Обработка кода 1Ah. Вниз
 18+  C198
 19+  C198              printChar_c1A:    ; Если cursorY < 246, то cursorY += 10 и выход
 20+  C198 7D                       ld    a, l
 21+  C199 C6 0A                    add   a,10
 22+  C19B D2 60 C1                 jp nc,  saveVCursorLA
 23+  C19E
 24+  C19E                          ; Сохраняем положение курсора (изменен только cursorX)
 25+  C19E 22 FC 8F                 ld    (bios_vars.cursorY), hl
 26+  C1A1
 27+  C1A1                          ; Далее прокрутка экрана вверх
 28+  C1A1
 33   C1A1                  INCLUDE "scrollUp.inc"
  1+  C1A1              ;+---------------------------------------------------------------------------
  2+  C1A1              ; MXOS
  3+  C1A1              ; Прокрутка экрана вверх
  4+  C1A1              ;
  5+  C1A1              ; На выходе
  6+  C1A1              ;   af, bc - сохраняются
  7+  C1A1              ;
  8+  C1A1              ; 2013-12-12 Дизассемблировано vinxru
  9+  C1A1              ;----------------------------------------------------------------------------
 10+  C1A1
 11+  C1A1                          ; Сохраняем регистры
 12+  C1A1 C5                       push  bc
 13+  C1A2 F5                       push  af
 14+  C1A3
 15+  C1A3                          ; Сохраняем sp
 16+  C1A3 21 00 00                 ld    hl, 0
 17+  C1A6 39                       add   hl,sp
 18+  C1A7 22 F6 8F                 ld    (bios_vars.oldSP), hl
 19+  C1AA
 20+  C1AA                          ; Прокрутка экрана вверх
 21+  C1AA 31 0A 90                 ld    sp, 900Ah   ; Откуда
 22+  C1AD 26 90                    ld    h, 90h      ; Куда
 23+  C1AF 06 30                    ld    b, 48       ; Столбцов
 24+  C1B1 C3 99 C7                 jp    scrollUp2
 25+  C1B4
 34   C1B4                  INCLUDE "keyScan.inc"
  1+  C1B4              ;+---------------------------------------------------------------------------
  2+  C1B4              ; MXOS
  3+  C1B4              ; Получить код нажатой клавиши
  4+  C1B4              ;
  5+  C1B4              ; На выходе
  6+  C1B4              ;  a - код
  7+  C1B4              ;
  8+  C1B4              ; 2013-12-12 Дизассемблировано vinxru
  9+  C1B4              ;----------------------------------------------------------------------------
 10+  C1B4
 11+  C1B4              setKeybMode83:
 12+  C1B4 3E 83                    ld      a, 83h
 13+  C1B6 32 E3 FF                 ld      (IO_KEYB_MODE),a
 14+  C1B9 C9                       ret
 15+  C1BA
 16+  C1BA              ; ---------------------------------------------------------------------------
 17+  C1BA
 18+  C1BA              keyScan2:   ; Режим чтения ряда
 19+  C1BA CD 43 C2                 call    setKeybMode82
 20+  C1BD
 21+  C1BD                          ; Одним чтением првоеряем все клавиши
 22+  C1BD 3A E1 FF                 ld      a, (IO_KEYB_B)
 23+  C1C0
 24+  C1C0                          ; Эти биты не используются в сканировании
 25+  C1C0 F6 03                    or      3
 26+  C1C2
 27+  C1C2                          ; Ни одна клавиша не нажата
 28+  C1C2 FE FF                    cp      0FFh
 29+  C1C4 C8                       ret z
 30+  C1C5
 31+  C1C5                          ; Сохраняем регистры
 32+  C1C5 E5                       push    hl
 33+  C1C6 C5                       push    bc
 34+  C1C7 D5                       push    de
 35+  C1C8
 36+  C1C8                          ; Перебираем 12 столбцов кнопок
 37+  C1C8 21 FE 0F                 ld      hl, 0FFEh
 38+  C1CB 11 A7 C4                 ld      de, v_keybTbl + 11
 39+  C1CE 06 FF                    ld      b, 0FFh
 40+  C1D0 7C           loc_C1DD:   ld      a, h
 41+  C1D1 32 E2 FF                 ld      (IO_KEYB_C),a
 42+  C1D4 7D                       ld      a, l
 43+  C1D5 32 E0 FF                 ld      (IO_KEYB_A),a
 44+  C1D8 0F                       rrca
 45+  C1D9 2F                       cpl
 46+  C1DA E6 04                    and     4
 47+  C1DC 4F                       ld      c, a
 48+  C1DD 3A E1 FF                 ld      a, (IO_KEYB_B)
 49+  C1E0 B1                       or      c
 50+  C1E1
 51+  C1E1                          ; Перебираем 6 кнопок в столбце
 52+  C1E1 0E 06                    ld      c, 6
 53+  C1E3 0F                       rrca
 54+  C1E4 0F                       rrca
 55+  C1E5 0F           loc_C1F2:   rrca
 56+  C1E6 D4 FF C1                 call    nc,    keybScan3
 57+  C1E9 0D                       dec     c
 58+  C1EA C2 E5 C1                 jp nz,  loc_C1F2
 59+  C1ED
 60+  C1ED                          ; Цикл
 61+  C1ED 1B                       dec     de
 62+  C1EE 29                       add     hl, hl
 63+  C1EF 23                       inc     hl
 64+  C1F0 7C                       ld      a, h
 65+  C1F1 C6 F0                    add     0F0h
 66+  C1F3 67                       ld      h, a
 67+  C1F4 DA D0 C1                 jp c,   loc_C1DD
 68+  C1F7
 69+  C1F7                          ; Режим ВВ55 по уполчанию
 70+  C1F7 CD 43 C2                 call    setKeybMode82
 71+  C1FA
 72+  C1FA                          ; Результат
 73+  C1FA 78                       ld      a, b
 74+  C1FB
 75+  C1FB                          ; Восстаналвиаем регистры
 76+  C1FB D1                       pop     de
 77+  C1FC C1                       pop     bc
 78+  C1FD E1                       pop     hl
 79+  C1FE C9                       ret
 80+  C1FF
 81+  C1FF              ;----------------------------------------------------------------------------
 82+  C1FF
 83+  C1FF D5           keybScan3:  push    de
 84+  C200 F5                       push    af
 85+  C201 3E 06                    ld      a, 6    ; e += (6 - c) * 16
 86+  C203 91                       sub     c
 87+  C204 87                       add     a, a
 88+  C205 87                       add     a, a
 89+  C206 87                       add     a, a
 90+  C207 87                       add     a, a
 91+  C208 83                       add     a, e
 92+  C209 5F                       ld      e, a
 93+  C20A 1A                       ld      a, (de) ; b = *de;
 94+  C20B 47                       ld      b, a
 95+  C20C F1                       pop     af
 96+  C20D D1                       pop     de
 97+  C20E C9                       ret
 98+  C20F
 35   C20F                  INCLUDE "getch2.inc"
  1+  C20F              ;----------------------------------------------------------------------------
  2+  C20F              ; MXOS
  3+  C20F              ; Ожидание ввода с клавиатуры
  4+  C20F              ;
  5+  C20F              ; На выходе
  6+  C20F              ;  ? - код
  7+  C20F              ;
  8+  C20F              ; 2013-12-12 Дизассемблировано vinxru
  9+  C20F              ;----------------------------------------------------------------------------
 10+  C20F
 11+  C20F              getch2:     ; Сохраняем регистры
 12+  C20F E5                       push    hl
 13+  C210 C5                       push    bc
 14+  C211 D5                       push    de
 15+  C212
 16+  C212                          ; Получаем код нажатой клавиши и сохраняем его в bios_vars.lastKey
 17+  C212 CD BA C1                 call    keyScan2
 18+  C215 32 F0 8F                 ld      (bios_vars.lastKey),a
 19+  C218
 20+  C218              getch_retry:
 21+  C218                          ; Тут будет признак, нарисован курсор или нет
 22+  C218 0E 01                    ld      c, 1
 23+  C21A
 24+  C21A              loc_C227:   ; Рисуем курсор
 25+  C21A CD 4D C3                 call    drawCursor2
 26+  C21D
 27+  C21D                          ; Задержка
 28+  C21D 3A F4 8F                 ld      a, (bios_vars.cursorDelay)
 29+  C220 06 40        loc_C22D:   ld      b, 40h
 30+  C222 CD 90 C1                 call    delay_b
 31+  C225 3D                       dec     a
 32+  C226 C2 20 C2                 jp nz,  loc_C22D
 33+  C229
 34+  C229              loc_C236:   ; Рисуем/стираем курсор
 35+  C229 CD 48 C3                 call    drawCursor
 36+  C22C
 37+  C22C                          ; Задержка мерцания курсора
 38+  C22C 11 00 05                 ld      de, 500h
 39+  C22F
 40+  C22F              loc_C23C:   ; Получаем код нажатой клавиши
 41+  C22F CD BA C1                 call    keyScan2
 42+  C232                          ;cp      80h         ; х.з.
 43+  C232 FE FF                    cp      0FFh
 44+  C234 C2 4F C2                 jp nz,  getch2_pressed
 45+  C237
 46+  C237                          ; Записываем bios_vars.lastKey=0FFh
 47+  C237 32 F0 8F                 ld      (bios_vars.lastKey),a
 48+  C23A
 49+  C23A                          ; Повторяем 500h раз
 50+  C23A 1B                       dec     de
 51+  C23B 7A                       ld      a, d
 52+  C23C B3                       or      e
 53+  C23D C2 2F C2                 jp nz,  loc_C23C
 54+  C240
 55+  C240                          ; Повтор всего
 56+  C240 C3 29 C2                 jp      loc_C236
 57+  C243
 58+  C243              ; ---------------------------------------------------------------------------
 59+  C243
 60+  C243              ;    DB 0FFh, 0FFh
 61+  C243
 62+  C243              ; ---------------------------------------------------------------------------
 63+  C243
 64+  C243              setKeybMode82:
 65+  C243 3E 82                    ld      a, 82h
 66+  C245 32 E3 FF                 ld      (IO_KEYB_MODE),a
 67+  C248 C9                       ret
 68+  C249
 69+  C249              ; ---------------------------------------------------------------------------
 70+  C249
 71+  C249              setKeybMode91:
 72+  C249 3E 91                    ld      a, 91h
 73+  C24B 32 E3 FF                 ld      (IO_KEYB_MODE),a
 74+  C24E C9                       ret
 75+  C24F
 76+  C24F              ; ---------------------------------------------------------------------------
 77+  C24F              ; Была нажата клавиша
 78+  C24F
 79+  C24F              getch2_pressed:
 80+  C24F                          ; Сохраняем код
 81+  C24F 47                       ld      b, a
 82+  C250
 83+  C250                          ; Если нарисован курсор, стираем его
 84+  C250 79                       ld      a, c
 85+  C251 0F                       rrca
 86+  C252 DA 58 C2                 jp c,   loc_C269
 87+  C255 CD 4D C3                 call    drawCursor2
 88+  C258              loc_C269:
 89+  C258 2A EF 8F                 ld      hl, (bios_vars.lastLastKey)   ; h = bios_vars.lastKey, l = bios_vars.lastLastKey
 90+  C25B 78                       ld      a, b        ; a = b = код нажатой клавиши
 91+  C25C BC                       cp      h
 92+  C25D C2 7C C2                 jp nz,    loc_C28D    ; Код нажатой клавиши изменился
 93+  C260 BD                       cp      l
 94+  C261 CA 84 C2                 jp z,   loc_C295
 95+  C264
 96+  C264                          ; Рисуем курсор
 97+  C264 CD 48 C3                 call    drawCursor
 98+  C267
 99+  C267                          ; Ждем, пока отпустят клавишу
100+  C267 3A F5 8F                 ld      a, (bios_vars.antiBsDelay)
101+  C26A 57                       ld      d, a
102+  C26B CD BA C1     loc_C27C:   call    keyScan2
103+  C26E BC                       cp      h
104+  C26F C2 1A C2                 jp nz,  loc_C227    ; Быстро нажали другую клавишу
105+  C272 15                       dec     d
106+  C273 C2 6B C2                 jp nz,  loc_C27C
107+  C276
108+  C276                          ; Долго держали
109+  C276
110+  C276                          ; Стираем курсор
111+  C276 CD 48 C3                 call    drawCursor
112+  C279
113+  C279 C3 7F C2                 jp      loc_C290
114+  C27C              ; ---------------------------------------------------------------------------
115+  C27C
116+  C27C              loc_C28D:   ; Звуковой сигнал
117+  C27C CD 70 C1                 call    beep
118+  C27F
119+  C27F 6C           loc_C290:   ld      l, h
120+  C280 60                       ld      h, b  ; код нажатой и предыдущей клавиши сохраняем в bios_vars.lastKey
121+  C281 22 EF 8F                 ld      (bios_vars.lastLastKey), hl
122+  C284
123+  C284              loc_C295:   ; Не служебные клавиши CAPS LOCK, SHIFT и РУС/LAT не влияют
124+  C284 78                       ld      a, b
125+  C285 FE 21                    cp      21h
126+  C287 DA FC C2                 jp c,   getch_noShift
127+  C28A                          ; На клавиши c кодами 21h-3Fh влияет SHIFT
128+  C28A FE 40                    cp      40h
129+  C28C DA EA C2                 jp c,   getch_shift
130+  C28F                          ; На символьные клавиши (40h-7Eh) влияют CAPS LOCK, SHIFT и РУС/LAT
131+  C28F FE 7F                    cp      7Fh
132+  C291 DA CA C2                 jp c,   getch_chars
133+  C294                          ; Не служебные клавиши (7Fh+) CAPS LOCK, SHIFT и РУС/LAT не влияют
134+  C294 CA FC C2                 jp z,   getch_noShift
135+  C297
136+  C297                          ; ...
137+  C297                          ;nop
138+  C297                          ;nop
139+  C297
140+  C297                          ; Переходим, если код клавиши не 81h
141+  C297 FE 81                    cp      81h
142+  C299 C2 FC C2                 jp nz,  getch_noShift
143+  C29C
144+  C29C                          ; Код клавиши 81h
145+  C29C
146+  C29C                          ; Если шифт не нажат
147+  C29C 3A E1 FF                 ld      a, (IO_KEYB_B)
148+  C29F E6 02                    and     2
149+  C2A1 C2 85 C5                 jp nz,  getch3
150+  C2A4
151+  C2A4                          ; Код клавиши 81h с шифтом
152+  C2A4
153+  C2A4                          ; Звуковой сигнал
154+  C2A4 CD 70 C1                 call    beep
155+  C2A7
156+  C2A7                          ; CAPS LOCK для KOI-7 или РУС/LAT для KOI-8
157+  C2A7 C3 C7 C5                 jp      getch_rc
158+  C2AA
159+  C2AA              ; ---------------------------------------------------------------------------
160+  C2AA              ; Нажата комбинация Shift + РУС/LAT
161+  C2AA
162+  C2AA              getch_RusLat:
163+  C2AA                          ; на входе a = bios_vars.keyLocks
164+  C2AA EE 81                    xor     81h ; инверируем сарший и младший биты
165+  C2AC 32 EC 8F                 ld      (bios_vars.keyLocks), a
166+  C2AF
167+  C2AF                          ; Особый звуковой сигнал
168+  C2AF 3A F1 8F                 ld      a, (bios_vars.beepFreq)
169+  C2B2 F5                       push    af
170+  C2B3 3E 4F                    ld      a, 4Fh
171+  C2B5 32 F1 8F                 ld      (bios_vars.beepFreq), a
172+  C2B8 CD 70 C1                 call    beep
173+  C2BB 3E 5F                    ld      a, 5Fh
174+  C2BD 32 F1 8F                 ld      (bios_vars.beepFreq), a
175+  C2C0 CD 70 C1                 call    beep
176+  C2C3 F1                       pop     af
177+  C2C4 32 F1 8F                 ld      (bios_vars.beepFreq), a
178+  C2C7
179+  C2C7                          ; ...
180+  C2C7                          ;nop
181+  C2C7
182+  C2C7 C3 18 C2                 jp      getch_retry
183+  C2CA
184+  C2CA              ; ---------------------------------------------------------------------------
185+  C2CA              ; Включаем кирилицу или строчные буквы
186+  C2CA
187+  C2CA              getch_chars:
188+  C2CA                          ; Если не нажат CAPS LOCK, пропускаем код ниже
189+  C2CA 3A EC 8F                 ld      a, (bios_vars.keyLocks)
190+  C2CD 4F                       ld      c, a
191+  C2CE A7                       and     a
192+  C2CF FA D6 C2                 jp M,   loc_C2EA    ; CAPS LOCK
193+  C2D2
194+  C2D2                          ; Превращаем заглавные в строчные
195+  C2D2 78                       ld      a, b
196+  C2D3 EE 20                    xor     20h
197+  C2D5 47                       ld      b, a
198+  C2D6
199+  C2D6              loc_C2EA:   ; Если зафиксирвоан ли РУС/ЛАТ, помещаем в c=1
200+  C2D6 79                       ld      a, c
201+  C2D7 E6 01                    and     1
202+  C2D9 4F                       ld      c, a
203+  C2DA
204+  C2DA                          ; Если шифт нажат, помещаем в a=0
205+  C2DA 3A E1 FF                 ld      a, (IO_KEYB_B)
206+  C2DD E6 02                    and     2
207+  C2DF 0F                       rrca    ; ! Как на счет флага c ?
208+  C2E0
209+  C2E0                          ; Превращаем английские символы в русские если a^c==0
210+  C2E0 A9                       xor     c
211+  C2E1 78                       ld      a, b
212+  C2E2 C2 D4 C5                 jp nz,  loc_C5A8
213+  C2E5 C6 80                    add     80h
214+  C2E7 C3 D4 C5                 jp      loc_C5A8
215+  C2EA
216+  C2EA              ; ---------------------------------------------------------------------------
217+  C2EA              ; Меняем цифры на символы
218+  C2EA
219+  C2EA              getch_shift:
220+  C2EA                          ; Если не нажат шифт, пропускаем код ниже
221+  C2EA 3A E1 FF                 ld      a, (IO_KEYB_B)
222+  C2ED E6 02                    and     2
223+  C2EF 78                       ld      a, b
224+  C2F0 C2 D4 C5                 jp nz,  loc_C5A8
225+  C2F3
226+  C2F3                          ; Меняем цифры на символы
227+  C2F3 EE 10                    xor     10h
228+  C2F5
229+  C2F5                          ; Одно исключение 30h должен меняться на 5Fh
230+  C2F5 FE 20                    cp      20h
231+  C2F7 C2 FC C2                 jp nz,  getch_noShift
232+  C2FA 3E 5F                    ld      a, 5Fh
233+  C2FC
234+  C2FC                          ; Прододжение getch_noShift
235+  C2FC
236+  C2FC              ; ---------------------------------------------------------------------------
237+  C2FC              ; Символы без изменений
238+  C2FC
239+  C2FC              getch_noShift:
240+  C2FC                          ; Сохраняем код нажатой клавиши в b
241+  C2FC 47                       ld      b, a
242+  C2FD
243+  C2FD CD B4 C1     loc_C311:   call    setKeybMode83
244+  C300 3E F7                    ld      a, 0F7h
245+  C302 32 E0 FF                 ld      (IO_KEYB_A),a
246+  C305 3A E1 FF                 ld      a, (IO_KEYB_B)
247+  C308 2F                       cpl
248+  C309 0F                       rrca
249+  C30A 0F                       rrca
250+  C30B 0F                       rrca
251+  C30C CD 43 C2                 call    setKeybMode82
252+  C30F
253+  C30F                          ;nop
254+  C30F
255+  C30F                          ; Восстаналиваем код нажатой клавиши
256+  C30F 78                       ld      a, b
257+  C310
258+  C310              popa_ret_2: ; Восстаналиваем регистры и выходим
259+  C310 D1                       pop     de
260+  C311 C1                       pop     bc
261+  C312 E1                       pop     hl
262+  C313 C9                       ret
263+  C314
 36   C314                  INCLUDE "calcCursorAddr.inc"
  1+  C314              ;+---------------------------------------------------------------------------
  2+  C314              ; MXOS
  3+  C314              ; Расчет адреса курсора в видеопамяти. И перевод строки, если курсор был
  4+  C314              ; за правым краем экрана.
  5+  C314              ;
  6+  C314              ; На выходе
  7+  C314              ;  hl - координаты курсора
  8+  C314              ;  a * 256 + l - адрес в видеопамяти
  9+  C314              ;
 10+  C314              ; 2013-12-12 Дизассемблировано vinxru
 11+  C314              ;----------------------------------------------------------------------------
 12+  C314
 13+  C314              calcCursorAddr:   ; В hl положение курсора
 14+  C314 2A FC 8F                 ld    hl, (bios_vars.cursorY)
 15+  C317
 16+  C317                          ; Если cursorX >= 190, то перевод строки (вывод кода 10)
 17+  C317                          ; Иначе рассчитываем адрес старшего байта a = cursorX / 4 + 90h
 18+  C317 7C                       ld    a, h
 19+  C318 FE BE                    cp    190
 20+  C31A DA 41 C3                 jp c, calcCursorAd_1
 21+  C31D 0E 0A                    ld    c, 10
 22+  C31F C3 3A C3                 jp    calcCursorAd_0
 23+  C322
 37   C322
 38   C322                  ORG_PAD 0C337h
 38   C322             >         IF $ > 0C337h
 38   C322 ~           >           ; вывод сообщения об ошибке
 38   C322 ~           >           ASSERT 0
 38   C322 ~           >           DISPLAY /l, "Error! ORG_PAD failed! ", $, " is more than ", adr
 38   C322             >         ELSE
 38   C322             >           ; заполнение памяти
 38   C322 FF FF FF... >           BLOCK 0C337h-$, 0FFh
 38   C326             >         ENDIF
 38   C337             >         ORG 0C337h
 39   C337                  INCLUDE "getch.inc"
  1+  C337              ;----------------------------------------------------------------------------
  2+  C337              ; MXOS
  3+  C337              ; Ожидание ввода с клавиатуры
  4+  C337              ;
  5+  C337              ; На выходе
  6+  C337              ;  ? - код
  7+  C337              ;
  8+  C337              ; 2013-12-12 Дизассемблировано vinxru
  9+  C337              ;----------------------------------------------------------------------------
 10+  C337
 11+  C337 C3 0F C2     getch:            jp    getch2
 12+  C33A
 40   C33A                  INCLUDE "calcCursorAddr2.inc"
  1+  C33A              ;+---------------------------------------------------------------------------
  2+  C33A              ; MXOS
  3+  C33A              ; Расчет адреса курсора в видеопамяти (продолжение);
  4+  C33A              ;
  5+  C33A              ; 2013-12-12 Дизассемблировано vinxru
  6+  C33A              ;----------------------------------------------------------------------------
  7+  C33A
  8+  C33A              calcCursorAd_0:   ; Перевод строки (на входе c=10)
  9+  C33A CD 37 C0                 call  printChar
 10+  C33D
 11+  C33D                          ; Восстановление регистров после printChar (хотя он не портит регистры)
 12+  C33D 2A FC 8F                 ld    hl, (bios_vars.cursorY)
 13+  C340 7C                       ld    a, h
 14+  C341
 15+  C341              calcCursorAd_1:   ; Расчет старшего байта адреса
 16+  C341                          ; a = cursorX / 4 + 90h
 17+  C341 0F                       rrca
 18+  C342 0F                       rrca
 19+  C343 E6 3F                    and   3Fh
 20+  C345 C6 90                    add   a,90h
 21+  C347 C9                       ret
 22+  C348
 41   C348                  INCLUDE "drawCursor.inc"
  1+  C348              ;+---------------------------------------------------------------------------
  2+  C348              ; MXOS
  3+  C348              ; Рисование курсора на экране
  4+  C348              ;
  5+  C348              ; На выходе
  6+  C348              ;  bc, de, hl - сохраняются
  7+  C348              ;
  8+  C348              ; 2013-12-12 Дизассемблировано vinxru
  9+  C348              ;----------------------------------------------------------------------------
 10+  C348
 11+  C348              drawCursor: ; Если установлен 7-ой бит bios_vars.cursorCfg & 0x80, выходим
 12+  C348 3A E9 8F                 ld    a, (bios_vars.cursorCfg)
 13+  C34B A7                       and   a
 14+  C34C F8                       ret m
 15+  C34D
 16+  C34D              drawCursor2:      ; Курсор нарисован/стерт
 17+  C34D 0C                       inc   c
 18+  C34E
 19+  C34E              drawCursor3:      ; Сохраняем регистры
 20+  C34E E5                       push  hl
 21+  C34F C5                       push  bc
 22+  C350 D5                       push  de
 23+  C351
 24+  C351                          ; Рассчитываем адрес на экране
 25+  C351 CD 14 C3                 call  calcCursorAddr
 26+  C354 57                       ld    d, a
 27+  C355
 28+  C355                          ; Положение курсора от +2 до -5 (при битах 654 от 0 до 7)
 29+  C355                          ; b = bios_vars.cursorCfg
 30+  C355                          ; e = ~((bios_vars.cursorCfg / 16) % 8 - 3) + l
 31+  C355 3A E9 8F                 ld    a, (bios_vars.cursorCfg)
 32+  C358 47                       ld    b, a
 33+  C359 0F                       rrca
 34+  C35A 0F                       rrca
 35+  C35B 0F                       rrca
 36+  C35C 0F                       rrca
 37+  C35D E6 07                    and   7
 38+  C35F D6 03                    sub   3
 39+  C361 2F                       cpl
 40+  C362 85                       add   a, l
 41+  C363 5F                       ld    e, a
 42+  C364
 43+  C364                          ; Рассчитыаем маску курсора
 44+  C364                          ;  hl = 011111100b << (((~h) % 4 +1)*2)
 45+  C364 7C                       ld    a, h
 46+  C365 2F                       cpl
 47+  C366 E6 03                    and   3
 48+  C368 21 FC 00                 ld    hl, 011111100b ; FCh
 49+  C36B 3C                       inc   a
 50+  C36C 29           drawCursor_0:     add   hl, hl
 51+  C36D 29                       add   hl, hl
 52+  C36E C3 43 C4                 jp    drawCursor_1
 53+  C371
 42   C371
 43   C371                  ORG_PAD 0C377h
 43   C371             >         IF $ > 0C377h
 43   C371 ~           >           ; вывод сообщения об ошибке
 43   C371 ~           >           ASSERT 0
 43   C371 ~           >           DISPLAY /l, "Error! ORG_PAD failed! ", $, " is more than ", adr
 43   C371             >         ELSE
 43   C371             >           ; заполнение памяти
 43   C371 FF FF FF... >           BLOCK 0C377h-$, 0FFh
 43   C375             >         ENDIF
 43   C377             >         ORG 0C377h
 44   C377                  INCLUDE "tape.inc"
  1+  C377              ;----------------------------------------------------------------------------
  2+  C377              ; MXOS
  3+  C377              ; Таблица перехвата вызовов драйвера магнитофона
  4+  C377              ;
  5+  C377              ; Изначально все функции просто перезапускают систему.
  6+  C377              ; Адреса заменяются на реальные при установке драйвера.
  7+  C377              ;
  8+  C377              ; 2022-02-03 SpaceEngineer
  9+  C377              ;----------------------------------------------------------------------------
 10+  C377
 11+  C377 C3 00 C8     t_tapeRead:      jp bios_reboot
 12+  C37A C3 00 C8     t_tapeWrite:     jp bios_reboot
 13+  C37D C3 00 C8     t_tapeLoad:      jp bios_reboot
 14+  C380 C3 00 C8     t_tapeSave:      jp bios_reboot
 15+  C383 C3 00 C8     t_tapeLoadInt:   jp bios_reboot
 16+  C386 C3 00 C8     t_tapeReadError: jp bios_reboot
 17+  C389
 45   C389                  INCLUDE "cmp_hl_de_2.inc"
  1+  C389              ;+---------------------------------------------------------------------------
  2+  C389              ; MXOS
  3+  C389              ; Сравнить hl и de
  4+  C389              ;
  5+  C389              ; 2013-12-12 Дизассемблировано vinxru
  6+  C389              ;----------------------------------------------------------------------------
  7+  C389
  8+  C389              cmp_hl_de_2:
  9+  C389 7C                   ld    a, h
 10+  C38A BA                   cp    d
 11+  C38B D8                   ret   c
 12+  C38C C0                   ret   nz
 13+  C38D 7D                   ld    a, l
 14+  C38E BB                   cp    e
 15+  C38F C9                   ret
 16+  C390
 46   C390                  INCLUDE "sbb_de_hl_to_hl.inc"
  1+  C390              ;+---------------------------------------------------------------------------
  2+  C390              ; MXOS
  3+  C390              ; hl = de - hl
  4+  C390              ;
  5+  C390              ; 2013-12-12 Дизассемблировано vinxru
  6+  C390              ;----------------------------------------------------------------------------
  7+  C390
  8+  C390              sbb_de_hl_to_hl:
  9+  C390 7B                       ld    a, e
 10+  C391 95                       sub   l
 11+  C392 6F                       ld    l, a
 12+  C393 7A                       ld    a, d
 13+  C394 9C                       sbc   h
 14+  C395 67                       ld    h, a
 15+  C396 C9                       ret
 16+  C397
 47   C397                  INCLUDE "memmove_bc_hl.inc"
  1+  C397              ;+---------------------------------------------------------------------------
  2+  C397              ; MXOS
  3+  C397              ; Копирование накладывающихся блоков памяти (с ошибкой)
  4+  C397              ;
  5+  C397              ; На входе
  6+  C397              ;  hl - откуда
  7+  C397              ;  de - откуда, конечный адрес не включая
  8+  C397              ;  bc - куда, с увеличением адресов
  9+  C397              ;
 10+  C397              ; 2013-12-12 Дизассемблировано vinxru
 11+  C397              ;----------------------------------------------------------------------------
 12+  C397
 13+  C397              memmove_bc_hl:
 14+  C397                          ; Сохраняем регистры
 15+  C397 E5                       push    hl
 16+  C398 C5                       push    bc
 17+  C399 D5                       push    de
 18+  C39A
 19+  C39A                          ; Если b<h или c<l, то
 20+  C39A 78                       ld      a, b
 21+  C39B BC                       cp      h
 22+  C39C DA B9 C3                 jp c,   memcpy_bc_hl2
 23+  C39F
 24+  C39F                          ; Тут не хватает jnz
 25+  C39F
 26+  C39F 79                       ld      a, c
 27+  C3A0 BD                       cp      l
 28+  C3A1 DA B9 C3                 jp c,   memcpy_bc_hl2
 29+  C3A4
 30+  C3A4                          ; bc = bc + de - hl
 31+  C3A4 E5                       push    hl
 32+  C3A5 CD 90 C3                 call    sbb_de_hl_to_hl
 33+  C3A8 09                       add     hl, bc
 34+  C3A9 44                       ld      b, h
 35+  C3AA 4D                       ld      c, l
 36+  C3AB E1                       pop     hl
 37+  C3AC
 38+  C3AC              memcpyb_bc_de:
 39+  C3AC                          ; Копируем из de в bc с уменьшением адресов, пока hl не равно de
 40+  C3AC 1A                       ld      a, (de)
 41+  C3AD 02                       ld      (bc), a
 42+  C3AE CD 89 C3                 call    cmp_hl_de_2
 43+  C3B1 1B                       dec     de
 44+  C3B2 0B                       dec     bc
 45+  C3B3 C2 AC C3                 jp nz,  memcpyb_bc_de
 46+  C3B6
 47+  C3B6                          ; Восстановление регистров и выход
 48+  C3B6 C3 C3 C3                 jp      popDBH_ret2
 49+  C3B9
 50+  C3B9              memcpy_bc_hl2:
 51+  C3B9                          ; Копируем из hl в bc с увеличением адресов, пока hl не равно de
 52+  C3B9 7E                       ld      a, (hl)
 53+  C3BA 02                       ld      (bc),a
 54+  C3BB CD 89 C3                 call    cmp_hl_de_2
 55+  C3BE 23                       inc     hl
 56+  C3BF 03                       inc     bc
 57+  C3C0 C2 B9 C3                 jp nz,  memcpy_bc_hl2
 58+  C3C3
 59+  C3C3              popDBH_ret2:
 60+  C3C3                          ; Восстановление регистров и выход
 61+  C3C3 D1                       pop     de
 62+  C3C4 C1                       pop     bc
 63+  C3C5 E1                       pop     hl
 64+  C3C6 C9                       ret
 65+  C3C7
 48   C3C7                  INCLUDE "memset_de_20_b.inc"
  1+  C3C7              ;+---------------------------------------------------------------------------
  2+  C3C7              ; MXOS
  3+  C3C7              ; Заполнить память пробелами
  4+  C3C7              ;
  5+  C3C7              ; На входе
  6+  C3C7              ;  de - адрес
  7+  C3C7              ;  b  - длина (0 считается за 256)
  8+  C3C7              ;
  9+  C3C7              ; 2013-12-12 Дизассемблировано vinxru
 10+  C3C7              ;----------------------------------------------------------------------------
 11+  C3C7
 12+  C3C7              memset_de_20_b:
 13+  C3C7 3E 20                    ld      a, ' '
 14+  C3C9              memset_de_a_b:
 15+  C3C9 12                       ld      (de), a
 16+  C3CA 13                       inc     de
 17+  C3CB 05                       dec     b
 18+  C3CC C2 C9 C3                 jp nz,  memset_de_a_b
 19+  C3CF C9                       ret
 20+  C3D0
 49   C3D0
 50   C3D0                  ORG_PAD 0C3D0h
 50   C3D0             >         IF $ > 0C3D0h
 50   C3D0 ~           >           ; вывод сообщения об ошибке
 50   C3D0 ~           >           ASSERT 0
 50   C3D0 ~           >           DISPLAY /l, "Error! ORG_PAD failed! ", $, " is more than ", adr
 50   C3D0             >         ELSE
 50   C3D0             >           ; заполнение памяти
 50   C3D0             >           BLOCK 0C3D0h-$, 0FFh
 50   C3D0             >         ENDIF
 50   C3D0             >         ORG 0C3D0h
 51   C3D0 C3 7A C3         jp      t_tapeWrite
 52   C3D3
 53   C3D3                  IF RAMFOS_COMPATIBILITY
 54   C3D3                      INCLUDE "strToHex.inc"
  1+  C3D3              ;+---------------------------------------------------------------------------
  2+  C3D3              ; MXOS
  3+  C3D3              ; Преобразвоние строки в 16-ричное число
  4+  C3D3              ; Заимствовано из RAMFOS
  5+  C3D3              ;
  6+  C3D3              ; На входе
  7+  C3D3              ;  de - Строка
  8+  C3D3              ;
  9+  C3D3              ; На выходе
 10+  C3D3              ;  bc       - Сохраняется
 11+  C3D3              ;  de       - Следующий символ за запятой или концом строки
 12+  C3D3              ;  jz       - Ошибка
 13+  C3D3              ;  jnz, jc  - Конец строки
 14+  C3D3              ;  jnz, jnc - Пробел или запятая
 15+  C3D3              ;  hl       - Число
 16+  C3D3              ;
 17+  C3D3              ; 2013-11-01 Дизассемблировано vinxru
 18+  C3D3              ;----------------------------------------------------------------------------
 19+  C3D3
 20+  C3D3              strToHex:
 21+  C3D3 21 00 00                 ld  hl, 0
 22+  C3D6
 23+  C3D6              strToHex_loop:    ; Чтение символа
 24+  C3D6 1A                       ld    a, (de)
 25+  C3D7 13                       inc   de
 26+  C3D8
 27+  C3D8                          ; Если конец строки, выходим с флагами NZ, c
 28+  C3D8 FE 0D                    cp    0Dh
 29+  C3DA CA 13 C4                 jp z, ora_a_stc_ret
 30+  C3DD
 31+  C3DD                          ; Если пробел или запятая, выходим с флагами NZ, NC
 32+  C3DD FE 2C                    cp    ','
 33+  C3DF CA 16 C4                 jp z, ora_a_ret
 34+  C3E2 FE 20                    cp    ' '
 35+  C3E4 CA 16 C4                 jp z, ora_a_ret
 36+  C3E7
 37+  C3E7                          ; Если некорректный символ, выходим с флагами С,Z
 38+  C3E7 D6 30                    sub   '0'
 39+  C3E9 FA 0D C4                 jp M, xra_a_stc_ret
 40+  C3EC
 41+  C3EC                          ; Если это цифра
 42+  C3EC FE 0A                    cp    10
 43+  C3EE FA FD C3                 jp M, strToHex_0
 44+  C3F1
 45+  C3F1                          ; Если некорректный символ, выходим с флагами С,Z
 46+  C3F1 FE 11                    cp    11h
 47+  C3F3 FA 0D C4                 jp M, xra_a_stc_ret
 48+  C3F6 FE 17                    cp    17h
 49+  C3F8 F2 0D C4                 jp p, xra_a_stc_ret
 50+  C3FB
 51+  C3FB                          ; Это буквы A..F
 52+  C3FB D6 07                    sub   'A'-'0'-10
 53+  C3FD
 54+  C3FD              strToHex_0:
 55+  C3FD                          ; hl *= 16
 56+  C3FD 29                       add   hl, hl
 57+  C3FE 29                       add   hl, hl
 58+  C3FF 29                       add   hl, hl
 59+  C400 29                       add   hl, hl
 60+  C401
 61+  C401                          ; Если переполнение, выходим c флагами С,Z
 62+  C401 DA 0D C4                 jp c, xra_a_stc_ret
 63+  C404
 64+  C404                          ; hl += bc
 65+  C404 C5                       push bc
 66+  C405 06 00                    ld   b, 0
 67+  C407 4F                       ld   c, a
 68+  C408 09                       add  hl, bc
 69+  C409 C1                       pop  bc
 70+  C40A
 71+  C40A C3 D6 C3                 jp    strToHex_loop
 72+  C40D
 73+  C40D              xra_a_stc_ret:    ; Вывод знака вопроса
 74+  C40D 0E 3F                    ld  c, '?'
 75+  C40F CD 37 C0                 call      printChar
 76+  C412 AF                       xor a
 77+  C413
 78+  C413              ora_a_stc_ret:
 79+  C413 B7                       or  a
 80+  C414 37                       scf
 81+  C415 C9                       ret
 82+  C416
 83+  C416              ora_a_ret:
 84+  C416 B7                       or  a
 85+  C417 C9                       ret
 86+  C418
 55   C418                  ENDIF
 56   C418
 57   C418                  ORG_PAD 0C427h
 57   C418             >         IF $ > 0C427h
 57   C418 ~           >           ; вывод сообщения об ошибке
 57   C418 ~           >           ASSERT 0
 57   C418 ~           >           DISPLAY /l, "Error! ORG_PAD failed! ", $, " is more than ", adr
 57   C418             >         ELSE
 57   C418             >           ; заполнение памяти
 57   C418 FF FF FF... >           BLOCK 0C427h-$, 0FFh
 57   C41C             >         ENDIF
 57   C427             >         ORG 0C427h
 58   C427                  INCLUDE "cmp_hl_de.inc"
  1+  C427              ;+---------------------------------------------------------------------------
  2+  C427              ; MXOS
  3+  C427              ; Сравнить hl и de
  4+  C427              ;
  5+  C427              ; 2013-12-12 Дизассемблировано vinxru
  6+  C427              ;----------------------------------------------------------------------------
  7+  C427
  8+  C427              cmp_hl_de:
  9+  C427 7C                   ld    a, h
 10+  C428 BA                   cp    d
 11+  C429 C0                   ret   nz
 12+  C42A 7D                   ld    a, l
 13+  C42B BB                   cp    e
 14+  C42C C9                   ret
 15+  C42D
 59   C42D
 60   C42D                  ORG_PAD 0C42Dh
 60   C42D             >         IF $ > 0C42Dh
 60   C42D ~           >           ; вывод сообщения об ошибке
 60   C42D ~           >           ASSERT 0
 60   C42D ~           >           DISPLAY /l, "Error! ORG_PAD failed! ", $, " is more than ", adr
 60   C42D             >         ELSE
 60   C42D             >           ; заполнение памяти
 60   C42D             >           BLOCK 0C42Dh-$, 0FFh
 60   C42D             >         ENDIF
 60   C42D             >         ORG 0C42Dh
 61   C42D                  INCLUDE "memcpy_bc_hl.inc"
  1+  C42D              ;+---------------------------------------------------------------------------
  2+  C42D              ; MXOS
  3+  C42D              ; Скопировать блок памяти
  4+  C42D              ;
  5+  C42D              ; На входе
  6+  C42D              ;  hl - откуда начало
  7+  C42D              ;  de - откуда конец + 1
  8+  C42D              ;  (de-hl) - длина
  9+  C42D              ;  bc - куда
 10+  C42D              ;
 11+  C42D              ; На выходе
 12+  C42D              ;  de - сохраняется
 13+  C42D              ;
 14+  C42D              ; 2013-12-12 Дизассемблировано vinxru
 15+  C42D              ;----------------------------------------------------------------------------
 16+  C42D
 17+  C42D              memcpy_bc_hl:
 18+  C42D 7E                       ld      a, (hl)
 19+  C42E 02                       ld      (bc),a
 20+  C42F 23                       inc     hl
 21+  C430 03                       inc     bc
 22+  C431 CD 27 C4                 call    cmp_hl_de
 23+  C434 C2 2D C4                 jp nz,  memcpy_bc_hl
 24+  C437 C9                       ret
 25+  C438
 62   C438
 63   C438                  ORG_PAD 0C438h
 63   C438             >         IF $ > 0C438h
 63   C438 ~           >           ; вывод сообщения об ошибке
 63   C438 ~           >           ASSERT 0
 63   C438 ~           >           DISPLAY /l, "Error! ORG_PAD failed! ", $, " is more than ", adr
 63   C438             >         ELSE
 63   C438             >           ; заполнение памяти
 63   C438             >           BLOCK 0C438h-$, 0FFh
 63   C438             >         ENDIF
 63   C438             >         ORG 0C438h
 64   C438                  INCLUDE "printString1.inc"
  1+  C438              ;+---------------------------------------------------------------------------
  2+  C438              ; MXOS
  3+  C438              ; Вывод строки на экран
  4+  C438              ;
  5+  C438              ; На входе
  6+  C438              ;  hl - строка
  7+  C438              ;
  8+  C438              ; На выходе
  9+  C438              ;  af, bc, de - сохраняются
 10+  C438              ;
 11+  C438              ; 2013-12-12 Дизассемблировано vinxru
 12+  C438              ;----------------------------------------------------------------------------
 13+  C438
 14+  C438 C3 22 C5     printString1:     jp    printString
 15+  C43B
 65   C43B                  INCLUDE "printChar6.inc"
  1+  C43B              ;+---------------------------------------------------------------------------
  2+  C43B              ; MXOS
  3+  C43B              ; Обработка служебных кодов при выводе символа (продолжение)
  4+  C43B              ;
  5+  C43B              ; 2013-12-12 Дизассемблировано vinxru
  6+  C43B              ;----------------------------------------------------------------------------
  7+  C43B
  8+  C43B              ; ---------------------------------------------------------------------------
  9+  C43B              ; Обработка ESC+F
 10+  C43B
 11+  C43B 3E 80        printChar_eF:   ld    a, 80h
 12+  C43D 32 EB 8F                     ld    (bios_vars.escMode), a
 13+  C440 C9                           ret
 14+  C441
 66   C441
 67   C441                  ORG_PAD 0C443h
 67   C441             >         IF $ > 0C443h
 67   C441 ~           >           ; вывод сообщения об ошибке
 67   C441 ~           >           ASSERT 0
 67   C441 ~           >           DISPLAY /l, "Error! ORG_PAD failed! ", $, " is more than ", adr
 67   C441             >         ELSE
 67   C441             >           ; заполнение памяти
 67   C441 FF FF       >           BLOCK 0C443h-$, 0FFh
 67   C443             >         ENDIF
 67   C443             >         ORG 0C443h
 68   C443                  INCLUDE "drawCursor2.inc"
  1+  C443              ;+---------------------------------------------------------------------------
  2+  C443              ; MXOS
  3+  C443              ; Рисование курсора на экране (продолжение)
  4+  C443              ;
  5+  C443              ; 2013-12-12 Дизассемблировано vinxru
  6+  C443              ;----------------------------------------------------------------------------
  7+  C443
  8+  C443              drawCursor_1:     ; Цикл
  9+  C443 3D                       dec   a
 10+  C444 C2 6C C3                 jp nz,  drawCursor_0
 11+  C447
 12+  C447                          ; b = vars.cursorCfg & 0xF
 13+  C447 78                       ld    a, b
 14+  C448 E6 0F                    and   0Fh
 15+  C44A 47                       ld    b, a
 16+  C44B
 17+  C44B                          ; Вывод курсора (b - высота, de - адрес на экране, hl - курсор)
 18+  C44B
 19+  C44B              drawCursor_2:     ; Повторить код ниже b раз
 20+  C44B 05                       dec   b
 21+  C44C FA 10 C3                 jp M, popa_ret_2
 22+  C44F
 23+  C44F                          ; *de--     ^= hl;
 24+  C44F 1A                       ld    a, (de)
 25+  C450 AC                       xor   h
 26+  C451 12                       ld    (de),a
 27+  C452 14                       inc   d
 28+  C453 1A                       ld    a, (de)
 29+  C454 AD                       xor   l
 30+  C455 12                       ld    (de),a
 31+  C456 15                       dec   d
 32+  C457 1D                       dec   e
 33+  C458 C3 4B C4                 jp    drawCursor_2
 34+  C45B
 69   C45B
 70   C45B                  ORG_PAD 0C478h
 70   C45B             >         IF $ > 0C478h
 70   C45B ~           >           ; вывод сообщения об ошибке
 70   C45B ~           >           ASSERT 0
 70   C45B ~           >           DISPLAY /l, "Error! ORG_PAD failed! ", $, " is more than ", adr
 70   C45B             >         ELSE
 70   C45B             >           ; заполнение памяти
 70   C45B FF FF FF... >           BLOCK 0C478h-$, 0FFh
 70   C45F             >         ENDIF
 70   C478             >         ORG 0C478h
 71   C478 C3 86 C3         jp      t_tapeReadError
 72   C47B
 73   C47B FF FF 00 C8  initVars        BIOS_VARIABLES
 73   C47F FF FF FF FF
 73   C483 00 1C 21 00
 73   C487 FF BA FF FF
 73   C48B FF FF 5F 20
 73   C48F FF 20 E0 FF
 73   C493 FF 10 00 00
 73   C497 00 FF FF 28
 73   C49B 3C
 74   C49C              initVarsEnd:
 75   C49C
 76   C49C              v_keybTbl:
 77   C49C 81 0C 19 1A      DB 81h, 0Ch, 19h, 1Ah, 09h, 1Bh, 20h, 08h, 80h, 18h, 0Ah, 0Dh, 0, 0, 0, 0
 77   C4A0 09 1B 20 08
 77   C4A4 80 18 0A 0D
 77   C4A8 00 00 00 00
 78   C4AC 71 7E 73 6D      DB 71h, 7Eh, 73h, 6Dh, 69h, 74h, 78h, 62h, 60h, 2Ch, 2Fh, 7Fh, 0, 0, 0, 0
 78   C4B0 69 74 78 62
 78   C4B4 60 2C 2F 7F
 78   C4B8 00 00 00 00
 79   C4BC 66 79 77 61      DB 66h, 79h, 77h, 61h, 70h, 72h, 6Fh, 6Ch, 64h, 76h, 7Ch, 2Eh, 0, 0, 0, 0
 79   C4C0 70 72 6F 6C
 79   C4C4 64 76 7C 2E
 79   C4C8 00 00 00 00
 80   C4CC 6A 63 75 6B      DB 6Ah, 63h, 75h, 6Bh, 65h, 6Eh, 67h, 7Bh, 7Dh, 7Ah, 68h, 3Ah, 0, 0, 0, 0
 80   C4D0 65 6E 67 7B
 80   C4D4 7D 7A 68 3A
 80   C4D8 00 00 00 00
 81   C4DC 3B 31 32 33      DB 3Bh, 31h, 32h, 33h, 34h, 35h, 36h, 37h, 38h, 39h, 30h, 2Dh, 0, 0, 0, 0
 81   C4E0 34 35 36 37
 81   C4E4 38 39 30 2D
 81   C4E8 00 00 00 00
 82   C4EC 00 01 02 03      DB 00h, 01h, 02h, 03h, 04h, 05h, 06h, 07h, 8Ah, 8Bh, 8Ch, 1Fh, 0, 0, 0, 0
 82   C4F0 04 05 06 07
 82   C4F4 8A 8B 8C 1F
 82   C4F8 00 00 00 00
 83   C4FC
 84   C4FC                  INCLUDE "printer.inc"
  1+  C4FC              ;+---------------------------------------------------------------------------
  2+  C4FC              ; MXOS
  3+  C4FC              ; Вывод байта на принтер
  4+  C4FC              ;
  5+  C4FC              ; На входе
  6+  C4FC              ;   c - байт
  7+  C4FC              ;
  8+  C4FC              ; На выходе
  9+  C4FC              ;   af, bc, de, hl - cохраняются
 10+  C4FC              ;
 11+  C4FC              ; 2013-12-12 Дизассемблировано vinxru
 12+  C4FC              ;----------------------------------------------------------------------------
 13+  C4FC
 14+  C4FC              printer:    ; Сохраняем регистры
 15+  C4FC F5                       push  af
 16+  C4FD
 17+  C4FD                          ; Режим порта расширения
 18+  C4FD 3E 90                    ld    a, 90h
 19+  C4FF 32 E7 FF                 ld    (IO_PROG_MODE), a
 20+  C502
 21+  C502                          ; Выводим байт на принтер
 22+  C502 79                       ld    a, c
 23+  C503 2F                       cpl
 24+  C504 32 E5 FF                 ld    (IO_PROG_B), a
 25+  C507
 26+  C507              printer_loop:     ; Выход     при нажатии любой клавиши
 27+  C507 3A E1 FF                 ld    a, (IO_KEYB_B)
 28+  C50A E6 02                    and   2
 29+  C50C CA 20 C5                 jp z, printer_ret
 30+  C50F
 31+  C50F                          ; Ждем пока принтер не будет готов
 32+  C50F 3A E4 FF                 ld    a, (IO_PROG_A)
 33+  C512 E6 40                    and   40h
 34+  C514 C2 07 C5                 jp nz,  printer_loop
 35+  C517
 36+  C517                          ; Строб
 37+  C517 3E 03                    ld    a, 3
 38+  C519 32 E6 FF                 ld    (IO_PROG_C), a
 39+  C51C AF                       xor   a
 40+  C51D 32 E6 FF                 ld    (IO_PROG_C), a
 41+  C520
 42+  C520              printer_ret:      ; Восстаналвиаем регистры
 43+  C520 F1                       pop   af
 44+  C521 C9                       ret
 45+  C522
 85   C522                  INCLUDE "printString.inc"
  1+  C522              ;+---------------------------------------------------------------------------
  2+  C522              ; MXOS
  3+  C522              ; Вывод строки на экран
  4+  C522              ;
  5+  C522              ; На входе
  6+  C522              ;  hl - строка
  7+  C522              ;
  8+  C522              ; На выходе
  9+  C522              ;  af, bc, de - сохраняются
 10+  C522              ;
 11+  C522              ; 2013-12-12 Дизассемблировано vinxru
 12+  C522              ;----------------------------------------------------------------------------
 13+  C522
 14+  C522              printString:      ; Сохраняем регистры
 15+  C522 C5                       push  bc
 16+  C523 F5                       push  af
 17+  C524
 18+  C524              printString_1:    ; Читаем очередной байт
 19+  C524 7E                       ld  a, (hl)
 20+  C525
 21+  C525                          ; Если прочитан 0, выходим
 22+  C525 B7                       or    a
 23+  C526 CA 31 C5                 jp z, printString_2
 24+  C529
 25+  C529                          ; Выводим байт на экран
 26+  C529 4F                       ld    c, a
 27+  C52A CD 37 C0                 call  printChar
 28+  C52D
 29+  C52D                          ; Следующий байт
 30+  C52D 23                       inc   hl
 31+  C52E C3 24 C5                 jp    printString_1
 32+  C531
 33+  C531              ; ---------------------------------------------------------------------------
 34+  C531
 35+  C531              printString_2:    ; Восстанавливаем регистры
 36+  C531 F1                       pop   af
 37+  C532 C1                       pop   bc
 38+  C533 C9                       ret
 39+  C534
 86   C534                  INCLUDE "reboot1.inc"
  1+  C534              ;+---------------------------------------------------------------------------
  2+  C534              ; MXOS
  3+  C534              ; Перезагрузка (продолжение)
  4+  C534              ;
  5+  C534              ; 2013-12-12 Дизассемблировано vinxru
  6+  C534              ;----------------------------------------------------------------------------
  7+  C534
  8+  C534              reboot1:    ; Для выключения звука
  9+  C534 3E 36                    ld    a, 36h
 10+  C536
 11+  C536                          ; Включаем ОЗУ
 12+  C536 32 FC FF                 ld    (IO_PAGE_RAM), a
 13+  C539
 14+  C539                          ; Выключаем звук
 15+  C539 32 EF FF                 ld    (IO_TIMER_MODE), a
 16+  C53C
 17+  C53C                          ; Инициализация переменных
 18+  C53C 21 7B C4                 ld    hl, initVars      ; Откуда
 19+  C53F 11 9C C4                 ld    de, initVarsEnd   ; Конец
 20+  C542 01 DF 8F                 ld    bc, bios_vars     ; Куда
 21+  C545 CD 2D C4                 call  memcpy_bc_hl
 22+  C548
 23+  C548                          ; Инициализация кэша fat
 24+  C548 CD 61 CC                 call  resetSectorCache
 25+  C54B
 26+  C54B                          ; Установка цвета
 27+  C54B                  IF ENABLE_COLOR
 28+  C54B 3E F0                    ld    a, COLOR_BIOS
 29+  C54D 32 F8 FF                 ld    (IO_COLOR), a
 30+  C550                  ELSE
 31+  C550 ~                        ld    a, 0Fh
 32+  C550 ~                        ld    (IO_KEYB_MODE), a
 33+  C550                  ENDIF
 34+  C550
 35+  C550                          ; Очищаем экран
 36+  C550 CD 10 C0                 call    clearScreen
 37+  C553
 38+  C553                  IF LOAD_FONT
 39+  C553              onceInitFont:
 40+  C553 C3 2C D4                 jp    initFont
 41+  C556                  ELSE
 42+  C556 ~                        jp    reboot2
 43+  C556                  ENDIF
 44+  C556
 87   C556                  INCLUDE "reboot2.inc"
  1+  C556              ;+---------------------------------------------------------------------------
  2+  C556              ; MXOS
  3+  C556              ; Перезагрузка (продолжение)
  4+  C556              ;
  5+  C556              ; 2013-12-12 Дизассемблировано vinxru
  6+  C556              ;----------------------------------------------------------------------------
  7+  C556
  8+  C556              reboot2:
  9+  C556
 10+  C556                  IF BOOT_FROM_TAPE
 11+  C556 ~                        ; Проверяем, нажата ли какая нибудь клавиша
 12+  C556 ~                        call    j_keyScan
 13+  C556 ~                        push    af
 14+  C556                  ENDIF
 15+  C556
 16+  C556                          ; Выводим версию ОС на экран
 17+  C556 21 8D D3                 ld      hl, txtBiosVer
 18+  C559 CD 38 C4                 call    printString1
 19+  C55C
 20+  C55C                          ; Определяем размер ДОЗУ
 21+  C55C 21 BB FF                 ld      hl, RAMD_PAGE_END
 22+  C55F 3A F8 8F                 ld      a, (bios_vars.ramPageCount)
 23+  C562 CD CB C7                 call    checkRAMD
 24+  C565
 25+  C565                          ; Выводим объем ДОЗУ на экран
 26+  C565 21 99 D3                 ld      hl, txtRAM
 27+  C568 CD 38 C4                 call    printString1
 28+  C56B
 29+  C56B                          ; Вычисляем объем ДОЗУ в байтах
 30+  C56B 3A F8 8F                 ld      a, (bios_vars.ramPageCount)
 31+  C56E 26 00                    ld      h, 0
 32+  C570 6F                       ld      l, a    ; hl = объём в страницах
 33+  C571 2C                       inc     l       ; +1 страница - основная память
 34+  C572 11 40 00                 ld      de, 64
 35+  C575 CD A5 D2                 call    mul_hl_de  ; hl = hl * 64
 36+  C578 EB                       ex      hl, de
 37+  C579 CD 52 D2                 call    printDecWord
 38+  C57C
 39+  C57C 21 A0 D3                 ld      hl, txtKB
 40+  C57F CD 38 C4                 call    printString1
 41+  C582
 42+  C582                      IF BOOT_FROM_TAPE==0
 43+  C582
 44+  C582                          ; Продолжаем загрузку системы
 45+  C582 C3 00 C8                 jp      j_reboot3
 46+  C585
 47+  C585                      ELSE
 48+  C585 ~
 49+  C585 ~                        ; Если не нажата ни одна клавиша, продолжаем загрузку системы
 50+  C585 ~                        pop     af
 51+  C585 ~                        inc     a
 52+  C585 ~                        jp z,   j_reboot3
 53+  C585 ~
 54+  C585 ~                        ; Загружаем драйвер магнитофона
 55+  C585 ~                        ld      hl, aATape_com
 56+  C585 ~                        call    fileExec
 57+  C585 ~
 58+  C585 ~                        ; Загружаем программу с ленты (без контроля КС) и запускаем
 59+  C585 ~                        ld      hl, txtLoadingFromTape
 60+  C585 ~                        call    printString1
 61+  C585 ~                        call    t_tapeLoadInt
 62+  C585 ~                        ld      hl, (bios_vars.tapeAddr)
 63+  C585 ~                        jp      (hl)
 64+  C585 ~
 65+  C585                      ENDIF
 66+  C585
 88   C585                  INCLUDE "getch3.inc"
  1+  C585              ;----------------------------------------------------------------------------
  2+  C585              ; MXOS
  3+  C585              ; Ожидание ввода с клавиатуры (продолжение)
  4+  C585              ;
  5+  C585              ; На выходе
  6+  C585              ;  ? - код
  7+  C585              ;
  8+  C585              ; 2013-12-12 Дизассемблировано vinxru
  9+  C585              ;----------------------------------------------------------------------------
 10+  C585
 11+  C585              getch3:     ; Если нажат лишь РУС/LAT - то обрабатываем его как CAPS LOCK,
 12+  C585                          ; если нажат Shit+РУС/LAT - то переключаем режим КОИ
 13+  C585 CD 49 C2                 call    setKeybMode91
 14+  C588 3E F8                    ld      a, 0F8h
 15+  C58A 32 E1 FF                 ld      (IO_KEYB_B), a
 16+  C58D 3A E0 FF                 ld      a, (IO_KEYB_A)
 17+  C590 F5                       push    af
 18+  C591 CD 43 C2                 call    setKeybMode82
 19+  C594 F1                       pop     af
 20+  C595 E6 08                    and     8
 21+  C597 C2 B1 C5                 jp nz,  getch_capsLock
 22+  C59A
 23+  C59A                          ; Меняем KOI-7 / KOI-8
 24+  C59A 3A EA 8F                 ld      a, (bios_vars.koi7)
 25+  C59D 2F                       cpl
 26+  C59E 32 EA 8F                 ld      (bios_vars.koi7), a
 27+  C5A1
 28+  C5A1                          ;ld      a, 3Ah  ; включаем прописные английские
 29+  C5A1 3E BA                    ld      a, 0BAh  ; включаем строчные английские
 30+  C5A3 32 EC 8F                 ld      (bios_vars.keyLocks), a
 31+  C5A6
 32+  C5A6                          ; Звуковой сигнал
 33+  C5A6 CD 70 C1                 call    beep
 34+  C5A9
 35+  C5A9                          ; Меняем частоту
 36+  C5A9 3E 5F                    ld      a, 5Fh
 37+  C5AB 32 F1 8F                 ld      (bios_vars.beepFreq),a
 38+  C5AE
 39+  C5AE C3 18 C2                 jp      getch_retry
 40+  C5B1
 41+  C5B1              ; ---------------------------------------------------------------------------
 42+  C5B1              ; CAPS LOCK для KOI-7
 43+  C5B1
 44+  C5B1              getch_capsLock:
 45+  C5B1                          ; Переключаем capsLock
 46+  C5B1 3A EC 8F                 ld      a, (bios_vars.keyLocks)
 47+  C5B4 EE 80                    xor     80h
 48+  C5B6 32 EC 8F                 ld      (bios_vars.keyLocks), a
 49+  C5B9
 50+  C5B9                          ; Меняем частоту
 51+  C5B9 3A F1 8F                 ld      a, (bios_vars.beepFreq)
 52+  C5BC EE 10                    xor     10h
 53+  C5BE 32 F1 8F                 ld      (bios_vars.beepFreq),a
 54+  C5C1
 55+  C5C1                          ; Чтобы был двойной звуковой сигнал, на строй и новой частоте
 56+  C5C1 CD 70 C1                 call    beep
 57+  C5C4
 58+  C5C4                          ; Ждем следующую клавишу
 59+  C5C4 C3 18 C2                 jp      getch_retry
 60+  C5C7
 61+  C5C7              ; ---------------------------------------------------------------------------
 62+  C5C7              ; CAPS LOCK для KOI-7 или РУС/LAT для KOI-8
 63+  C5C7
 64+  C5C7              getch_rc:   ; В режиме KOI-8 мы переключаем кодировку
 65+  C5C7 3A EA 8F                 ld    a, (bios_vars.koi7)
 66+  C5CA 3C                       inc   a
 67+  C5CB
 68+  C5CB 3A EC 8F                 ld    a, (bios_vars.keyLocks) ; Требуется в getch_RusLat
 69+  C5CE C2 AA C2                 jp nz,  getch_RusLat
 70+  C5D1
 71+  C5D1                          ; В режиме KOI-7 мы перключаем регистр
 72+  C5D1 C3 B1 C5                 jp    getch_capsLock
 73+  C5D4
 74+  C5D4              ; ---------------------------------------------------------------------------
 75+  C5D4
 76+  C5D4              loc_C5A8:   ; Включен KOI-7
 77+  C5D4 47                       ld    b, a
 78+  C5D5
 79+  C5D5 3A E1 FF                 ld    a, (IO_KEYB_B)
 80+  C5D8 E6 02                    and   2
 81+  C5DA C2 FD C2                 jp nz,  loc_C311
 82+  C5DD
 83+  C5DD 3E A0                    ld    a, 0A0h
 84+  C5DF A8                       xor   b
 85+  C5E0 47                       ld    b, a
 86+  C5E1
 87+  C5E1 C3 FD C2                 jp    loc_C311
 88+  C5E4
 89   C5E4                  INCLUDE "printChar2.inc"
  1+  C5E4              ;+---------------------------------------------------------------------------
  2+  C5E4              ; MXOS
  3+  C5E4              ; Вывод символа на экран (или принтер)
  4+  C5E4              ;
  5+  C5E4              ; На входе
  6+  C5E4              ;  с - символ
  7+  C5E4              ;
  8+  C5E4              ; На выходе
  9+  C5E4              ;  регистры не сохраняются
 10+  C5E4              ;
 11+  C5E4              ; 2013-12-12 Дизассемблировано vinxru
 12+  C5E4              ;----------------------------------------------------------------------------
 13+  C5E4
 14+  C5E4              printChar2:
 15+  C5E4                          ; Помещаем в hl координаты курсора
 16+  C5E4 2A FC 8F                 ld  hl, (bios_vars.cursorY)
 17+  C5E7
 18+  C5E7                          ; Продолжаем, если не включен режим обработки ESC последовательности (bios_vars.escMode==0FFh)
 19+  C5E7 3A EB 8F                 ld  a, (bios_vars.escMode)
 20+  C5EA 3C                       inc a
 21+  C5EB C2 89 C6                 jp  nz,  printChar_esc
 22+  C5EE
 23+  C5EE                          ; Тут bios_vars.escMode==0FFh
 24+  C5EE
 25+  C5EE                          ; Если это печатные символы (>=20h), переходим к печати
 26+  C5EE 79                       ld  a, c
 27+  C5EF FE 20                    cp  ' '
 28+  C5F1 D2 03 C6                 jp  nc, printChar_real
 29+  C5F4
 30+  C5F4                          ; Это табуляция
 31+  C5F4 FE 09                    cp  9
 32+  C5F6 CA 50 C0                 jp  z, printChar_c9      ; там bios_vars.cursorX+=24 и ret
 33+  C5F9
 34+  C5F9                          ; Любой символ кроме ESC
 35+  C5F9 FE 1B                    cp  1Bh
 36+  C5FB C2 1C C1                 jp  nz, printChar3
 37+  C5FE
 38+  C5FE                          ; Далее ESC. Включаем режим обработки ESC последовательности (bios_vars.escMode=0)
 39+  C5FE AF                       xor a
 40+  C5FF 32 EB 8F                 ld  (bios_vars.escMode),a
 41+  C602 C9                       ret
 42+  C603
 43+  C603              ; ---------------------------------------------------------------------------
 44+  C603              ; Преобразование символа из KOI-7 в KOI-8 и вывод на экран (служебные коды
 45+  C603              ; также будут выводится)
 46+  C603
 47+  C603              printChar_real:
 48+  C603                          ; Символ для печати
 49+  C603 4F                       ld  c, a
 50+  C604
 51+  C604                          ; Переходим к печати, если включен режим KOI-8 (bios_vars.koi7 == 0)
 52+  C604 3A EA 8F                 ld  a, (bios_vars.koi7)
 53+  C607 3C                       inc a
 54+  C608 C2 1C C6                 jp  nz, printChar_real2
 55+  C60B
 56+  C60B                          ; Включен режим KOI-7 (bios_vars.koi7 == 0FFh), надо
 57+  C60B                          ; перекодировать символы для знакогнератора.
 58+  C60B
 59+  C60B                          ; Если символ больше или равен 0C0h просто выходим
 60+  C60B 79                       ld  a, c
 61+  C60C FE C0                    cp  0C0h
 62+  C60E D0                       ret nc
 63+  C60F
 64+  C60F                          ; Если символ находится в пределах 60h ... 7Fh, увеличиваем его код на 80h
 65+  C60F FE 60                    cp  60h
 66+  C611 DA 1C C6                 jp  c, printChar_real2
 67+  C614 FE 80                    cp  80h
 68+  C616 D2 1C C6                 jp  nc,  printChar_real2
 69+  C619 C6 80                    add a, 80h
 70+  C61B 4F                       ld  c, a
 71+  C61C
 72+  C61C              ; ---------------------------------------------------------------------------
 73+  C61C              ; Вывод символа на экран в KOI-8 (служебные коды так же будут выводится)
 74+  C61C
 75+  C61C              printChar_real2:
 76+  C61C                          ; Тут полиморфизм
 77+  C61C 3A FA 8F                 ld    a, (bios_vars.inverse)
 78+  C61F A7                       and   a
 79+  C620
 80+  C620              printChar_poly:
 81+  C620 CC E6 C0                 call z, normalVideo
 82+  C623
 83+  C623                          ; Если bios_vars.charGen не равен 0FFFFh, то используется знакогнератор по адресу bios_vars.charGen*8
 84+  C623 2A E7 8F                 ld    hl, (bios_vars.charGen)
 85+  C626 7C                       ld    a, h
 86+  C627 3C                       inc   a
 87+  C628 C2 59 C0                 jp nz,  printChar_alt
 88+  C62B 7D                       ld    a, l
 89+  C62C 3C                       inc   a
 90+  C62D C2 59 C0                 jp nz,  printChar_alt
 91+  C630
 92+  C630                          ; Иначе используем символы из ПЗУ.
 93+  C630                          ; Адрес символа в ПЗУ (de = 0x800 + c*8)
 94+  C630 21 00 01                 ld    hl, 100h
 95+  C633 06 00                    ld    b,  0
 96+  C635 09                       add   hl, bc
 97+  C636 29                       add   hl, hl
 98+  C637 29                       add   hl, hl
 99+  C638 29                       add   hl, hl
100+  C639 EB                       ex    de, hl
101+  C63A
102+  C63A                          ; Промежуточное место для символа
103+  C63A 21 1F D4                 ld    hl, v_char
104+  C63D E5                       push  hl
105+  C63E
106+  C63E                          ; Копируем 8 байт из ПЗУ
107+  C63E 32 FE FF                 ld    (IO_PAGE_ROM),a
108+  C641 1A                       ld    a, (de)
109+  C642 77                       ld    (hl), a
110+  C643 23                       inc   hl
111+  C644 13                       inc   de
112+  C645 1A                       ld    a, (de)
113+  C646 77                       ld    (hl), a
114+  C647 23                       inc   hl
115+  C648 13                       inc   de
116+  C649 1A                       ld    a, (de)
117+  C64A 77                       ld    (hl), a
118+  C64B 23                       inc   hl
119+  C64C 13                       inc   de
120+  C64D 1A                       ld    a, (de)
121+  C64E 77                       ld    (hl), a
122+  C64F 23                       inc   hl
123+  C650 13                       inc   de
124+  C651 1A                       ld    a, (de)
125+  C652 77                       ld    (hl), a
126+  C653 23                       inc   hl
127+  C654 13                       inc   de
128+  C655 1A                       ld    a, (de)
129+  C656 77                       ld    (hl), a
130+  C657 23                       inc   hl
131+  C658 13                       inc   de
132+  C659 1A                       ld    a, (de)
133+  C65A 77                       ld    (hl), a
134+  C65B 23                       inc   hl
135+  C65C 13                       inc   de
136+  C65D 1A                       ld    a, (de)
137+  C65E 77                       ld    (hl), a
138+  C65F 32 FC FF                 ld    (IO_PAGE_RAM),a
139+  C662
140+  C662                          ; Вывод символа
141+  C662 D1                       pop   de
142+  C663 C3 60 C0                 jp    printChar_de
143+  C666
144+  C666              ; ---------------------------------------------------------------------------
145+  C666              ; Обработка режима ESC+F
146+  C666
147+  C666              printChar_esc80:; Если символ с кодом 0, выключаем режим обработки ESC
148+  C666 79                       ld    a, c
149+  C667 B7                       or    a
150+  C668 CA 84 C6                 jp z, printChar_esc80_exit
151+  C66B
152+  C66B                          ; Обработка кодов < 20h
153+  C66B FE 20                    cp    20h
154+  C66D DA 1C C1                 jp c, printChar3
155+  C670
156+  C670                          ; Если код >= 80h, выйти
157+  C670 FE 80                    cp    80h
158+  C672 D0                       ret nc
159+  C673
160+  C673                          ; Если c >= 40h, вывести на экран c+40h
161+  C673 FE 40                    cp    40h
162+  C675 D2 7E C6                 jp nc,  printChar_esc80_2
163+  C678
164+  C678                          ; Иначе вывести c - 20h
165+  C678 D6 20                    sub   20h ; ' '
166+  C67A 4F                       ld    c, a
167+  C67B C3 1C C6                 jp    printChar_real2
168+  C67E
169+  C67E              ; ---------------------------------------------------------------------------
170+  C67E
171+  C67E              printChar_esc80_2:
172+  C67E                          ; Если c >= 40h, вывести на экран c+40h
173+  C67E C6 40                    add   a,40h
174+  C680 4F                       ld    c, a
175+  C681 C3 1C C6                 jp    printChar_real2
176+  C684
177+  C684              ; ---------------------------------------------------------------------------
178+  C684
179+  C684              printChar_esc80_exit:
180+  C684 3D                       dec   a
181+  C685 32 EB 8F                 ld    (bios_vars.escMode),a
182+  C688 C9                       ret
183+  C689
184+  C689              ; ---------------------------------------------------------------------------
185+  C689              ; Печать символа в ESC-режиме
186+  C689
187+  C689              printChar_esc:    ; Перейти если bios_vars.escMode=80h
188+  C689 3A EB 8F                 ld    a, (bios_vars.escMode)
189+  C68C FE 80                    cp    80h
190+  C68E CA 66 C6                 jp z, printChar_esc80
191+  C691
192+  C691                          ; Выключить режим обработки ESC последовательности
193+  C691 F5                       push  af
194+  C692 3E FF                    ld    a, 0FFh
195+  C694 32 EB 8F                 ld    (bios_vars.escMode),a
196+  C697 F1                       pop   af
197+  C698
198+  C698                          ; Перейти если bios_vars.escMode==0
199+  C698 B7                       or    a
200+  C699 CA D3 C6                 jp z, printChar_esc0
201+  C69C
202+  C69C                          ; Перейти если обработка ESC+Y (bios_vars.escMode==1)
203+  C69C 3D                       dec   a
204+  C69D CA A9 C6                 jp z, printChar_esc1
205+  C6A0
206+  C6A0                          ; Перейти если bios_vars.escMode==2
207+  C6A0 3D                       dec   a
208+  C6A1 CA C5 C6                 jp z, printChar_esc2
209+  C6A4
210+  C6A4                          ; Перейти если bios_vars.escMode==3
211+  C6A4 3D                       dec   a
212+  C6A5 CA 39 C7                 jp z, printChar_esc3
213+  C6A8
214+  C6A8                          ; Выйти
215+  C6A8 C9                       ret
216+  C6A9
217+  C6A9              ; ---------------------------------------------------------------------------
218+  C6A9              ; Обработка ESC+Y
219+  C6A9
220+  C6A9              printChar_esc1:   ; Если код меньше 20h или больше 20h + 24, то пропускаем установку Y
221+  C6A9 79                       ld    a, c
222+  C6AA FE 39                    cp    20h + 25
223+  C6AC D2 BF C6                 jp nc,  loc_C693
224+  C6AF D6 20                    sub   20h
225+  C6B1 DA BF C6                 jp c, loc_C693
226+  C6B4
227+  C6B4                          ; cursorY = 8 + a*10
228+  C6B4 87                       add   a, a
229+  C6B5 4F                       ld    c, a
230+  C6B6 81                       add   a, c
231+  C6B7 81                       add   a, c
232+  C6B8 81                       add   a, c
233+  C6B9 81                       add   a, c
234+  C6BA C6 08                    add   a,8
235+  C6BC 32 FC 8F                 ld    (bios_vars.cursorY),a
236+  C6BF
237+  C6BF              loc_C693:   ; Следующий символ будет обработан в printChar_esc2
238+  C6BF 3E 02                    ld    a, 2
239+  C6C1 32 EB 8F                 ld    (bios_vars.escMode),a
240+  C6C4 C9                       ret
241+  C6C5
242+  C6C5              ; ---------------------------------------------------------------------------
243+  C6C5              ; Обработка ESC+Y
244+  C6C5
245+  C6C5              printChar_esc2:   ; Если код меньше 20h или больше 20h + 63, то пропускаем установку X
246+  C6C5 79                       ld    a, c
247+  C6C6 FE 60                    cp    60h
248+  C6C8 D0                       ret nc
249+  C6C9 D6 20                    sub   20h
250+  C6CB D8                       ret c
251+  C6CC
252+  C6CC                          ; cursorX = c*3;
253+  C6CC 4F                       ld    c, a
254+  C6CD 87                       add   a, a
255+  C6CE 81                       add   a, c
256+  C6CF 32 FD 8F                 ld    (bios_vars.cursorX),a
257+  C6D2 C9                       ret
258+  C6D3
259+  C6D3              ; ---------------------------------------------------------------------------
260+  C6D3              ; Обработка первого символа ESC последовательности
261+  C6D3
262+  C6D3              printChar_esc0:   ; Если код больше 20h
263+  C6D3 79                       ld    a, c
264+  C6D4 FE 28                    cp    '(' ; 28h
265+  C6D6 CA 45 C0                 jp z, printChar_e28
266+  C6D9 FE 29                    cp    ')' ; 29h
267+  C6DB CA 4B C0                 jp z, printChar_e29
268+  C6DE FE 50                    cp    'P' ; 50h
269+  C6E0 CA 29 C7                 jp z, printChar_eP
270+  C6E3 D6 41                    sub   'A' ; 41h
271+  C6E5 CA 2F C7                 jp z, printChar19
272+  C6E8 3D                       dec   a ; 'b' 42h
273+  C6E9 CA 34 C7                 jp z, printChar1A
274+  C6EC 3D                       dec   a ; 'c' 43h
275+  C6ED CA 15 C7                 jp z, printChar18
276+  C6F0 3D                       dec   a ; 'd' 44h
277+  C6F1 CA 1A C7                 jp z, printChar08
278+  C6F4 3D                       dec   a ; 'e' 45h
279+  C6F5 CA 1F C7                 jp z, printChar1F
280+  C6F8 3D                       dec   a ; 'F' 46h
281+  C6F9 CA 3B C4                 jp z, printChar_eF
282+  C6FC 3D                       dec   a
283+  C6FD 3D                       dec   a ; 'h' 48h
284+  C6FE CA 24 C7                 jp z, printChar0C
285+  C701 3D                       dec   a ; 'I' 49h
286+  C702 CA 53 C7                 jp z, printChar_eI
287+  C705 3D                       dec   a
288+  C706 3D                       dec   a
289+  C707 D6 0E                    sub   14 ; 'Y' 59h
290+  C709 CA 0F C7                 jp z, setEscMode_eY
291+  C70C
292+  C70C                          ; Вывод символа
293+  C70C C3 E4 C5                 jp    printChar2
294+  C70F
295+  C70F              ; ---------------------------------------------------------------------------
296+  C70F              ; Обработка ESC+Y.
297+  C70F
298+  C70F              setEscMode_eY:    ; Следующий символ будет обработан в printChar_esc1
299+  C70F 3E 01                    ld    a, 1
300+  C711 32 EB 8F                 ld    (bios_vars.escMode),a
301+  C714 C9                       ret
302+  C715
303+  C715              ; ---------------------------------------------------------------------------
304+  C715
305+  C715              printChar18:
306+  C715 0E 18                    ld    c, 18h
307+  C717 C3 E4 C5                 jp    printChar2
308+  C71A
309+  C71A              ; ---------------------------------------------------------------------------
310+  C71A
311+  C71A              printChar08:
312+  C71A 0E 08                    ld    c, 8
313+  C71C C3 E4 C5                 jp    printChar2
314+  C71F
315+  C71F              ; ---------------------------------------------------------------------------
316+  C71F
317+  C71F 0E 1F        printChar1F:      ld    c, 1Fh
318+  C721 C3 E4 C5                 jp    printChar2
319+  C724
320+  C724              ; ---------------------------------------------------------------------------
321+  C724
322+  C724              printChar0C:
323+  C724 0E 0C                    ld    c, 0Ch
324+  C726 C3 E4 C5                 jp    printChar2
325+  C729
326+  C729              ; ---------------------------------------------------------------------------
327+  C729              ; Обработка ESP+P. Вклчюение режима эхопечати на принтере
328+  C729
329+  C729              printChar_eP:
330+  C729 3E 03                    ld    a, 3
331+  C72B 32 EB 8F                 ld    (bios_vars.escMode),a
332+  C72E C9                       ret
333+  C72F
334+  C72F              ; ---------------------------------------------------------------------------
335+  C72F
336+  C72F              printChar19:
337+  C72F 0E 19                    ld    c, 19h
338+  C731 C3 E4 C5                 jp    printChar2
339+  C734
340+  C734              ; ---------------------------------------------------------------------------
341+  C734
342+  C734              printChar1A:
343+  C734 0E 1A                    ld    c, 1Ah
344+  C736 C3 E4 C5                 jp    printChar2
345+  C739
346+  C739              ; ---------------------------------------------------------------------------
347+  C739              ; Режим эхопечати на принтере. Включается ESC+P
348+  C739
349+  C739              printChar_esc3:
350+  C739                          ; Выходим, из режима, если код нулевой
351+  C739 79                       ld    a, c
352+  C73A B7                       or    a
353+  C73B C8                       ret z
354+  C73C
355+  C73C                          ; Печать на принтере
356+  C73C CD FC C4                 call  printer
357+  C73F
358+  C73F                          ; Печать на экране
359+  C73F CD E4 C5                 call  printChar2
360+  C742
361+  C742                          ; Находимся в этом режиме до кода 0 или ESC
362+  C742 3E 03                    ld    a, 3
363+  C744 32 EB 8F                 ld    (bios_vars.escMode),a
364+  C747 C9                       ret
365+  C748
366+  C748              ; ---------------------------------------------------------------------------
367+  C748              ; Продолжение обработки ESC+I. Перемещение курсора вверх с прокруткой экрана
368+  C748
369+  C748              printChar_eI_2:
370+  C748                          ; Если cursorY > 18, перемещаем курсор вверх и выходим
371+  C748 FE 13                    cp    19
372+  C74A D2 E4 C5                 jp nc,  printChar2
373+  C74D
374+  C74D                          ; Устанаваливаем bios_vars.cursorY=8
375+  C74D 3E 08                    ld    a, 8
376+  C74F 32 FC 8F                 ld    (bios_vars.cursorY),a
377+  C752 C9                       ret
378+  C753
379+  C753              ; ---------------------------------------------------------------------------
380+  C753              ; Обработка ESC+I. Перемещение курсора вверх с прокруткой экрана
381+  C753
382+  C753              printChar_eI:
383+  C753                          ; Используется дальше функцией printChar2
384+  C753 0E 19                    ld    c, 19h
385+  C755
386+  C755                          ; Прокручиваем экран вних, только если bios_vars.cursorY == 8.
387+  C755                          ; иначе переходим на printChar_eI_2
388+  C755 3A FC 8F                 ld    a, (bios_vars.cursorY)
389+  C758 FE 08                    cp    8
390+  C75A C2 48 C7                 jp nz,  printChar_eI_2
391+  C75D
 90   C75D                  INCLUDE "scrollDown.inc"
  1+  C75D              ;+---------------------------------------------------------------------------
  2+  C75D              ; MXOS
  3+  C75D              ; Прокрутка экрана вниз
  4+  C75D              ;
  5+  C75D              ; На выходе
  6+  C75D              ;   af, bc - сохраняются
  7+  C75D              ;
  8+  C75D              ; 2013-12-12 Дизассемблировано vinxru
  9+  C75D              ;----------------------------------------------------------------------------
 10+  C75D
 11+  C75D                          ; Сохраняем регистры
 12+  C75D C5                       push    bc
 13+  C75E F5                       push    af
 14+  C75F 21 00 00                 ld      hl, 0
 15+  C762 39                       add     hl,sp
 16+  C763 22 F6 8F                 ld      (bios_vars.oldSP), hl
 17+  C766
 18+  C766                          ; Подготовка переменных
 19+  C766 31 00 C0                 ld      sp, 0C000h    ; Куда
 20+  C769 26 BF                    ld      h, 0BFh       ; Откуда
 21+  C76B 06 30                    ld      b, 48         ; Столбцов
 22+  C76D 0E 29        loc_C741:   ld      c, 246 / 6    ; 246 строк
 23+  C76F 2E F5                    ld      l, 245        ; Начинаем с 245 строки
 24+  C771
 25+  C771              loc_C745:   ; Копируем 6 байт из hl в sp
 26+  C771 56                       ld      d, (hl)
 27+  C772 2B                       dec     hl
 28+  C773 5E                       ld      e, (hl)
 29+  C774 2B                       dec     hl
 30+  C775 D5                       push    de
 31+  C776 56                       ld      d, (hl)
 32+  C777 2B                       dec     hl
 33+  C778 5E                       ld      e, (hl)
 34+  C779 2B                       dec     hl
 35+  C77A D5                       push    de
 36+  C77B 56                       ld      d, (hl)
 37+  C77C 2B                       dec     hl
 38+  C77D 5E                       ld      e, (hl)
 39+  C77E 2B                       dec     hl
 40+  C77F D5                       push    de
 41+  C780
 42+  C780                          ; Цикл
 43+  C780 0D                       dec     c
 44+  C781 C2 71 C7                 jp nz,  loc_C745
 45+  C784
 46+  C784                          ; Сохраняем h
 47+  C784 7C                       ld      a, h
 48+  C785
 49+  C785                          ; Очищаем верхние 10 строк
 50+  C785 2A FA 8F                 ld      hl, (bios_vars.inverse)
 51+  C788 E5                       push    hl
 52+  C789 E5                       push    hl
 53+  C78A E5                       push    hl
 54+  C78B E5                       push    hl
 55+  C78C E5                       push    hl
 56+  C78D
 57+  C78D                          ; Восстанавливаем h
 58+  C78D 67                       ld      h, a
 59+  C78E
 60+  C78E                          ; Следующий столбец
 61+  C78E 05                       dec     b
 62+  C78F C2 6D C7                 jp nz,  loc_C741
 63+  C792
 64+  C792                          ; Восстанавлиаем регистры и выходим
 65+  C792 2A F6 8F                 ld      hl, (bios_vars.oldSP)
 66+  C795 F9                       ld      sp, hl
 67+  C796 F1                       pop     af
 68+  C797 C1                       pop     bc
 69+  C798 C9                       ret
 70+  C799
 91   C799                  INCLUDE "scrollUp2.inc"
  1+  C799              ;+---------------------------------------------------------------------------
  2+  C799              ; MXOS
  3+  C799              ; Прокрутка экрана вверх (продолжение)
  4+  C799              ;
  5+  C799              ; 2013-12-12 Дизассемблировано vinxru
  6+  C799              ;----------------------------------------------------------------------------
  7+  C799
  8+  C799              scrollUp2:  ; Копируем 246 байт из sp в H0
  9+  C799 0E 29                    ld    c, 246 / 6
 10+  C79B 2E 00                    ld    l, 0
 11+  C79D
 12+  C79D              scrollUp2_0:      ; Копирование 6 байт из sp в hl
 13+  C79D D1                       pop   de
 14+  C79E 73                       ld  (hl), e
 15+  C79F 23                       inc   hl
 16+  C7A0 72                       ld  (hl), d
 17+  C7A1 23                       inc   hl
 18+  C7A2 D1                       pop   de
 19+  C7A3 73                       ld  (hl), e
 20+  C7A4 23                       inc   hl
 21+  C7A5 72                       ld  (hl), d
 22+  C7A6 23                       inc   hl
 23+  C7A7 D1                       pop   de
 24+  C7A8 73                       ld  (hl), e
 25+  C7A9 23                       inc   hl
 26+  C7AA 72                       ld  (hl), d
 27+  C7AB 23                       inc   hl
 28+  C7AC
 29+  C7AC                          ; Цикл
 30+  C7AC 0D                       dec   c
 31+  C7AD C2 9D C7                 jp nz,  scrollUp2_0
 32+  C7B0
 33+  C7B0                          ; Сохраняем h
 34+  C7B0 7C                       ld    a, h
 35+  C7B1
 36+  C7B1                          ; Заполняем 10 байт
 37+  C7B1 2A FA 8F                 ld    hl, (bios_vars.inverse)
 38+  C7B4 E5                       push  hl
 39+  C7B5 E5                       push  hl
 40+  C7B6 E5                       push  hl
 41+  C7B7 E5                       push  hl
 42+  C7B8 E5                       push  hl
 43+  C7B9
 44+  C7B9                          ; Следующий столбец (sp += 20)
 45+  C7B9 21 14 00                 ld    hl, 14h
 46+  C7BC 39                       add   hl,sp
 47+  C7BD F9                       ld    sp, hl
 48+  C7BE
 49+  C7BE                          ; Восстанавливаем h
 50+  C7BE 67                       ld    h, a
 51+  C7BF
 52+  C7BF                          ; Следующий столбец
 53+  C7BF 24                       inc   h
 54+  C7C0
 55+  C7C0                          ; Цикл
 56+  C7C0 05                       dec   b
 57+  C7C1 C2 99 C7                 jp nz,  scrollUp2
 58+  C7C4
 59+  C7C4                          ; Восстановление регистров и выход
 60+  C7C4 2A F6 8F                 ld    hl, (bios_vars.oldSP)
 61+  C7C7 F9                       ld    sp, hl
 62+  C7C8 F1                       pop   af
 63+  C7C9 C1                       pop   bc
 64+  C7CA C9                       ret
 65+  C7CB
 92   C7CB                  INCLUDE "checkRAMD.inc"
  1+  C7CB              ;+---------------------------------------------------------------------------
  2+  C7CB              ; MXOS
  3+  C7CB              ; Исправленная функция определения размера ДОЗУ
  4+  C7CB              ; Заимствовано из RAMFOS
  5+  C7CB              ;
  6+  C7CB              ; На входе
  7+  C7CB              ;  а  = максимальный номер страницы, константа MAX_ARAM_PAGE
  8+  C7CB              ;  hl = адрес в странице ДОЗУ для записи тестового байта
  9+  C7CB              ;
 10+  C7CB              ; На выходе
 11+  C7CB              ;  bios_vars.ramPageCount = максимальный номер страницы
 12+  C7CB              ;  NZ - ДОЗУ найдено (наоборот относительно стандратной функции Ramfos)
 13+  C7CB              ;   Z - ДОЗУ не найдено
 14+  C7CB              ;
 15+  C7CB              ; 2013-11-01 Разработано vinxru
 16+  C7CB              ; 2022-02-02 Доработано SpaceEnigneer
 17+  C7CB              ;----------------------------------------------------------------------------
 18+  C7CB
 19+  C7CB              checkRAMD:  ; Устанавливаем побайтовый драйвер.
 20+  C7CB                          ; Восстанавливать блочный драйвер не надо,
 21+  C7CB                          ; т.к. он будет установлен в reboot3
 22+  C7CB 06 01                    ld      b, 1
 23+  C7CD CD 9C CA                 call    setRAMDDriver
 24+  C7D0
 25+  C7D0                          ; Записываем во все страницы порядковые номера от большей к меньшей
 26+  C7D0              checkRAMD_0:
 27+  C7D0 4F                       ld      c, a
 28+  C7D1 0C                       inc     c
 29+  C7D2 CD D0 FF                 call    bios_RAMDWrite
 30+  C7D5 3D                       dec     a
 31+  C7D6 F2 D0 C7                 jp p,   checkRAMD_0
 32+  C7D9
 33+  C7D9                          ; Читаем номера. Если номер прочитан корректно, значит есть такая страница
 34+  C7D9                          ; a = -1
 35+  C7D9
 36+  C7D9              checkRAMD_1:
 37+  C7D9                          ; Читаем следующую страницу
 38+  C7D9 3C                       inc     a
 39+  C7DA CD C0 FF                 call    bios_RAMDRead
 40+  C7DD
 41+  C7DD                           ; Должен быть записан номер страницы + 1, если нет, то выходим
 42+  C7DD 0D                       dec     c
 43+  C7DE B9                       cp      c
 44+  C7DF C2 EC C7                 jp nz,  checkRAMD_2
 45+  C7E2
 46+  C7E2                          ; Сохраняем номер последней страницы + 1
 47+  C7E2 3C                       inc     a
 48+  C7E3 32 F8 8F                 ld      (bios_vars.ramPageCount), a
 49+  C7E6 3D                       dec     a
 50+  C7E7
 51+  C7E7                          ; Это максимум, выходим
 52+  C7E7 FE 10                    cp      RAMD_MAX_PAGE          ; RAMD_MAX_PAGE не может быть нулем!
 53+  C7E9 C2 D9 C7                 jp nz,  checkRAMD_1
 54+  C7EC
 55+  C7EC              checkRAMD_2:
 56+  C7EC                          ; Если ДОЗУ найдено, выходим c флагом NZ
 57+  C7EC B7                       or      a
 58+  C7ED C0                       ret nz
 59+  C7EE
 60+  C7EE                          ; В случае ошибки заносим в ramPageCount ноль и выходим с флагом Z
 61+  C7EE 32 F8 8F                 ld      (bios_vars.ramPageCount), a
 62+  C7F1 C9                       ret
 63+  C7F2
 93   C7F2
 94   C7F2                  ORG_PAD 0C800h
 94   C7F2             >         IF $ > 0C800h
 94   C7F2 ~           >           ; вывод сообщения об ошибке
 94   C7F2 ~           >           ASSERT 0
 94   C7F2 ~           >           DISPLAY /l, "Error! ORG_PAD failed! ", $, " is more than ", adr
 94   C7F2             >         ELSE
 94   C7F2             >           ; заполнение памяти
 94   C7F2 FF FF FF... >           BLOCK 0C800h-$, 0FFh
 94   C7F6             >         ENDIF
 94   C800             >         ORG 0C800h
 95   C800                  INCLUDE "jmps_c800.inc"
  1+  C800              ;+---------------------------------------------------------------------------
  2+  C800              ; MXOS
  3+  C800              ; Стандартные точки входа C800
  4+  C800              ;
  5+  C800              ; 2013-12-12 Дизассемблировано vinxru
  6+  C800              ;---------------------------------------------------------------------------
  7+  C800
  8+  C800 C3 81 C9     j_reboot3:      jp  reboot3             ; C800: Запустить NC.COM
  9+  C803 C3 37 C3     j_getch:        jp  getch               ; C803: Ожидание ввода с клавиатуры
 10+  C806 C3 77 C3     j_tapeRead:     jp  t_tapeRead          ; C806: Чтение байта с магнитофона
 11+  C809 C3 37 C0     j_printChar:    jp  printChar           ; C809: Вывод символа на экран
 12+  C80C C3 7A C3     j_tapeWrite:    jp  t_tapeWrite         ; C80C: Запись байта на магнитофон
 13+  C80F C3 D2 C8                     jp  input               ; C80F: Ввод строки с клавиатуры
 14+  C812 C3 03 C0                     jp  j_keyScan           ; C812: Получить код нажатой клавиши
 15+  C815 C3 B2 C8                     jp  printHexByte        ; C815: Вывести 16-ричное число (байт)
 16+  C818 C3 38 C4     j_printString:  jp  printString1        ; C818: Вывести строку на экран
 17+  C81B C3 03 C0                     jp  j_keyScan           ; C81B: Получить код нажатой клавиши
 18+  C81E C3 93 C8                     jp  getCursorPos        ; C81E: Получить координаты курсора в hl (координаты в пикселях)
 19+  C821 C3 90 C8                     jp  setCursorPos        ; C821: Установить координаты курсора из hl (координаты в пикселях)
 20+  C824 C3 7D C3                     jp  t_tapeLoad          ; C824: Загрузить программу с магнитофона
 21+  C827 C3 80 C3                     jp  t_tapeSave          ; C827: Сохранить программу на магнитофон
 22+  C82A C3 6A C9                     jp  calcCS              ; C82A: Расчет контрольной суммы
 23+  C82D C3 A7 C8                     jp  printHexWord        ; C82D: Вывести 16-ричное число (слово)
 24+  C830 C3 A3 C8                     jp  getMemTop           ; C830: Получить объем доступной памяти
 25+  C833 C3 97 C8                     jp  setMemTop           ; C833: Установить объем доступной памяти
 26+  C836 C3 FC C4                     jp  printer             ; C836: Напечатать байт на принтере
 27+  C839                  IF RAMFOS_COMPATIBILITY
 28+  C839 C3 D3 C3                     jp  strToHex            ; C839: [MXOS2] Преобразвоние строки в HEX формате в число
 29+  C83C                  ELSE
 30+  C83C ~                            jp  j_reboot3           ; C839: Запустить NC.COM
 31+  C83C                  ENDIF
 32+  C83C C3 81 C9                     jp  reboot3             ; C83C: Запустить NC.COM
 33+  C83F C3 2D D1                     jp  fileList            ; C83F: Получить список файлов
 34+  C842 C3 C3 CB                     jp  fileGetSetDrive     ; C842: Получить/установить активное устройство
 35+  C845 C3 CC CE                     jp  fileCreate          ; C845: Создать файл
 36+  C848 C3 09 D0                     jp  fileLoad            ; C848: Загрузить файл по адресу из заголовка этого файла
 37+  C84B C3 7A D0                     jp  fileDelete          ; C84B: Удалить файл
 38+  C84E C3 AC D0                     jp  fileRename          ; C84E: Переименовать файл
 39+  C851 C3 5C D0                     jp  fileLoadInfo        ; C851: Загрузить информацию о файле
 40+  C854 C3 08 D1                     jp  fileGetSetAddr      ; C854: Получить/установить адрес загрузки файла
 41+  C857 C3 E3 D0                     jp  fileGetSetAttr      ; C857: Получить/установить атрибуты файла
 42+  C85A C3 B8 D1                     jp  fileNamePrepare     ; C85A: Преобразовать имя файла во внутренний формат
 43+  C85D C3 2B CA                     jp  fileExec            ; C85D: Запустить файл
 44+  C860 C3 AC CB                     jp  installDriver       ; C860: Установить драйвер накопителя
 45+  C863 C3 FE CA     j_diskDriver:   jp  diskDriver          ; C863: Драйвер выбранного диска
 46+  C866 C3 FF CF                     jp  fileLoad2           ; C866: Загрузить файл по адресу de
 47+  C869 C3 03 C6                     jp  printChar_real      ; C869: [MXOS2] Вывод символа на экран (только реальные символы)
 48+  C86C C3 52 D2                     jp  printDecWord        ; C86C: [MXOS2] Вывод числа экран в десятичной форме
 49+  C86F C3 9C CA                     jp  setRAMDDriver       ; C86F: [MXOS2] Установить драйвер доступа к ДОЗУ
 50+  C872 C3 EA CD                     jp  getDriveFreeSpace   ; C872: [MXOS2] Получить оставшийся свободный объем диска
 51+  C875 C3 15 CC                     jp  upperCase           ; C875: [MXOS2] Перевод кода символа КОИ-8 в верхний регистр
 52+  C878 C3 F5 CB                     jp  strcmp              ; C878: [MXOS2] Сравнение строк, чувствительное к регистру
 53+  C87B C3 FF CB                     jp  stricmp             ; C87B: [MXOS2] Сравнение строк, нечувствительное к регистру
 54+  C87E C3 96 D2                     jp  sub_hl_de           ; C87E: [MXOS2] Вычитание hl и de: hl = hl - de
 55+  C881 C3 9D D2                     jp  div_hl_2            ; C881: [MXOS2] Деление hl на 2: hl = hl / 2
 56+  C884 C3 A5 D2                     jp  mul_hl_de           ; C884: [MXOS2] Умножение hl на de: hl = hl * de
 57+  C887 C3 CA D2                     jp  div_hl_de           ; C887: [MXOS2] Деление hl на de: hl = hl / de, de = hl % de
 58+  C88A C3 BF CE                     jp  fileCreatePrepare   ; C88A: [MXOS2] подготовить файл
 59+  C88D C3 41 D0                     jp  fileTransferClusters ; C88D: [MXOS2] передать кластеры
 60+  C890
 96   C890                  INCLUDE "setGetCursorPos.inc"
  1+  C890              ;+---------------------------------------------------------------------------
  2+  C890              ; MXOS
  3+  C890              ; Установить положение курсора
  4+  C890              ;
  5+  C890              ; На входе
  6+  C890              ;  h - координата X в пикселях / 2
  7+  C890              ;  l - координата Y в пикселях
  8+  C890              ;
  9+  C890              ; На выходе
 10+  C890              ;  af, bc, de, hl - Сохраняются
 11+  C890              ;
 12+  C890              ; 2013-12-12 Дизассемблировано vinxru
 13+  C890              ;----------------------------------------------------------------------------
 14+  C890
 15+  C890 22 FC 8F     setCursorPos:     ld    (bios_vars.cursorY), hl
 16+  C893
 17+  C893              ;----------------------------------------------------------------------------
 18+  C893              ; Получить положение курсора
 19+  C893              ;
 20+  C893              ; На выходе
 21+  C893              ;  af, bc, de - Сохраняются
 22+  C893              ;  h - координата X в пикселях / 2
 23+  C893              ;  l - координата Y в пикселях
 24+  C893              ;----------------------------------------------------------------------------
 25+  C893
 26+  C893 2A FC 8F     getCursorPos:     ld    hl, (bios_vars.cursorY)
 27+  C896 C9                       ret
 28+  C897
 97   C897                  INCLUDE "setGetMemTop.inc"
  1+  C897              ;+---------------------------------------------------------------------------
  2+  C897              ; MXOS
  3+  C897              ; Установить объем доступной памяти
  4+  C897              ;
  5+  C897              ; На входе
  6+  C897              ;  hl - доступная память. Если меньше 0D000h, то значение не изменяется.
  7+  C897              ;
  8+  C897              ; На выходе
  9+  C897              ;  все регистры сохраняются
 10+  C897              ;
 11+  C897              ; 2013-12-12 Дизассемблировано vinxru
 12+  C897              ;----------------------------------------------------------------------------
 13+  C897
 14+  C897 F5           setMemTop:  push  af
 15+  C898 7C                       ld    a, h
 16+  C899 FE D0                    cp    0D0h
 17+  C89B DA A1 C8                 jp c, setMemTop_0
 18+  C89E 22 12 D3                   ld  (v_memTop), hl
 19+  C8A1 F1           setMemTop_0:      pop   af
 20+  C8A2 C9                       ret
 21+  C8A3
 22+  C8A3              ;----------------------------------------------------------------------------
 23+  C8A3              ; Получить объем доступной памяти
 24+  C8A3              ;
 25+  C8A3              ; На выходе
 26+  C8A3              ;  hl - доступная память
 27+  C8A3              ;
 28+  C8A3              ; На выходе
 29+  C8A3              ;  все регистры сохраняются
 30+  C8A3              ;----------------------------------------------------------------------------
 31+  C8A3
 32+  C8A3 2A 12 D3     getMemTop:  ld    hl, (v_memTop)
 33+  C8A6 C9                       ret
 34+  C8A7
 98   C8A7                  INCLUDE "printHex.inc"
  1+  C8A7              ;+---------------------------------------------------------------------------
  2+  C8A7              ; MXOS
  3+  C8A7              ; Вывод 16-ричного числа на экран (слово)
  4+  C8A7              ;
  5+  C8A7              ; На входе
  6+  C8A7              ;  hl - число
  7+  C8A7              ;
  8+  C8A7              ; На выходе
  9+  C8A7              ;  все регистры сохраняются
 10+  C8A7              ;
 11+  C8A7              ; 2013-12-12 Дизассемблировано vinxru
 12+  C8A7              ;----------------------------------------------------------------------------
 13+  C8A7
 14+  C8A7              printHexWord:     ; Сохраняем регистры
 15+  C8A7 F5                       push  af
 16+  C8A8
 17+  C8A8                          ; Старший байт
 18+  C8A8 7C                       ld    a, h
 19+  C8A9 CD B2 C8                 call  printHexByte
 20+  C8AC
 21+  C8AC                          ; Младшйи байт
 22+  C8AC 7D                       ld    a, l
 23+  C8AD CD B2 C8                 call  printHexByte
 24+  C8B0
 25+  C8B0                          ; Восстаналиваем регистры
 26+  C8B0 F1                       pop   af
 27+  C8B1 C9                       ret
 28+  C8B2
 29+  C8B2              ;----------------------------------------------------------------------------
 30+  C8B2              ; Вывод 16-ричного числа на экран (байт)
 31+  C8B2              ;
 32+  C8B2              ; На входе
 33+  C8B2              ;  a - число
 34+  C8B2              ;
 35+  C8B2              ; На выходе
 36+  C8B2              ;  все регистры сохраняются
 37+  C8B2              ;----------------------------------------------------------------------------
 38+  C8B2
 39+  C8B2              printHexByte:     ; Сохраняем регистры
 40+  C8B2 C5                       push  bc
 41+  C8B3 F5                       push  af
 42+  C8B4
 43+  C8B4                          ; Сохраняем a для вывода второй цифры
 44+  C8B4 47                       ld    b, a
 45+  C8B5
 46+  C8B5                          ; Первая цифра - старшие 4 бита
 47+  C8B5 07                       rlca
 48+  C8B6 07                       rlca
 49+  C8B7 07                       rlca
 50+  C8B8 07                       rlca
 51+  C8B9 CD C3 C8                 call  printHexNibble
 52+  C8BC
 53+  C8BC                          ; Вторая цифра - младщие 4 бита
 54+  C8BC 78                       ld    a, b
 55+  C8BD CD C3 C8                 call  printHexNibble
 56+  C8C0
 57+  C8C0                          ; Восстаналиваем регистры
 58+  C8C0 F1                       pop   af
 59+  C8C1 C1                       pop   bc
 60+  C8C2 C9                       ret
 61+  C8C3
 62+  C8C3              ;----------------------------------------------------------------------------
 63+  C8C3              ; Вывод 16-ричного числа на экран (цифра)
 64+  C8C3              ;
 65+  C8C3              ; На входе
 66+  C8C3              ;  a - число, используются младшие 4 бита
 67+  C8C3              ;
 68+  C8C3              ; На выходе
 69+  C8C3              ;  c, a - изменяются, остальные регистры сохраняются
 70+  C8C3              ;----------------------------------------------------------------------------
 71+  C8C3
 72+  C8C3 E6 0F        printHexNibble:   and   0Fh
 73+  C8C5 C6 30                    add   a, '0'
 74+  C8C7 FE 3A                    cp    '9'+1
 75+  C8C9 DA CE C8                 jp c, printHexNib_0
 76+  C8CC C6 07                      add a, 'A'-'0'-10
 77+  C8CE 4F           printHexNib_0:    ld    c, a
 78+  C8CF C3 09 C8                 jp    j_printChar
 79+  C8D2
 99   C8D2                  INCLUDE "input.inc"
  1+  C8D2              ;+---------------------------------------------------------------------------
  2+  C8D2              ; MXOS
  3+  C8D2              ; Ввод строки
  4+  C8D2              ;
  5+  C8D2              ; На входе
  6+  C8D2              ;  hl - начало буфера
  7+  C8D2              ;  de - конец буфера
  8+  C8D2              ;
  9+  C8D2              ; На выходе
 10+  C8D2              ;  bc, de, hl - сохраняются
 11+  C8D2              ;
 12+  C8D2              ; 2013-12-12 Дизассемблировано vinxru
 13+  C8D2              ;----------------------------------------------------------------------------
 14+  C8D2
 15+  C8D2              input:      ; Сохраняем регистры
 16+  C8D2 E5                       push  hl
 17+  C8D3 C5                       push  bc
 18+  C8D4 F5                       push  af
 19+  C8D5
 20+  C8D5                          ; Сохраняем значения
 21+  C8D5 22 04 D3                 ld    (v_input_start), hl
 22+  C8D8 EB                       ex    de, hl
 23+  C8D9 22 06 D3                 ld    (v_input_end), hl
 24+  C8DC
 25+  C8DC                          ; Помещаем в конец буфера 0
 26+  C8DC 62                       ld    h, d
 27+  C8DD 6B                       ld    l, e
 28+  C8DE 36 00                    ld  (hl), 0
 29+  C8E0
 30+  C8E0              input_loop: ; Ждем клавиашу
 31+  C8E0 CD 03 C8                 call  j_getch
 32+  C8E3 4F                       ld    c, a
 33+  C8E4
 34+  C8E4                          ; Нажата служебная клавиша
 35+  C8E4 FE 20                    cp    20h
 36+  C8E6 DA 38 C9                 jp c, input_spec
 37+  C8E9
 38+  C8E9                          ; Нажата клавиша Back space
 39+  C8E9 FE 7F                    cp    7Fh
 40+  C8EB CA 27 C9                 jp z, input_bkspc
 41+  C8EE
 42+  C8EE                          ; ...
 43+  C8EE                          ;nop
 44+  C8EE                          ;nop
 45+  C8EE                          ;nop
 46+  C8EE
 47+  C8EE                          ; Это конец буфера
 48+  C8EE E5                       push  hl
 49+  C8EF 2A 06 D3                 ld    hl, (v_input_end)
 50+  C8F2 CD 89 C3                 call  cmp_hl_de_2
 51+  C8F5 E1                       pop   hl
 52+  C8F6 C2 02 C9                 jp nz,  loc_C8DE
 53+  C8F9 CD 89 C3                 call  cmp_hl_de_2
 54+  C8FC CA E0 C8                 jp z, input_loop
 55+  C8FF 1A                       ld    a, (de)
 56+  C900 1B                       dec   de
 57+  C901 12                       ld    (de),a
 58+  C902 C5           loc_C8DE:   push  bc
 59+  C903 44                       ld    b, h
 60+  C904 4D                       ld    c, l
 61+  C905 03                       inc   bc
 62+  C906 CD 97 C3                 call  memmove_bc_hl
 63+  C909 C1                       pop   bc
 64+  C90A 71                       ld  (hl), c       ; *hl++     = c;
 65+  C90B CD 09 C8                 call  j_printChar ; Вывод     символа     на экран
 66+  C90E 23                       inc   hl
 67+  C90F 13                       inc   de
 68+  C910 E5           loc_C8EC:   push  hl
 69+  C911 2A FC 8F                 ld    hl, (bios_vars.cursorY)
 70+  C914 E3                       ex    (sp), hl
 71+  C915 E5                       push  hl
 72+  C916 CD 18 C8                 call  j_printString
 73+  C919 0E 20                    ld    c, ' '
 74+  C91B CD 09 C8                 call  j_printChar
 75+  C91E E1                       pop   hl
 76+  C91F E3                       ex    (sp), hl
 77+  C920 22 FC 8F                 ld    (bios_vars.cursorY), hl
 78+  C923 E1                       pop   hl
 79+  C924
 80+  C924                          ; Продолжение
 81+  C924 C3 E0 C8                 jp    input_loop
 82+  C927
 83+  C927              ; ---------------------------------------------------------------------------
 84+  C927
 85+  C927              input_bkspc:      ; Если курсор в начале строки ничего не удаляем
 86+  C927 CD 89 C3                 call  cmp_hl_de_2
 87+  C92A CA E0 C8                 jp z, input_loop
 88+  C92D
 89+  C92D                          ; Сдвигаем строку
 90+  C92D 44                       ld    b, h
 91+  C92E 4D                       ld    c, l
 92+  C92F 23                       inc   hl
 93+  C930 CD 97 C3                 call  memmove_bc_hl
 94+  C933
 95+  C933                          ; Уменьшаем положение курсора
 96+  C933 2B                       dec   hl
 97+  C934
 98+  C934 1B                       dec   de
 99+  C935 C3 10 C9                 jp    loc_C8EC
100+  C938
101+  C938              ; ---------------------------------------------------------------------------
102+  C938
103+  C938              input_spec: ; Нажато влево
104+  C938 FE 08                    cp    8
105+  C93A CA 4C C9                 jp z, input_left
106+  C93D
107+  C93D                          ; Нажато вправо
108+  C93D FE 18                    cp    18h
109+  C93F CA 60 C9                 jp z, input_right
110+  C942
111+  C942                          ; Нажат не ввод
112+  C942 FE 0D                    cp    0Dh
113+  C944 C2 E0 C8                 jp nz,  input_loop
114+  C947
115+  C947                          ; Нажат ввод
116+  C947
117+  C947                          ; Сохраняем в конец стрки 0D
118+  C947 12                       ld    (de),a
119+  C948
120+  C948                          ; Восстанавливаем регистры и выходим
121+  C948 F1                       pop   af
122+  C949 C1                       pop   bc
123+  C94A E1                       pop   hl
124+  C94B C9                       ret
125+  C94C
126+  C94C              ; ---------------------------------------------------------------------------
127+  C94C
128+  C94C              input_left: ; Если курсор в начале строки (hl==v_input_start) не перемещаем курсор
129+  C94C EB                       ex    de, hl
130+  C94D E5                       push  hl
131+  C94E 2A 04 D3                 ld    hl, (v_input_start)
132+  C951 CD 89 C3                 call  cmp_hl_de_2
133+  C954 E1                       pop   hl
134+  C955 EB                       ex    de, hl
135+  C956 CA E0 C8                 jp z, input_loop
136+  C959
137+  C959                          ; Уменьшаем положение курсора
138+  C959 2B                       dec   hl
139+  C95A
140+  C95A              input_lr:   ; Перемещаем курсор вправо/влево
141+  C95A CD 09 C8                 call  j_printChar
142+  C95D
143+  C95D                          ; Продолжаем ввод
144+  C95D C3 E0 C8                 jp    input_loop
145+  C960
146+  C960              ; ---------------------------------------------------------------------------
147+  C960
148+  C960              input_right:      ; Если курсор в конце строк (hl==de) не перемещаем курсор
149+  C960 CD 89 C3                 call  cmp_hl_de_2
150+  C963 CA E0 C8                 jp z, input_loop
151+  C966
152+  C966                          ; Увеличиваем положение курсора
153+  C966 23                       inc   hl
154+  C967
155+  C967                          ; Общее продолжение
156+  C967 C3 5A C9                 jp    input_lr
157+  C96A
100   C96A                  INCLUDE "calcCS.inc"
  1+  C96A              ;+---------------------------------------------------------------------------
  2+  C96A              ; MXOS
  3+  C96A              ; Расчет контрольной суммы
  4+  C96A              ;
  5+  C96A              ; На входе
  6+  C96A              ;  hl - начальный адрес
  7+  C96A              ;  de - конечный адрес
  8+  C96A              ;
  9+  C96A              ; На выходе
 10+  C96A              ;  bc - контрольная сумма
 11+  C96A              ;
 12+  C96A              ; 2013-12-12 Дизассемблировано vinxru
 13+  C96A              ;----------------------------------------------------------------------------
 14+  C96A
 15+  C96A 01 00 00     calcCS:     ld      bc, 0
 16+  C96D 7E           calcCS_1:   ld      a, (hl)
 17+  C96E 81                       add     a, c
 18+  C96F 4F                       ld      c, a
 19+  C970 F5                       push    af
 20+  C971 CD 89 C3                 call    cmp_hl_de_2
 21+  C974 CA 7F C9                 jp z,   calcCS_2
 22+  C977 F1                       pop     af
 23+  C978 78                       ld      a, b
 24+  C979 8E                       ADC     a, (hl)
 25+  C97A 47                       ld      b, a
 26+  C97B 23                       inc     hl
 27+  C97C C3 6D C9                 jp      calcCS_1
 28+  C97F F1           calcCS_2:   pop     af
 29+  C980 C9                       ret
 30+  C981
101   C981                  INCLUDE "reboot3.inc"
  1+  C981              ;+---------------------------------------------------------------------------
  2+  C981              ; MXOS
  3+  C981              ; Обновление драйвера по адресу 0FFC0h и запуск NC.COM,
  4+  C981              ; а также однократный запуск AUTOEXEC.BAT, если не нажата клавиша.
  5+  C981              ;
  6+  C981              ; 2013-12-12 Дизассемблировано vinxru
  7+  C981              ;----------------------------------------------------------------------------
  8+  C981
  9+  C981              reboot3:    ; Инициализация стека
 10+  C981 31 C0 FF                 ld      sp, STACK_ADDR
 11+  C984
 12+  C984                          ; Устанавливаем блочный драйвер
 13+  C984 06 00                    ld      b, 0
 14+  C986 CD 9C CA                 call    setRAMDDriver
 15+  C989
 16+  C989                          ; Обновляем переменные
 17+  C989 21 00 C8                 ld      hl, j_reboot3
 18+  C98C 22 E1 8F                 ld      (bios_vars.tapeError), hl
 19+  C98F
 20+  C98F              reboot3_0:
 21+  C98F C3 92 C9                 jp      reboot3_1
 22+  C992
 23+  C992              ; -------------------------------------
 24+  C992              ; Код ниже будет выполнен лишь один раз после холодной перезагрузки.
 25+  C992              ; То есть при теплой перезагрузке он не вызывается.
 26+  C992
 27+  C992              reboot3_1:
 28+  C992                          ; Патчим предыдущую инструкцию - теперь она стала jp reboot3_2
 29+  C992 21 C9 C9                 ld      hl, reboot3_2
 30+  C995 22 90 C9                 ld      (reboot3_0+1), hl
 31+  C998
 32+  C998                          ; Устанавливаем побайтовый драйвер
 33+  C998 06 01                    ld      b, 1
 34+  C99A CD 9C CA                 call    setRAMDDriver
 35+  C99D
 36+  C99D                          ; Если в рам-диске по адресу 0FF00h (последний неполный сектор)
 37+  C99D                          ; нет специальной метки, значит, не запускали форматирование
 38+  C99D 21 BF FF                 ld      hl, 0FFBFh      ; адрес в странице
 39+  C9A0 AF                       xor     a               ; 0 страница
 40+  C9A1 CD C0 FF                 call    bios_RAMDRead
 41+  C9A4 79                       ld      a, c            ; считанный байт в c
 42+  C9A5 FE 5A                    cp      5Ah
 43+  C9A7 CA BB C9                 jp z,   skipFormat      ; метка есть - пропускаем форматирование
 44+  C9AA
 45+  C9AA                          ; Записываем метку
 46+  C9AA AF                       xor     a               ; 0 страница
 47+  C9AB 0E 5A                    ld      c, 5Ah          ; записываемый байт
 48+  C9AD CD D0 FF                 call    bios_RAMDWrite
 49+  C9B0
 50+  C9B0                          ; Устанавливаем блочный драйвер
 51+  C9B0 06 00                    ld      b, 0
 52+  C9B2 CD 9C CA                 call    setRAMDDriver
 53+  C9B5
 54+  C9B5                          ; Запуск файла "A:FORMAT.BAT"
 55+  C9B5 21 74 D3                 ld      hl, pathFormatBat
 56+  C9B8 CD 2B CA                 call    fileExec
 57+  C9BB
 58+  C9BB              skipFormat:
 59+  C9BB                          ; Если нажата клавиша, пропустить запуск A:AUTOEX.BAT
 60+  C9BB 3A E1 FF                 ld      a, (IO_KEYB_B)
 61+  C9BE E6 02                    and     2
 62+  C9C0 CA C9 C9                 jp z,   reboot3_2
 63+  C9C3
 64+  C9C3                          ; Запуск файла A:AUTOEXEC.BAT
 65+  C9C3 21 65 D3                 ld      hl, pathAutoexecBat
 66+  C9C6 CD 2B CA                 call    fileExec
 67+  C9C9
 68+  C9C9              ; -------------------------------------
 69+  C9C9
 70+  C9C9              reboot3_2:
 71+  C9C9                          ; Запуск файла A:NC.COM
 72+  C9C9 21 5C D3                 ld      hl, pathNcCom
 73+  C9CC CD 2B CA                 call    fileExec
 74+  C9CF
 75+  C9CF                          ; Теплая перезагрузка
 76+  C9CF C3 00 C8                 jp      j_reboot3
 77+  C9D2
102   C9D2                  INCLUDE "fileExecBat.inc"
  1+  C9D2              ;+---------------------------------------------------------------------------
  2+  C9D2              ; MXOS
  3+  C9D2              ; Запустить BAT файл. Вызывается функцией fileExec
  4+  C9D2              ;
  5+  C9D2              ; 2013-12-12 Дизассемблировано vinxru
  6+  C9D2              ;----------------------------------------------------------------------------
  7+  C9D2
  8+  C9D2              execBat:
  9+  C9D2 D1                       pop     de
 10+  C9D3
 11+  C9D3                          ; Устанавливаем адрес загрузки BAT-файла на BAT_BUFFER (= FC00h)
 12+  C9D3 21 00 E8                 ld      hl, BAT_BUFFER
 13+  C9D6 22 10 D3                 ld      (v_batPtr), hl
 14+  C9D9 EB                       ex      de, hl
 15+  C9DA
 16+  C9DA                          ; Изменяем адрес загрузки BAT-файла
 17+  C9DA                          ; TODO: это не работает с ром-диском (A: без поддержки записи). Поэтому
 18+  C9DA                          ; нельзя запустить BAT-файл с диска A:, если его адрес загрузки в каталоге
 19+  C9DA                          ; уже не прошит как FC00h (= BAT_BUFFER)
 20+  C9DA 21 DF D3                 ld      hl, v_curFileDescr
 21+  C9DD 0E 01                    ld      c, 1
 22+  C9DF CD 08 D1                 call    fileGetSetAddr
 23+  C9E2 DA 8C CA                 jp c,   badCommand
 24+  C9E5
 25+  C9E5                          ; Сохраняем имя BAT-файла
 26+  C9E5 21 DF D3                 ld      hl, v_curFileDescr
 27+  C9E8 11 EA D3                 ld      de, v_curFileDescr + FILE_NAME_LENGTH + 3
 28+  C9EB 01 FF D3                 ld      bc, v_batFileDescr
 29+  C9EE CD 97 C3                 call    memmove_bc_hl
 30+  C9F1
 31+  C9F1                          ; Сохраняем диск содержащий BAT-файл
 32+  C9F1 3A FF D2                 ld      a, (v_drive)
 33+  C9F4 32 FC C9                 ld      (v_batDrive+1), a   ; самомодификация кода
 34+  C9F7
 35+  C9F7                          ; Этот цикл выполняется для каждой строки BAT-файла
 36+  C9F7              execBat_loop:
 37+  C9F7
 38+  C9F7                          ; Сохраняем текущий диск в регистре b
 39+  C9F7 3A FF D2                 ld      a, (v_drive)
 40+  C9FA 47                       ld      b, a
 41+  C9FB
 42+  C9FB              v_batDrive:
 43+  C9FB                          ; Выбрать диск содержащий BAT файл
 44+  C9FB 3E 01                    ld      a, 1 ; << сюда вместо 1 пишется диск, содержащий BAT файл
 45+  C9FD CD CB CB                 call    fileSelectDrive
 46+  CA00
 47+  CA00                          ; Загрузить BAT-файл в память
 48+  CA00 21 FF D3                 ld      hl, v_batFileDescr
 49+  CA03 CD 09 D0                 call    fileLoad
 50+  CA06 2A 10 D3                 ld      hl, (v_batPtr)
 51+  CA09
 52+  CA09                          ; Сохраняем начало строки
 53+  CA09 54                       ld      d, h
 54+  CA0A 5D                       ld      e, l
 55+  CA0B
 56+  CA0B                          ; Ищем конец строки
 57+  CA0B              execBat_0:
 58+  CA0B 7E                       ld      a, (hl)
 59+  CA0C 23                       inc     hl
 60+  CA0D
 61+  CA0D                          ; Найден конец строки, запускаем файл
 62+  CA0D FE 0D                    cp      0Dh
 63+  CA0F CA 1D CA                 jp z,   execBat_1
 64+  CA12
 65+  CA12                          ; Принимать также Unix-перевод строки. Файлы из Git и
 66+  CA12                          ; современных редакторов часто заканчиваются байтом 0Ah.
 67+  CA12 FE 0A                    cp      0Ah
 68+  CA14 CA 1D CA                 jp z,   execBat_1
 69+  CA17
 70+  CA17                          ; Конец файла
 71+  CA17 FE FF                    cp      0FFh
 72+  CA19 C2 0B CA                 jp nz,  execBat_0
 73+  CA1C C9                       ret
 74+  CA1D
 75+  CA1D              ; ---------------------------------------------------------------------------
 76+  CA1D
 77+  CA1D              execBat_1:
 78+  CA1D                          ; Сохраняем указатель
 79+  CA1D 22 10 D3                 ld      (v_batPtr), hl
 80+  CA20
 81+  CA20                          ; Восстановление активного диска
 82+  CA20 78                       ld      a, b
 83+  CA21 CD CB CB                 call    fileSelectDrive
 84+  CA24
 85+  CA24                          ; Запустить файл
 86+  CA24 EB                       ex      de, hl
 87+  CA25 CD 2B CA                 call    fileExec
 88+  CA28
 89+  CA28 C3 F7 C9                 jp      execBat_loop
 90+  CA2B
103   CA2B                  INCLUDE "fileExec.inc"
  1+  CA2B              ;+---------------------------------------------------------------------------
  2+  CA2B              ; MXOS
  3+  CA2B              ; Запустить файл
  4+  CA2B              ;
  5+  CA2B              ; На входе
  6+  CA2B              ;  hl - ком строка в формате [Диск:]файл[ аргументы]
  7+  CA2B              ;
  8+  CA2B              ; На выходе
  9+  CA2B              ;  сf - ошибка
 10+  CA2B              ;
 11+  CA2B              ; 2013-12-12 Дизассемблировано vinxru
 12+  CA2B              ;----------------------------------------------------------------------------
 13+  CA2B
 14+  CA2B              fileExec:   ; Сюда будем записывать результат
 15+  CA2B 11 00 FF                 ld      de, CMD_LINE
 16+  CA2E
 17+  CA2E                          ; Если первый символ меньше пробела, выходим c CF
 18+  CA2E 7E                       ld      a, (hl)
 19+  CA2F FE 20                    cp      ' '
 20+  CA31 DA 95 CA                 jp      c, stc_ret
 21+  CA34
 22+  CA34                          ; Максимальный размер ком строки (+2 терминатора, итого 82h)
 23+  CA34 0E 80                    ld      c, 80h
 24+  CA36
 25+  CA36              fileExec_0: ; Если символ меньше пробела, выходим
 26+  CA36 7E                       ld      a, (hl)
 27+  CA37 FE 20                    cp      20h
 28+  CA39 DA 43 CA                 jp c,   fileExec_1
 29+  CA3C
 30+  CA3C                          ; Копируем симовол из hl в de
 31+  CA3C 12                       ld      (de),a
 32+  CA3D 23                       inc     hl
 33+  CA3E 13                       inc     de
 34+  CA3F
 35+  CA3F                          ; Повторяем 80h раз
 36+  CA3F 0D                       dec     c
 37+  CA40 C2 36 CA                 jp nz,  fileExec_0
 38+  CA43
 39+  CA43              fileExec_1: ; В конец имени помещаем 13, 0
 40+  CA43 3E 0D                    ld      a, 0Dh
 41+  CA45 12                       ld      (de), a
 42+  CA46 13                       inc     de
 43+  CA47 AF                       xor     a
 44+  CA48 12                       ld      (de), a
 45+  CA49
 46+  CA49                          ; Выводим на экран 0Ah
 47+  CA49 CD 97 CA                 call    printCharA
 48+  CA4C
 49+  CA4C                          ; Выводим на экран имя файла
 50+  CA4C 21 00 FF                 ld      hl, CMD_LINE
 51+  CA4F CD 18 C8                 call    j_printString
 52+  CA52
 53+  CA52                          ; Подготовка имени файла
 54+  CA52 21 00 FF                 ld      hl, CMD_LINE
 55+  CA55 11 DF D3                 ld      de, v_curFileDescr
 56+  CA58 CD B8 D1                 call    fileNamePrepare
 57+  CA5B
 58+  CA5B                          ; Запоминаем в стеке текущий адрес командной строки (начало списка аргументов)
 59+  CA5B E5                       push    hl
 60+  CA5C
 61+  CA5C                          ; Если это BAT файл
 62+  CA5C 11 81 D3                 ld      de, aBat ; "BAT"
 63+  CA5F CD 31 CC                 call    cmpFileExt
 64+  CA62 CA D2 C9                 jp z,   execBat
 65+  CA65
 66+  CA65                          ; Если это COM или EXE файл
 67+  CA65 CD 31 CC                 call    cmpFileExt
 68+  CA68 CA 71 CA                 jp z,   execExeCom
 69+  CA6B CD 31 CC                 call    cmpFileExt
 70+  CA6E C2 8B CA                 jp nz,  execError
 71+  CA71
 72+  CA71              execExeCom:
 73+  CA71                          ; Вытаскиваем из стека текущий адрес командной строки (начало списка аргументов)
 74+  CA71 D1                       pop     de
 75+  CA72
 76+  CA72                          ; Загрузить файл
 77+  CA72 21 DF D3                 ld      hl, v_curFileDescr
 78+  CA75 CD 09 D0                 call    fileLoad
 79+  CA78 DA 8C CA                 jp c,   badCommand
 80+  CA7B
 81+  CA7B                          ; Адрес командной строки
 82+  CA7B D5                       push    de
 83+  CA7C
 84+  CA7C                          ; Выводим на экран 0Ah
 85+  CA7C                          ;call printCharA
 86+  CA7C
 87+  CA7C                          ; hl = указатель на адрес загрузки (= адрес запуска) файла
 88+  CA7C 11 12 00                 ld      de, FILE_DESCRIPTOR.loadAddress   ; смещение поля с адресом загрузки
 89+  CA7F 19                       add     hl, de
 90+  CA80
 91+  CA80                          ; de = адрес загрузки (= адрес запуска) файла
 92+  CA80 5E                       ld      e, (hl)
 93+  CA81 23                       inc     hl
 94+  CA82 56                       ld      d, (hl)
 95+  CA83
 96+  CA83                          ; Адрес возврата
 97+  CA83 21 89 CA                 ld      hl, defAppReturn
 98+  CA86 E3                       ex      (sp), hl
 99+  CA87
100+  CA87                          ; Запуск программы (переход на de)
101+  CA87 EB                       ex      de, hl  ; hl <--> de
102+  CA88 E9                       jp      (hl)    ; pc <-- hl
103+  CA89
104+  CA89              ; ---------------------------------------------------------------------------
105+  CA89
106+  CA89              defAppReturn:
107+  CA89 B7                       or  a
108+  CA8A C9                       ret
109+  CA8B
110+  CA8B              ; ---------------------------------------------------------------------------
111+  CA8B
112+  CA8B              execError:
113+  CA8B D1                       pop     de
114+  CA8C              badCommand:
115+  CA8C 21 A5 D3                 ld      hl, txtBadCommand; "\nBAD COMMAND or FILE NAME"
116+  CA8F CD 18 C8                 call    j_printString
117+  CA92 CD 03 C8                 call    j_getch          ; дать пользователю прочитать сообщение
118+  CA95              stc_ret:
119+  CA95 37                       scf
120+  CA96 C9                       ret
121+  CA97
122+  CA97              ; ---------------------------------------------------------------------------
123+  CA97
124+  CA97              printCharA:
125+  CA97 0E 0A                    ld  c, 0Ah
126+  CA99 C3 09 C8                 jp  j_printChar
127+  CA9C
104   CA9C                  INCLUDE "driverFFC0.inc"
  1+  CA9C              ;+---------------------------------------------------------------------------
  2+  CA9C              ; MXOS
  3+  CA9C              ; Драйверы диска в ДОЗУ (часть, которая копируется на адрес 0FFC0h)
  4+  CA9C              ;
  5+  CA9C              ; 2013-12-12 Дизассемблировано и доработано vinxru
  6+  CA9C              ; 2022-02-02 Доработано SpaceEngineer
  7+  CA9C              ;----------------------------------------------------------------------------
  8+  CA9C
  9+  CA9C              ;----------------------------------------------------------------------------
 10+  CA9C              ; Установить драйвер доступа к ДОЗУ в окно разделяемой памяти
 11+  CA9C              ; Специалиста-MX (FFC0h-FFDEh)
 12+  CA9C              ;
 13+  CA9C              ; вход:
 14+  CA9C              ;  b = 0 - установить блочный драйвер, b = 1 - установить побайтовый драйвер
 15+  CA9C              ;
 16+  CA9C              ; 2022-02-02 SpaceEngineer
 17+  CA9C              ;----------------------------------------------------------------------------
 18+  CA9C
 19+  CA9C              setRAMDDriver:
 20+  CA9C E5                       push  hl
 21+  CA9D D5                       push  de
 22+  CA9E C5                       push  bc
 23+  CA9F F5                       push  af
 24+  CAA0 05                       dec   b
 25+  CAA1 CA AD CA                 jp z, setRAMDDriver_1
 26+  CAA4
 27+  CAA4                          ; Адреса блочного драйвера
 28+  CAA4 21 BE CA                 ld    hl, driverBlockStart
 29+  CAA7 11 DE CA                 ld    de, driverBlockEnd
 30+  CAAA C3 B3 CA                 jp    setRAMDDriver_2
 31+  CAAD
 32+  CAAD              setRAMDDriver_1:
 33+  CAAD                          ; Адреса побайтового драйвера
 34+  CAAD 21 DE CA                 ld    hl, driverByteStart
 35+  CAB0 11 FE CA                 ld    de, driverByteEnd
 36+  CAB3
 37+  CAB3                          ; Копируем драйвер на адрес bc = bios_RAMDRead = 0FFC0h
 38+  CAB3              setRAMDDriver_2:
 39+  CAB3 01 C0 FF                 ld    bc, bios_RAMDRead
 40+  CAB6 CD 2D C4                 call  memcpy_bc_hl
 41+  CAB9
 42+  CAB9                          ; Восстанавливаем регистры и выходим
 43+  CAB9 F1                       pop   af
 44+  CABA C1                       pop   bc
 45+  CABB D1                       pop   de
 46+  CABC E1                       pop   hl
 47+  CABD C9                       ret
 48+  CABE
 49+  CABE              ;----------------------------------------------------------------------------
 50+  CABE              ; Блочный драйвер, обрабатывает сразу блок 256 байт
 51+  CABE              ;
 52+  CABE              ; FFC0h - чтение 256-байтного блока
 53+  CABE              ;   вход:
 54+  CABE              ;     c = номер страницы
 55+  CABE              ;     d = номер блока
 56+  CABE              ;     e = 0
 57+  CABE              ;     hl = адрес буфера в памяти
 58+  CABE              ;
 59+  CABE              ; FFD0h - запись 256-байтного блока
 60+  CABE              ;   вход:
 61+  CABE              ;     c = номер страницы
 62+  CABE              ;     d = номер блока
 63+  CABE              ;     e = 0
 64+  CABE              ;     hl = адрес буфера в памяти
 65+  CABE              ;
 66+  CABE              ;----------------------------------------------------------------------------
 67+  CABE
 68+  CABE              ; Чтение 256-байтного блока с диска
 69+  CABE
 70+  CABE              driverBlockStart: ; эта п/п копируется на FFC0h
 71+  CABE 79                       ld      a, c
 72+  CABF 32 FD FF                 ld      (IO_PAGE_RAMD), a
 73+  CAC2 1A                       ld      a, (de)
 74+  CAC3 32 FC FF                 ld      (IO_PAGE_RAM), a
 75+  CAC6 77                       ld      (hl), a
 76+  CAC7 23                       inc     hl
 77+  CAC8 1C                       inc     e
 78+  CAC9 C2 C0 FF                 jp nz,  0FFC0h
 79+  CACC C9                       ret
 80+  CACD
 81+  CACD                          ; осталось места: 1 байт
 82+  CACD 00                       nop
 83+  CACE
 84+  CACE              ; Запись 256-байтного блока на диск
 85+  CACE
 86+  CACE              driverBlockWrite: ; эта п/п копируется на FFD0h
 87+  CACE 46                       ld      b, (hl)
 88+  CACF 79                       ld      a, c
 89+  CAD0 32 FD FF                 ld      (IO_PAGE_RAMD), a
 90+  CAD3 78                       ld      a, b
 91+  CAD4 12                       ld      (de), a
 92+  CAD5 32 FC FF                 ld      (IO_PAGE_RAM), a
 93+  CAD8 23                       inc     hl
 94+  CAD9 1C                       inc     e
 95+  CADA C2 D0 FF                 jp nz,  0FFD0h
 96+  CADD C9                       ret
 97+  CADE
 98+  CADE                          ; осталось места: 0 байт
 99+  CADE
100+  CADE              driverBlockEnd:
101+  CADE
102+  CADE              ;----------------------------------------------------------------------------
103+  CADE              ; Побайтовый драйвер, обрабатывает только 1 байт
104+  CADE              ;
105+  CADE              ; FFC0h - чтение байта
106+  CADE              ;   вход:
107+  CADE              ;     a  = номер страницы
108+  CADE              ;     hl = адрес байта в странице ДОЗУ
109+  CADE              ;   выход:
110+  CADE              ;     c  = считанный байт
111+  CADE              ;
112+  CADE              ; FFD0h - запись байта
113+  CADE              ;   вход:
114+  CADE              ;     a  = номер страницы
115+  CADE              ;     hl = байта в странице ДОЗУ
116+  CADE              ;     c  = записываемый байт
117+  CADE              ;
118+  CADE              ;----------------------------------------------------------------------------
119+  CADE
120+  CADE              driverByteStart: ; эта п/п копируется на FFC0h
121+  CADE 32 FD FF                 ld      (IO_PAGE_RAMD), a
122+  CAE1 4E                       ld      c, (hl)
123+  CAE2 32 FC FF                 ld      (IO_PAGE_RAM), a
124+  CAE5 C9                       ret
125+  CAE6
126+  CAE6                          ; осталось места: 8 байт
127+  CAE6 00                       nop
128+  CAE7 00                       nop
129+  CAE8 00                       nop
130+  CAE9 00                       nop
131+  CAEA 00                       nop
132+  CAEB 00                       nop
133+  CAEC 00                       nop
134+  CAED 00                       nop
135+  CAEE
136+  CAEE              driverByteWrite: ; эта п/п копируется на FFD0h
137+  CAEE 32 FD FF                 ld      (IO_PAGE_RAMD), a
138+  CAF1 71                       ld      (hl), c
139+  CAF2 32 FC FF                 ld      (IO_PAGE_RAM), a
140+  CAF5 C9                       ret
141+  CAF6
142+  CAF6                          ; осталось места: 8 байт
143+  CAF6 00                       nop
144+  CAF7 00                       nop
145+  CAF8 00                       nop
146+  CAF9 00                       nop
147+  CAFA 00                       nop
148+  CAFB 00                       nop
149+  CAFC 00                       nop
150+  CAFD 00                       nop
151+  CAFE
152+  CAFE              driverByteEnd:
153+  CAFE
154+  CAFE              ; ---------------------------------------------------------------------------
155+  CAFE
156+  CAFE              ; Проверка, что драйверы влезаеют в 32 байта разделяемой памяти Специалиста-MX
157+  CAFE
158+  CAFE                  IF driverBlockWrite-driverBlockStart+bios_RAMDRead != bios_RAMDWrite
159+  CAFE ~                    ASSERT 0
160+  CAFE ~                    DISPLAY /l, "Error! Block briver entry point FFD0 has been shifted: ", driverBlockWrite-driverBlockStart+bios_RAMDRead, " != 0xFFD0"
161+  CAFE                  ENDIF
162+  CAFE
163+  CAFE                  IF driverByteWrite-driverByteStart+bios_RAMDRead != bios_RAMDWrite
164+  CAFE ~                    ASSERT 0
165+  CAFE ~                    DISPLAY /l, "Error! Byte briver entry point FFD0 has been shifted: ", driverByteWrite-driverByteStart+bios_RAMDRead, " != 0xFFD0"
166+  CAFE                  ENDIF
167+  CAFE
168+  CAFE                  IF driverBlockEnd-driverBlockStart > 32
169+  CAFE ~                    ASSERT 0
170+  CAFE ~                    DISPLAY /d, "Error! Block briver did not fit: ", driverBlockEnd-driverBlockStart, " > 32 bytes"
171+  CAFE                  ENDIF
172+  CAFE
173+  CAFE                  IF driverByteEnd-driverByteStart > 32
174+  CAFE ~                    ASSERT 0
175+  CAFE ~                    DISPLAY /d, "Error! Byte briver did not fit: ", driverByteEnd-driverByteStart, " > 32 bytes"
176+  CAFE                  ENDIF
177+  CAFE
105   CAFE                  INCLUDE "driverChecked.inc"
  1+  CAFE              ;+---------------------------------------------------------------------------
  2+  CAFE              ; Р’СЃС‚СЂРѕРµРЅРЅС‹Р№ РґСЂР°Р№РІРµСЂ ROM/RAM-РґРёСЃРєР°.
  3+  CAFE              ;
  4+  CAFE              ; Р”Р»СЏ С„СѓРЅРєС†РёР№ 1/2:
  5+  CAFE              ;   CF=0 - РѕРїРµСЂР°С†РёСЏ РІС‹РїРѕР»РЅРµРЅР°;
  6+  CAFE              ;   CF=1 - РѕС€РёР±РєР° РёР»Рё РЅРµРїРѕРґРґРµСЂР¶РёРІР°РµРјР°СЏ С„СѓРЅРєС†РёСЏ.
  7+  CAFE              ; Р’СЃРµ РІС…РѕРґРЅС‹Рµ СЂРµРіРёСЃС‚СЂС‹ СЃРѕС…СЂР°РЅСЏСЋС‚СЃСЏ. Р’СЃС‚СЂРѕРµРЅРЅС‹Р№ RAM-РґРёСЃРє РЅРµ РІС‹РїРѕР»РЅСЏРµС‚
  8+  CAFE              ; РїРѕРІС‚РѕСЂРЅРѕРµ С‡С‚РµРЅРёРµ: РґР»СЏ РћР—РЈ РѕРЅРѕ С‚РѕР»СЊРєРѕ СѓРґРІР°РёРІР°РµС‚ РѕР±СЉС‘Рј РѕР±РјРµРЅР°. РџСЂРѕРІРµСЂРєР°
  9+  CAFE              ; flash Рё СЃРёСЃС‚РµРјРЅРѕРіРѕ ROM РІС‹РїРѕР»РЅСЏРµС‚СЃСЏ РІ СЃРѕРѕС‚РІРµС‚СЃС‚РІСѓСЋС‰РёС… РґСЂР°Р№РІРµСЂР°С….
 10+  CAFE              ;----------------------------------------------------------------------------
 11+  CAFE
 12+  CAFE              diskDriver:
 13+  CAFE F5                       push    af
 14+  CAFF
 15+  CAFF 78                       ld      a, b
 16+  CB00 FE 03                    cp      3
 17+  CB02 CA 7E CB                 jp z,   diskDriver_s
 18+  CB05
 19+  CB05 E5                       push    hl
 20+  CB06 C5                       push    bc
 21+  CB07 D5                       push    de
 22+  CB08
 23+  CB08 3A FF D2                 ld      a, (v_drive)
 24+  CB0B 4F                       ld      c, a
 25+  CB0C
 26+  CB0C 05                       dec     b
 27+  CB0D CA 65 CB                 jp z,   diskDriver_w
 28+  CB10 05                       dec     b
 29+  CB11 CA 1A CB                 jp z,   diskDriver_r
 30+  CB14
 31+  CB14              popDBHA_error:
 32+  CB14 D1                       pop     de
 33+  CB15 C1                       pop     bc
 34+  CB16 E1                       pop     hl
 35+  CB17 F1                       pop     af
 36+  CB18 37                       scf
 37+  CB19 C9                       ret
 38+  CB1A
 39+  CB1A              ;----------------------------------------------------------------------------
 40+  CB1A              ; Р§С‚РµРЅРёРµ Р±Р»РѕРєР°.
 41+  CB1A
 42+  CB1A              diskDriver_r:
 43+  CB1A B7                       or      a
 44+  CB1B C2 5B CB                 jp nz,  ramDRead
 45+  CB1E
 46+  CB1E                  IF ROM_64K
 47+  CB1E 3E 80                    ld      a, 080h
 48+  CB20 AB                       xor     e
 49+  CB21 FA 47 CB                 jp m,   romMXRead
 50+  CB24
 51+  CB24 57                       ld      d, a
 52+  CB25 1E 00                    ld      e, 0
 53+  CB27 13                       inc     de
 54+  CB28 13                       inc     de
 55+  CB29 13                       inc     de
 56+  CB2A 13                       inc     de
 57+  CB2B
 58+  CB2B AF                       xor     a
 59+  CB2C 32 F8 FF                 ld      (IO_COLOR), a
 60+  CB2F              romStdReadLoop:
 61+  CB2F 32 FF FF                 ld      (IO_PAGE_STD), a
 62+  CB32 1A                       ld      a, (de)
 63+  CB33 32 FC F7                 ld      (IO_PAGE_RAM-800h), a
 64+  CB36 77                       ld      (hl), a
 65+  CB37 23                       inc     hl
 66+  CB38 13                       inc     de
 67+  CB39 3E 04                    ld      a, 4
 68+  CB3B BB                       cp      e
 69+  CB3C C2 2F CB                 jp nz,  romStdReadLoop
 70+  CB3F
 71+  CB3F 3E F0                    ld      a, COLOR_BIOS
 72+  CB41 32 F8 FF                 ld      (IO_COLOR), a
 73+  CB44 C3 70 CB                 jp      popDBHA_success
 74+  CB47                  ENDIF
 75+  CB47
 76+  CB47              romMXRead:
 77+  CB47              romMXReadDrv:
 78+  CB47 79                       ld      a, c
 79+  CB48 53                       ld      d, e
 80+  CB49 1E 00                    ld      e, 0
 81+  CB4B              romMXReadLoop:
 82+  CB4B 32 FE FF                 ld      (IO_PAGE_ROM), a
 83+  CB4E 1A                       ld      a, (de)
 84+  CB4F 32 FC FF                 ld      (IO_PAGE_RAM), a
 85+  CB52 77                       ld      (hl), a
 86+  CB53 23                       inc     hl
 87+  CB54 1C                       inc     e
 88+  CB55 C2 4B CB                 jp nz,  romMXReadLoop
 89+  CB58 C3 70 CB                 jp      popDBHA_success
 90+  CB5B
 91+  CB5B              ramDRead:
 92+  CB5B 4A                       ld      c, d
 93+  CB5C 53                       ld      d, e
 94+  CB5D 1E 00                    ld      e, 0
 95+  CB5F CD C0 FF                 call    bios_RAMDRead
 96+  CB62 C3 70 CB                 jp      popDBHA_success
 97+  CB65
 98+  CB65              ;----------------------------------------------------------------------------
 99+  CB65              ; Р—Р°РїРёСЃСЊ Р±Р»РѕРєР° RAM-РґРёСЃРєР°.
100+  CB65
101+  CB65              diskDriver_w:
102+  CB65 B7                       or      a
103+  CB66 CA 76 CB                 jp z,   diskWriteFailed
104+  CB69
105+  CB69 4A                       ld      c, d
106+  CB6A 53                       ld      d, e
107+  CB6B 1E 00                    ld      e, 0
108+  CB6D CD D0 FF                 call    bios_RAMDWrite
109+  CB70                          ; bios_RAMDWrite РІРѕР·РІСЂР°С‰Р°РµС‚ РѕСЃРЅРѕРІРЅСѓСЋ СЃС‚СЂР°РЅРёС†Сѓ РїРµСЂРµРґ RET.
110+  CB70                          ; Р“РѕСЂСЏС‡РёР№ С†РёРєР»: 70 С‚Р°РєС‚РѕРІ/Р±Р°Р№С‚, 17920 С‚Р°РєС‚РѕРІ РЅР° СЃРµРєС‚РѕСЂ
111+  CB70                          ; (РѕРєРѕР»Рѕ 9 РјСЃ РїСЂРё 2 РњР“С†): 256 С‡С‚РµРЅРёР№ РћР—РЈ, 256 Р·Р°РїРёСЃРµР№
112+  CB70                          ; RAM-РґРёСЃРєР° Рё 512 РїРµСЂРµРєР»СЋС‡РµРЅРёР№ РјР°РїРїРµСЂР°.
113+  CB70
114+  CB70              popDBHA_success:
115+  CB70 D1                       pop     de
116+  CB71 C1                       pop     bc
117+  CB72 E1                       pop     hl
118+  CB73 F1                       pop     af
119+  CB74 B7                       or      a
120+  CB75 C9                       ret
121+  CB76
122+  CB76              diskWriteFailed:
123+  CB76 3E 01                    ld      a, 1
124+  CB78 32 F9 8F                 ld      (bios_vars.diskWriteErr), a
125+  CB7B C3 14 CB                 jp      popDBHA_error
126+  CB7E
127+  CB7E              ;----------------------------------------------------------------------------
128+  CB7E              ; Р Р°Р·РјРµСЂ РЅР°РєРѕРїРёС‚РµР»СЏ.
129+  CB7E
130+  CB7E              diskDriver_s:
131+  CB7E 3A FF D2                 ld      a, (v_drive)
132+  CB81 B7                       or      a
133+  CB82 CA 94 CB                 jp z,   diskDriver_s_rom
134+  CB85
135+  CB85 3A F8 8F                 ld      a, (bios_vars.ramPageCount)
136+  CB88 5F                       ld      e, a
137+  CB89 16 00                    ld      d, 0
138+  CB8B 21 00 01                 ld      hl, 65536 / SECTOR_SIZE
139+  CB8E CD A5 D2                 call    mul_hl_de
140+  CB91 C3 97 CB                 jp      diskDriver_s_exit
141+  CB94
142+  CB94              diskDriver_s_rom:
143+  CB94 2A 38 D3                 ld      hl, (v_diskInfo.totalSectors)
144+  CB97
145+  CB97              diskDriver_s_exit:
146+  CB97 EB                       ex      hl, de
147+  CB98 21 2E D3                 ld      hl, v_diskInfo
148+  CB9B F1                       pop     af
149+  CB9C C9                       ret
150+  CB9D
151+  CB9D              ;----------------------------------------------------------------------------
152+  CB9D
153+  CB9D              diskDriverDummy:
154+  CB9D F5                       push    af
155+  CB9E 78                       ld      a, b
156+  CB9F FE 03                    cp      3
157+  CBA1 C2 A7 CB                 jp nz,  diskDriverDummyExit
158+  CBA4
159+  CBA4 11 00 00                 ld      de, 0
160+  CBA7
161+  CBA7              diskDriverDummyExit:
162+  CBA7 21 2E D3                 ld      hl, v_diskInfo
163+  CBAA F1                       pop     af
164+  CBAB C9                       ret
165+  CBAC
106   CBAC                  INCLUDE "installDriver.inc"
  1+  CBAC              ;+---------------------------------------------------------------------------
  2+  CBAC              ; MXOS
  3+  CBAC              ; Установить драйвер устройства
  4+  CBAC              ;
  5+  CBAC              ; На входе
  6+  CBAC              ;  a - диск
  7+  CBAC              ;  hl - адрес драйвера
  8+  CBAC              ;
  9+  CBAC              ; На выходе
 10+  CBAC              ;  hl - адрес структуры DISK_INFO
 11+  CBAC              ;
 12+  CBAC              ; 2013-12-12 Дизассемблировано vinxru
 13+  CBAC              ;----------------------------------------------------------------------------
 14+  CBAC
 15+  CBAC              installDriver:    ; Сохранение регистров
 16+  CBAC D5                       push de
 17+  CBAD E5                       push hl
 18+  CBAE
 19+  CBAE                          ; Максимум дисков
 20+  CBAE E6 07                    and 7
 21+  CBB0
 22+  CBB0                          ; Вычисление адреса в таблице дисков
 23+  CBB0 87                       add   a, a
 24+  CBB1 6F                       ld    l, a
 25+  CBB2 26 00                    ld    h, 0
 26+  CBB4 11 1E D3                 ld    de, v_drives
 27+  CBB7 19                       add   hl, de
 28+  CBB8
 29+  CBB8                          ; Установка драйвера
 30+  CBB8 D1                       pop   de
 31+  CBB9 73                       ld  (hl), e
 32+  CBBA 23                       inc   hl
 33+  CBBB 72                       ld  (hl), d
 34+  CBBC
 35+  CBBC                          ; Восстановление регистров
 36+  CBBC EB                       ex  de, hl
 37+  CBBD D1                       pop de
 38+  CBBE 0F                       rrca
 39+  CBBF
 40+  CBBF                          ; Передача адреса структуры v_diskInfo
 41+  CBBF 21 2E D3                 ld  hl, v_diskInfo
 42+  CBC2
 43+  CBC2                          ; Выход
 44+  CBC2 C9                       ret
 45+  CBC3
107   CBC3                  INCLUDE "fileGetSetDrive.inc"
  1+  CBC3              ;+---------------------------------------------------------------------------
  2+  CBC3              ; MXOS
  3+  CBC3              ; Получение/установка текущего накопителя.
  4+  CBC3              ; В режиме 1 функция переключает драйвер накопителя.
  5+  CBC3              ;
  6+  CBC3              ; На входе
  7+  CBC3              ;   e  - 0=чтение, 1=установка
  8+  CBC3              ;   a  - накопитель от 0 до 7
  9+  CBC3              ;
 10+  CBC3              ; На выходе
 11+  CBC3              ;   a  - накопитель
 12+  CBC3              ;   bc, de, hl - сохраняются
 13+  CBC3              ;
 14+  CBC3              ; 2013-12-12 Дизассемблировано vinxru
 15+  CBC3              ; 2022-02-02 Доработано SpaceEngineer
 16+  CBC3              ;----------------------------------------------------------------------------
 17+  CBC3
 18+  CBC3              fileGetSetDrive:
 19+  CBC3 1D                       dec     e
 20+  CBC4 CA CB CB                 jp z,   fileSelectDrive
 21+  CBC7 3A FF D2                 ld      a, (v_drive)
 22+  CBCA C9                       ret
 23+  CBCB
 24+  CBCB              ; ---------------------------------------------------------------------------
 25+  CBCB
 26+  CBCB              fileSelectDrive:
 27+  CBCB                          ; Максимум устройств - 1
 28+  CBCB E6 07                    and     7
 29+  CBCD
 30+  CBCD                          ; Если устройство не менялось, выходим
 31+  CBCD E5                       push    hl
 32+  CBCE 21 FF D2                 ld      hl, v_drive
 33+  CBD1 BF BE                    cp      a, (hl)
 34+  CBD3 E1                       pop     hl
 35+  CBD4 C8                       ret z
 36+  CBD5
 37+  CBD5                          ; Сохраняем выбранное устройство
 38+  CBD5 32 FF D2                 ld      (v_drive), a
 39+  CBD8
 40+  CBD8                          ; Пригодится ниже (a = a * 2)
 41+  CBD8 87                       add     a, a
 42+  CBD9
 43+  CBD9                          ; Сохраняем регистры
 44+  CBD9 E5                       push    hl
 45+  CBDA D5                       push    de
 46+  CBDB
 47+  CBDB                          ; Получаем точку входа драйвера
 48+  CBDB 6F                       ld      l, a
 49+  CBDC 26 00                    ld      h, 0
 50+  CBDE 11 1E D3                 ld      de, v_drives
 51+  CBE1 19                       add     hl, de
 52+  CBE2 5E                       ld      e, (hl)
 53+  CBE3 23                       inc     hl
 54+  CBE4 56                       ld      d, (hl)
 55+  CBE5 EB                       ex      de, hl
 56+  CBE6
 57+  CBE6                          ; Сохраняем её
 58+  CBE6 22 64 C8                 ld      (j_diskDriver+1), hl
 59+  CBE9
 60+  CBE9                          ; Восстаналвиаем a
 61+  CBE9 0F                       rrca
 62+  CBEA
 63+  CBEA                          ; Очищаем кэш fat
 64+  CBEA C5                       push    bc
 65+  CBEB CD 61 CC                 call    resetSectorCache
 66+  CBEE C1                       pop     bc
 67+  CBEF
 68+  CBEF                          ; Считываем загрузочный сектор и инициализируем структуру v_diskInfo
 69+  CBEF CD 1A CE                 call    fatReadBootSector
 70+  CBF2
 71+  CBF2                          ; Восстанавливаем регистры и выходим
 72+  CBF2 D1                       pop     de
 73+  CBF3 E1                       pop     hl
 74+  CBF4 C9                       ret
 75+  CBF5
108   CBF5                  INCLUDE "strcmp.inc"
  1+  CBF5              ;----------------------------------------------------------------------------
  2+  CBF5              ; MXOS
  3+  CBF5              ; Сравнение строк, чувстсвительное к регистру
  4+  CBF5              ;
  5+  CBF5              ; вход:
  6+  CBF5              ;  de = адрес строки 1
  7+  CBF5              ;  hl = адрес строки 2
  8+  CBF5              ;  c  = длина строки
  9+  CBF5              ;
 10+  CBF5              ; выход:
 11+  CBF5              ;  zf - строки равны
 12+  CBF5              ;
 13+  CBF5              ; регистры не сохраняются!
 14+  CBF5              ;
 15+  CBF5              ; 2022-02-11 SpaceEngineer
 16+  CBF5              ;----------------------------------------------------------------------------
 17+  CBF5
 18+  CBF5              strcmp:     ; Сравнение символов
 19+  CBF5 1A                       ld      a, (de)
 20+  CBF6 BE                       cp      (hl)
 21+  CBF7 C0                       ret nz          ; если символы не равны, выходим с флагом nz
 22+  CBF8 23                       inc     hl
 23+  CBF9 13                       inc     de
 24+  CBFA
 25+  CBFA                          ; Повтор цикла
 26+  CBFA 0D                       dec     c
 27+  CBFB C2 F5 CB                 jp nz,  strcmp
 28+  CBFE
 29+  CBFE                          ; Сравнили до конца и не вышли раньше - значит, строки равны
 30+  CBFE C9                       ret             ; выходим с флагом z
 31+  CBFF
 32+  CBFF              ;----------------------------------------------------------------------------
 33+  CBFF              ; MXOS
 34+  CBFF              ; Сравнение строк, нечувстсвительное к регистру
 35+  CBFF              ;
 36+  CBFF              ; вход:
 37+  CBFF              ;  hl = адрес строки 1
 38+  CBFF              ;  de = адрес строки 2
 39+  CBFF              ;  c  = длина строки
 40+  CBFF              ;
 41+  CBFF              ; выход:
 42+  CBFF              ;  zf = 1 - строки равны
 43+  CBFF              ;
 44+  CBFF              ; регистр bc сохраняется
 45+  CBFF              ;
 46+  CBFF              ; 2022-02-11 SpaceEngineer
 47+  CBFF              ;----------------------------------------------------------------------------
 48+  CBFF
 49+  CBFF C5           stricmp:    push    bc
 50+  CC00              stricmp_loop:
 51+  CC00                          ; Читаем символ из первой строки и переводим в верхний регистр
 52+  CC00 1A                       ld      a, (de)
 53+  CC01 CD 15 CC                 call    upperCase
 54+  CC04 47                       ld      b, a    ; сохраняем его в b
 55+  CC05
 56+  CC05                          ; Читаем символ из второй строки и переводим в верхний регистр
 57+  CC05 7E                       ld      a, (hl)
 58+  CC06 CD 15 CC                 call    upperCase
 59+  CC09
 60+  CC09                          ; Сравнение символов
 61+  CC09 B8                       cp      b
 62+  CC0A C2 13 CC                 jp nz,  stcicmp_exit    ; если символы не равны, выходим с флагом zf = 0
 63+  CC0D
 64+  CC0D                          ; Повтор цикла
 65+  CC0D 23                       inc     hl
 66+  CC0E 13                       inc     de
 67+  CC0F 0D                       dec     c
 68+  CC10 C2 00 CC                 jp nz,  stricmp_loop
 69+  CC13
 70+  CC13                          ; Сравнили до конца и не вышли раньше - значит, строки равны
 71+  CC13              stcicmp_exit:
 72+  CC13 C1                       pop     bc
 73+  CC14 C9                       ret             ; выходим с флагом zf = 1
 74+  CC15
 75+  CC15              ;----------------------------------------------------------------------------
 76+  CC15              ; MXOS
 77+  CC15              ; Преобразование кода символа КОИ-8 в верхний регистр.
 78+  CC15              ;
 79+  CC15              ; вход:
 80+  CC15              ;  a = символ
 81+  CC15              ;
 82+  CC15              ; выход:
 83+  CC15              ;  a = символ в верхнем регистре
 84+  CC15              ;
 85+  CC15              ; все регистры сохраняются
 86+  CC15              ;
 87+  CC15              ; 2022-02-11 SpaceEngineer
 88+  CC15              ;----------------------------------------------------------------------------
 89+  CC15
 90+  CC15              upperCase:  ; Цифры, знаки и прописные английские буквы - не меняем
 91+  CC15 FE 61                    cp      61h
 92+  CC17 D8                       ret c
 93+  CC18
 94+  CC18                          ; Строчные английские буквы - вычитаем 20h
 95+  CC18 FE 7B                    cp      7Bh
 96+  CC1A D2 20 CC                 jp nc,  upperCase1
 97+  CC1D D6 20                    sub     20h
 98+  CC1F C9                       ret
 99+  CC20
100+  CC20              upperCase1: ; Буква ё - прибавляем 10h
101+  CC20 FE A3                    cp      0A3h
102+  CC22 D2 28 CC                 jp nc,  upperCase2
103+  CC25 C6 10                    add     10h
104+  CC27 C9                       ret
105+  CC28
106+  CC28              upperCase2: ; Символы псевдографики - не меняем
107+  CC28 FE C0                    cp      0C0h
108+  CC2A D8                       ret c
109+  CC2B
110+  CC2B                          ; Заглавные русские буквы - не маняем
111+  CC2B FE E0                    cp      0E0h
112+  CC2D D0                       ret nc
113+  CC2E
114+  CC2E                          ; Строчные русские буквы - прибавляем 20h
115+  CC2E C6 20                    add     20h
116+  CC30 C9                       ret
117+  CC31
118+  CC31              ;+---------------------------------------------------------------------------
119+  CC31              ; MXOS
120+  CC31              ; Сравнение расширений файлов
121+  CC31              ;
122+  CC31              ; На входе
123+  CC31              ;  de - адрес расширения 1
124+  CC31              ;  v_curFileDescr - имя с расширением 2
125+  CC31              ;
126+  CC31              ; На выходе
127+  CC31              ;  zf = 0 - расширения равны
128+  CC31              ;  de = de+3
129+  CC31              ;
130+  CC31              ; 2013-12-12 Дизассемблировано vinxru
131+  CC31              ; 2022-02-11 Доработано SpaceEngineer
132+  CC31              ;----------------------------------------------------------------------------
133+  CC31
134+  CC31              cmpFileExt:
135+  CC31                          ; Адрес расширения
136+  CC31 21 E7 D3                 ld      hl, v_curFileDescr + FILE_NAME_LENGTH
137+  CC34 0E 03                    ld      c, 3   ; cравниваем 3 символа
138+  CC36 CD FF CB                 call    stricmp ; zf = 1 если равны
139+  CC39
140+  CC39                          ; Делаем так, чтобы на выходе функции de было
141+  CC39                          ; на 3 больше, чем на входе в функцию
142+  CC39 06 00                    ld      b, 0
143+  CC3B F5                       push    af
144+  CC3C EB                       ex      de, hl
145+  CC3D 09                       add     hl, bc
146+  CC3E EB                       ex      de, hl
147+  CC3F F1                       pop     af
148+  CC40
149+  CC40                          ; Выход
150+  CC40 C9                       ret
151+  CC41
109   CC41                  INCLUDE "fatCache.inc"
  1+  CC41              ;----------------------------------------------------------------------------
  2+  CC41              ; MXOS
  3+  CC41              ; Кэш секторов fat
  4+  CC41              ;
  5+  CC41              ; 2022-02-08 Разработано SpaceEngineer
  6+  CC41              ;----------------------------------------------------------------------------
  7+  CC41
  8+  CC41                  STRUCT  FAT_CACHE_DATA          ; размер структуры 8 байт
  9+  CC41 ~            number:         DW  0FFFFh          ; номер сектора
 10+  CC41 ~            address:        DW  FAT_CACHE_ADDR  ; адрес закешированного сектора в ОЗУ
 11+  CC41 ~            accessTime:     DW  0               ; последнее время обращения к сектору
 12+  CC41 ~            isModified:     DB  0               ; модифицирован ли сектор
 13+  CC41 ~            _align:         DB  0               ; для выравнивания
 14+  CC41                  ENDS
 15+  CC41
 16+  CC41              ; Массив из FAT_CACHE_CAPACITY структур длиной FAT_CACHE_DATA, инициализирован нулями
 17+  CC41 00 00 00...  cacheData:      BLOCK   FAT_CACHE_CAPACITY * FAT_CACHE_DATA, 0
 18+  CC61
 19+  CC61              ;----------------------------------------------------------------------------
 20+  CC61              ; MXOS
 21+  CC61              ; Инициализация кэша fat
 22+  CC61              ;
 23+  CC61              ; регисты НЕ сохраняются!
 24+  CC61              ;
 25+  CC61              ; 2022-02-08 Разработано SpaceEngineer
 26+  CC61              ;----------------------------------------------------------------------------
 27+  CC61
 28+  CC61              resetSectorCache:
 29+  CC61                      ; bc = системное время
 30+  CC61 CD 77 CD             call    getSystemTime
 31+  CC64
 32+  CC64                      ; В цикле записываем начальные значения во поля address
 33+  CC64 11 00 FB             ld      de, FAT_CACHE_ADDR      ; адрес буфера секторов
 34+  CC67 21 41 CC             ld      hl, cacheData           ; адрес первого элемента в массиве
 35+  CC6A 3E 04                ld      a,  FAT_CACHE_CAPACITY  ; счетчик цикла
 36+  CC6C
 37+  CC6C              resetCacheLoop:
 38+  CC6C                      ; Поле number = 0FFFFh
 39+  CC6C 36 FF                ld      (hl), 0FFh
 40+  CC6E 23                   inc     hl
 41+  CC6F 36 FF                ld      (hl), 0FFh
 42+  CC71 23                   inc     hl
 43+  CC72                      ; Поле address = de
 44+  CC72 73                   ld      (hl), e
 45+  CC73 23                   inc     hl
 46+  CC74 72                   ld      (hl), d
 47+  CC75 23                   inc     hl
 48+  CC76                      ; Поле accessTime = bc
 49+  CC76 71                   ld      (hl), c
 50+  CC77 23                   inc     hl
 51+  CC78 70                   ld      (hl), b
 52+  CC79 23                   inc     hl
 53+  CC7A                      ; Поле isModified = 0
 54+  CC7A 36 00                ld      (hl), 0
 55+  CC7C 23                   inc     hl
 56+  CC7D                      ; Поле isLoaded = 0
 57+  CC7D 36 00                ld      (hl), 0
 58+  CC7F 23                   inc     hl
 59+  CC80
 60+  CC80                      ; de += SECTOR_SIZE
 61+  CC80 14                   inc     d   ; это работает только с секторами по 256 байт
 62+  CC81
 63+  CC81                      ; Повтор чикла
 64+  CC81 3D                   dec     a
 65+  CC82 C2 6C CC             jp nz,  resetCacheLoop
 66+  CC85
 67+  CC85 C9                   ret
 68+  CC86
 69+  CC86              ;----------------------------------------------------------------------------
 70+  CC86              ; MXOS
 71+  CC86              ; Получение адреса закешированного сектора в памяти.
 72+  CC86              ; Если сектор не найден в кэше, он загружается с текущего накопителя.
 73+  CC86              ;
 74+  CC86              ; вход:
 75+  CC86              ;   de = номер сектора
 76+  CC86              ;   a  = 1 - установить флаг isModified сектора
 77+  CC86              ;
 78+  CC86              ; выход:
 79+  CC86              ;   hl = адрес сектора в буфере
 80+  CC86              ;
 81+  CC86              ;   регистры de, bc сохраняются
 82+  CC86              ;
 83+  CC86              ; 2022-02-08 Разработано SpaceEngineer
 84+  CC86              ;----------------------------------------------------------------------------
 85+  CC86
 86+  CC86              getSectorAddressInCache:
 87+  CC86 C5                   push    bc
 88+  CC87 D5                   push    de
 89+  CC88 47                   ld      b, a    ; b = isModified
 90+  CC89 EB                   ex      hl, de
 91+  CC8A
 92+  CC8A                      ; Находим сектор в кэше; если нету - кешируем
 93+  CC8A                      ; вход:  hl = номер сектора на диске
 94+  CC8A                      ; выход: hl = адрес сектора в ОЗУ
 95+  CC8A CD A7 CC             call    cacheSector
 96+  CC8D
 97+  CC8D D1                   pop     de
 98+  CC8E C1                   pop     bc
 99+  CC8F C9                   ret
100+  CC90
101+  CC90              ;----------------------------------------------------------------------------
102+  CC90              ; MXOS
103+  CC90              ; Получение адреса ячейки fat.
104+  CC90              ; Если сектор fat не найден в кэше, он загружается с текущего накопителя.
105+  CC90              ;
106+  CC90              ; вход:
107+  CC90              ;   de = номер ячейки fat
108+  CC90              ;   a  = 1 - установить флаг isModified сектора
109+  CC90              ;
110+  CC90              ; выход:
111+  CC90              ;   hl = адрес ячейки в буфере
112+  CC90              ;
113+  CC90              ; 2022-02-08 Разработано SpaceEngineer
114+  CC90              ;----------------------------------------------------------------------------
115+  CC90
116+  CC90              getFatCellAddress:
117+  CC90 C5                   push    bc
118+  CC91 47                   ld      b, a ; b = isModified
119+  CC92
120+  CC92                      ; Вычисляем номер сектора, где находится искомая ячейка fat
121+  CC92                      ; fatSectorNum  = (N * 2) / v_diskInfo.sectorSize + v_diskInfo.resSectors;
122+  CC92                      ; fatCellOffset = (N * 2) % v_diskInfo.sectorSize;
123+  CC92 2A 2E D3             ld      hl, (v_diskInfo.sectorSize)
124+  CC95 EB                   ex      hl, de
125+  CC96 29                   add     hl, hl      ; hl = N * 2
126+  CC97 CD CA D2             call    div_hl_de   ; выход: hl = номер сектора от начала fat; de = смещение ячейки в секторе
127+  CC9A D5                   push    de          ; de = смещение ячейки в секторе
128+  CC9B EB                   ex      hl, de
129+  CC9C 2A 32 D3             ld      hl, (v_diskInfo.resSectors)
130+  CC9F 19                   add     hl, de      ; hl += v_diskInfo.resSectors
131+  CCA0
132+  CCA0                      ; Находим сектор в кэше; если нету - кешируем
133+  CCA0                      ; вход:  hl = номер сектора на диске
134+  CCA0                      ; выход: hl = адрес сектора в ОЗУ
135+  CCA0 CD A7 CC             call    cacheSector
136+  CCA3
137+  CCA3                      ; Находим смещение ячейки fat в этом секторе
138+  CCA3 D1                   pop     de      ; de = смещение ячейки в секторе
139+  CCA4 19                   add     hl, de  ; hl = адрес ячейки в секторе
140+  CCA5
141+  CCA5 C1                   pop     bc
142+  CCA6 C9                   ret
143+  CCA7
144+  CCA7              ;----------------------------------------------------------------------------
145+  CCA7              ; MXOS
146+  CCA7              ; Поиск сектора в кэше. Если сектор не найден, то он загружается с накопителя.
147+  CCA7              ;
148+  CCA7              ; вход:
149+  CCA7              ;   hl = номер сектора
150+  CCA7              ;   b  = флаг модификации
151+  CCA7              ;
152+  CCA7              ; выход:
153+  CCA7              ;   hl = адрес начала сектора в памяти
154+  CCA7              ;
155+  CCA7              ; регистры de, bc сохраняются
156+  CCA7              ;
157+  CCA7              ; 2022-02-08 Разработано SpaceEngineer
158+  CCA7              ;----------------------------------------------------------------------------
159+  CCA7
160+  CCA7              cacheSector:
161+  CCA7                      ; Сохраняем регистры
162+  CCA7 D5                   push    de
163+  CCA8 C5                   push    bc
164+  CCA9
165+  CCA9                      ; Просматриваем массив структур cacheData в поисках сектора с номером hl
166+  CCA9 EB                   ex      hl, de                                      ; de = номер для поиска
167+  CCAA 21 41 CC             ld      hl, cacheData + FAT_CACHE_DATA.number       ; hl = адрес поля number в первом элементе массива
168+  CCAD 0E 04                ld      c,  FAT_CACHE_CAPACITY                      ; счетчик цикла
169+  CCAF              cff_FindSector:
170+  CCAF CD 83 CD             call    cmp_m_de            ; сравниваем [hl] и de
171+  CCB2 CA F2 CC             jp z,   cff_SectorFound     ; если равно, значит есть такой сектор в кэше
172+  CCB5 C5                   push    bc                  ; иначе переходим на следущий элемент массива
173+  CCB6 01 08 00             ld      bc, FAT_CACHE_DATA  ; bc = размер структуры FAT_CACHE_DATA
174+  CCB9 09                   add     hl, bc
175+  CCBA C1                   pop     bc
176+  CCBB 0D                   dec     c                   ; повтор цикла
177+  CCBC C2 AF CC             jp      nz, cff_FindSector
178+  CCBF
179+  CCBF                      ; Не не нашли сектор в массиве, загружаем его с накопителя на место наиболее давно использовавашегося
180+  CCBF D5                   push    de  ; de = номер сектора, который надо загрузить
181+  CCC0
182+  CCC0                      ; Ищем наиболее давно использовавашийся сектор (т.е. у которого самый маленький accessTime)
183+  CCC0 11 FF FF             ld      de, 0FFFFh                                  ; de = максимальный найденый accessTime сектора
184+  CCC3 21 45 CC             ld      hl, cacheData + FAT_CACHE_DATA.accessTime   ; hl = адрес поля accessTime в первом элементе массива
185+  CCC6 01 04 00             ld      bc, FAT_CACHE_CAPACITY                      ; b  = 0, c = счетчик цикла
186+  CCC9              cff_FindOldestSector:
187+  CCC9 CD 83 CD             call    cmp_m_de            ; сравниваем [hl] и de
188+  CCCC D2 D4 CC             jp nc,  cff_next            ; переход, если [hl] >= de
189+  CCCF 5E                   ld      e, (hl)             ; тут [hl] < de, запоминаем accessTime сектора в de
190+  CCD0 23                   inc     hl
191+  CCD1 56                   ld      d, (hl)
192+  CCD2 2B                   dec     hl
193+  CCD3 41                   ld      b, c                ; запоминаем итерацию цикла сектора в b
194+  CCD4              cff_next:
195+  CCD4 C5                   push    bc                  ; переходим на следущий элемент массива
196+  CCD5 01 08 00             ld      bc, FAT_CACHE_DATA  ; bc = размер структуры FAT_CACHE_DATA
197+  CCD8 09                   add     hl, bc
198+  CCD9 C1                   pop     bc
199+  CCDA 0D                   dec     c                   ; повтор цикла
200+  CCDB C2 C9 CC             jp      nz, cff_FindOldestSector
201+  CCDE
202+  CCDE                      ; Нашли наиболее давно использовавашийся сектор
203+  CCDE 3E 04                ld      a, FAT_CACHE_CAPACITY
204+  CCE0 90                   sub     b       ; a = индекс найденного сектора
205+  CCE1 17                   rla
206+  CCE2 17                   rla
207+  CCE3 17                   rla             ; a = a * 8 (размер структуры FAT_CACHE_DATA)
208+  CCE4 4F                   ld      c, a
209+  CCE5 06 00                ld      b, 0    ; bc = смещение сектора в массиве cacheData
210+  CCE7 21 41 CC             ld      hl, cacheData
211+  CCEA 09                   add     hl, bc  ; hl = адрес элемента массива
212+  CCEB
213+  CCEB                      ; Прежде чем загрузить новый сектор, старый надо сохранить, если его isModified не ноль
214+  CCEB CD 19 CD             call    saveSectorFromCache    ; записываем сектор на накопитель
215+  CCEE
216+  CCEE                      ; Загружаем новый сектор на место старого
217+  CCEE D1                   pop     de              ; de = номер сектора, который надо загрузить
218+  CCEF CD 06 CD             call    loadSectorToCache    ; загружаем сектор с накопителя
219+  CCF2
220+  CCF2                      ; Сектор найден или загружен, возвращаем его адрес
221+  CCF2                      ; Здесь hl = адрес элемента массива cacheData этого сектора
222+  CCF2              cff_SectorFound:
223+  CCF2
224+  CCF2 23                   inc     hl
225+  CCF3 23                   inc     hl      ; теперь hl = адрес поля address
226+  CCF4
227+  CCF4                      ; Читаем адрес сектора в de
228+  CCF4 5E                   ld      e, (hl)
229+  CCF5 23                   inc     hl
230+  CCF6 56                   ld      d, (hl) ; de = адрес сектора
231+  CCF7 23                   inc     hl      ; теперь hl = адрес поля accessTime
232+  CCF8
233+  CCF8                      ; Уcтанавливаем accessTime сектора
234+  CCF8 CD 77 CD             call    getSystemTime;  bc = системное время
235+  CCFB
236+  CCFB 71                   ld      (hl), c
237+  CCFC 23                   inc     hl
238+  CCFD 70                   ld      (hl), b ; de = адрес сектора
239+  CCFE 23                   inc     hl      ; теперь hl = адрес поля isModified
240+  CCFF
241+  CCFF                      ; Устанавливаем isModified, если в регистре b на входе в функцию был не ноль
242+  CCFF C1                   pop     bc      ; b = флаг модификации
243+  CD00 7E                   ld      a, (hl)
244+  CD01 B0                   or      b
245+  CD02 77                   ld      (hl), a
246+  CD03
247+  CD03                      ; hl = адрес сектора
248+  CD03 EB                   ex      hl, de
249+  CD04
250+  CD04                      ; Восстанавливаем регистры и выходим
251+  CD04 D1                   pop     de
252+  CD05 C9                   ret
253+  CD06
254+  CD06              ;----------------------------------------------------------------------------
255+  CD06              ; MXOS
256+  CD06              ; Загрузка сектора с накопителя в кэш
257+  CD06              ;
258+  CD06              ; вход:
259+  CD06              ;   hl = адрес структуры FAT_CACHE_DATA с описанием сектора
260+  CD06              ;   de = номер сектора
261+  CD06              ;
262+  CD06              ; регистры hl, de, bc сохраняются
263+  CD06              ;
264+  CD06              ; 2022-02-08 Разработано SpaceEngineer
265+  CD06              ;----------------------------------------------------------------------------
266+  CD06
267+  CD06              loadSectorToCache:
268+  CD06 E5                   push    hl
269+  CD07
270+  CD07                      ; Записываем номер сектора в структуру
271+  CD07 73                   ld      (hl), e
272+  CD08 23                   inc     hl
273+  CD09 72                   ld      (hl), d
274+  CD0A 23                   inc     hl      ; теперь hl = адрес поля address
275+  CD0B D5                   push    de
276+  CD0C
277+  CD0C                      ; Читаем в de адрес загрузки сектора
278+  CD0C 5E                   ld      e, (hl)
279+  CD0D 23                   inc     hl
280+  CD0E 56                   ld      d, (hl)
281+  CD0F 23                   inc     hl
282+  CD10
283+  CD10                      ; Загружаем сектор
284+  CD10                      ; Номер сектора = номер сектора, т.к. fat начинается с начала диска
285+  CD10 EB                   ex      hl, de  ; hl = адрес буфера
286+  CD11 D1                   pop     de      ; de = номер сектора
287+  CD12 06 02                ld      b, 2    ; режим - чтение
288+  CD14 CD 63 C8             call    j_diskDriver
289+  CD17
290+  CD17                      ; Восстанавливаем регситры и выходим
291+  CD17 E1                   pop     hl
292+  CD18 C9                   ret
293+  CD19
294+  CD19              ;----------------------------------------------------------------------------
295+  CD19              ; MXOS
296+  CD19              ; Запись сектора из кэша на накопитель, если его isModified не ноль
297+  CD19              ;
298+  CD19              ; вход:
299+  CD19              ;   hl = адрес структуры FAT_CACHE_DATA с описанием сектора
300+  CD19              ;
301+  CD19              ;   регистры hl, de, bc сохраняются
302+  CD19              ;
303+  CD19              ; 2022-02-08 Разработано SpaceEngineer
304+  CD19              ;----------------------------------------------------------------------------
305+  CD19
306+  CD19              saveSectorFromCache:
307+  CD19 E5                   push    hl
308+  CD1A D5                   push    de
309+  CD1B
310+  CD1B                      ; Проверяем, был ли изменен сектор
311+  CD1B C5                   push    bc
312+  CD1C 01 06 00             ld      bc, FAT_CACHE_DATA.isModified   ; bc = смещение поля isModified
313+  CD1F 09                   add     hl, bc      ; hl = адрес поля isModified
314+  CD20 C1                   pop     bc
315+  CD21 7E                   ld      a, (hl)     ; a = isModified
316+  CD22 B7                   or      a           ; a == 0?
317+  CD23 CA 39 CD             jp z,   ssfc_Exit   ; если isModified == 0, сектор не был изменен, и его не надо сохранять
318+  CD26
319+  CD26                      ; Обнуляем isModified
320+  CD26 36 00                ld      (hl), 0
321+  CD28
322+  CD28 2B                   dec     hl  ; теперь hl = адрес поля accessTime (ст. байт)
323+  CD29
324+  CD29 2B                   dec     hl
325+  CD2A 2B                   dec     hl  ; теперь hl = адрес поля address (ст. байт)
326+  CD2B
327+  CD2B                      ; Читаем в de адрес загрузки сектора
328+  CD2B 56                   ld      d, (hl)
329+  CD2C 2B                   dec     hl
330+  CD2D 5E                   ld      e, (hl)
331+  CD2E D5                   push    de  ; сохраняем его в стек
332+  CD2F
333+  CD2F 2B                   dec     hl  ; теперь hl = адрес поля number (ст. байт)
334+  CD30
335+  CD30                      ; Читаем в de номер сектора
336+  CD30 56                   ld      d, (hl)
337+  CD31 2B                   dec     hl
338+  CD32 5E                   ld      e, (hl)
339+  CD33
340+  CD33                      ; Записываем сектор
341+  CD33                      ; de = номер сектора
342+  CD33 E1                   pop     hl      ; hl = адрес загрузки сектора
343+  CD34 06 01                ld      b, 1    ; режим - запись
344+  CD36 CD 63 C8             call    j_diskDriver
345+  CD39
346+  CD39              ssfc_Exit:
347+  CD39                      ; Восстанавливаем регситры и выходим
348+  CD39 D1                   pop     de
349+  CD3A E1                   pop     hl
350+  CD3B C9                   ret
351+  CD3C
352+  CD3C              ;----------------------------------------------------------------------------
353+  CD3C              ; MXOS
354+  CD3C              ; Запись всех закешированных секторов на накопитель, если их isModified не ноль
355+  CD3C              ;
356+  CD3C              ; регистры hl, de, bc сохраняются
357+  CD3C              ;
358+  CD3C              ; 2022-02-08 Разработано SpaceEngineer
359+  CD3C              ;----------------------------------------------------------------------------
360+  CD3C
361+  CD3C              saveSectorCache:
362+  CD3C                      ; Сохраняем регситры
363+  CD3C E5                   push    hl
364+  CD3D D5                   push    de
365+  CD3E C5                   push    bc
366+  CD3F
367+  CD3F 21 41 CC             ld      hl, cacheData           ; hl = первый элемент в массиве cacheData
368+  CD42 11 08 00             ld      de, FAT_CACHE_DATA      ; de = размер элемента массива cacheData
369+  CD45 0E 04                ld      c,  FAT_CACHE_CAPACITY  ; счетчик цикла
370+  CD47              saveSectorCacheLoop:
371+  CD47 CD 19 CD             call    saveSectorFromCache     ; записываем сектор на накопитель
372+  CD4A 19                   add     hl, de
373+  CD4B 0D                   dec     c
374+  CD4C C2 47 CD             jp nz,  saveSectorCacheLoop
375+  CD4F
376+  CD4F                      ; Восстанавливаем регситры и выходим
377+  CD4F C1                   pop     bc
378+  CD50 D1                   pop     de
379+  CD51 E1                   pop     hl
380+  CD52 C9                   ret
381+  CD53
382+  CD53              ;----------------------------------------------------------------------------
383+  CD53              ; MXOS
384+  CD53              ; Вычисление номера сектора по номеру кластера
385+  CD53              ;
386+  CD53              ; вход:
387+  CD53              ;   de = номер кластера
388+  CD53              ;
389+  CD53              ; формула:
390+  CD53              ;   de = (de - 2) * v_diskInfo.sectorsPerCluster + v_diskInfo.dataStartSector
391+  CD53              ;
392+  CD53              ; выход:
393+  CD53              ;   de = номер сектора
394+  CD53              ;
395+  CD53              ;   регистры bc, hl сохраняются
396+  CD53              ;
397+  CD53              ; 2022-02-14 Разработано SpaceEngineer
398+  CD53              ;----------------------------------------------------------------------------
399+  CD53
400+  CD53              fatClusterToSector:
401+  CD53 E5                   push    hl
402+  CD54
403+  CD54 1B                   dec     de
404+  CD55 1B                   dec     de          ; de -= 2 (нумерация кластеров начинается с 2)
405+  CD56
406+  CD56 2A 30 D3             ld      hl, (v_diskInfo.sectorsPerCluster)
407+  CD59 CD A5 D2             call    mul_hl_de   ; hl = de * BPB_SecPerClus
408+  CD5C EB                   ex      hl, de
409+  CD5D
410+  CD5D 2A 42 D3             ld      hl, (v_diskInfo.dataStartSector)
411+  CD60 19                   add     hl, de
412+  CD61 EB                   ex      hl, de
413+  CD62
414+  CD62 E1                   pop     hl
415+  CD63 C9                   ret
416+  CD64
417+  CD64              ;----------------------------------------------------------------------------
418+  CD64              ; MXOS
419+  CD64              ; Начало цикла по файлам в каталоге
420+  CD64              ;
421+  CD64              ; выход:
422+  CD64              ;   de = номер первого сектора каталога
423+  CD64              ;   с  = количество секторов каталога (мл. байт)
424+  CD64              ;
425+  CD64              ;   остальные регистры сохраняются
426+  CD64              ;
427+  CD64              ; 2022-02-14 Разработано SpaceEngineer
428+  CD64              ;----------------------------------------------------------------------------
429+  CD64
430+  CD64              fatBeginDirLoop:
431+  CD64 EB                   ex      hl, de
432+  CD65 2A 40 D3             ld      hl, (v_diskInfo.dirStartSector)
433+  CD68 EB                   ex      hl, de                      ; de = номер первого сектора каталога
434+  CD69 3A 36 D3             ld      a, (v_diskInfo.dirSectors)  ; a = количество секторов каталога (мл. байт)
435+  CD6C 4F                   ld      c,  a                       ; с  = счетчик цикла
436+  CD6D C9                   ret
437+  CD6E
438+  CD6E              ;----------------------------------------------------------------------------
439+  CD6E              ; MXOS
440+  CD6E              ; Установка сектору каталога флага isModified
441+  CD6E              ;
442+  CD6E              ; вход:
443+  CD6E              ;  v_cachedSector - номер сектора
444+  CD6E              ;
445+  CD6E              ; выход:
446+  CD6E              ;   bc = системное время
447+  CD6E              ;
448+  CD6E              ;   регистр bc сохраняется
449+  CD6E              ;
450+  CD6E              ; 2022-02-08 Разработано SpaceEngineer
451+  CD6E              ;----------------------------------------------------------------------------
452+  CD6E
453+  CD6E              markDirSectorAsModified:
454+  CD6E 2A 0A D3             ld      hl, (v_cachedSector)
455+  CD71 EB                   ex      hl, de  ; de = номер сектора
456+  CD72 3E 01                ld      a, 1    ; флаг - сектор будет изменен
457+  CD74
458+  CD74                      ; Загрузка сектора в кэш; если сектор уже в кэше,
459+  CD74                      ; функция просто найдет его и изменит флаг
460+  CD74 C3 86 CC             jp      getSectorAddressInCache
461+  CD77
462+  CD77              ;----------------------------------------------------------------------------
463+  CD77              ; MXOS
464+  CD77              ; Получение текущего системного времени
465+  CD77              ;
466+  CD77              ; В "Специалисте" нет часов реального времени (RTC), поэтому системное время
467+  CD77              ; - это просто счетчик, увеличивающийся каждый раз при обращении. В будущем
468+  CD77              ; можно будет сделать вермя через таймер ВИ53, или через драйвер RTC, при его
469+  CD77              ; наличии в системе.
470+  CD77              ;
471+  CD77              ; выход:
472+  CD77              ;   bc = системное время
473+  CD77              ;
474+  CD77              ; все остальные регистры сохраняеюся
475+  CD77              ;
476+  CD77              ; 2022-02-08 Разработано SpaceEngineer
477+  CD77              ;----------------------------------------------------------------------------
478+  CD77
479+  CD77              getSystemTime:
480+  CD77 E5                   push    hl
481+  CD78 2A 1C D3             ld      hl, (v_fakeSystemTime)
482+  CD7B 23                   inc     hl
483+  CD7C 22 1C D3             ld      (v_fakeSystemTime), hl
484+  CD7F 44                   ld      b, h
485+  CD80 4D                   ld      c, l
486+  CD81 E1                   pop     hl
487+  CD82 C9                   ret
488+  CD83
489+  CD83              ;----------------------------------------------------------------------------
490+  CD83              ; MXOS
491+  CD83              ; Сравнение слова по адресу hl и de
492+  CD83              ; Псевдокод: cp [hl], de
493+  CD83              ;
494+  CD83              ; выход:
495+  CD83              ;   флаги c, z
496+  CD83              ;
497+  CD83              ; 2022-02-08 Разработано SpaceEngineer
498+  CD83              ;----------------------------------------------------------------------------
499+  CD83
500+  CD83              cmp_m_de:
501+  CD83 23                   inc   hl
502+  CD84 7E                   ld    a, (hl)
503+  CD85 2B                   dec   hl
504+  CD86 BA                   cp    d
505+  CD87 D8                   ret   c
506+  CD88 C0                   ret   nz
507+  CD89 7E                   ld    a, (hl)
508+  CD8A BB                   cp    e
509+  CD8B C9                   ret
510+  CD8C
110   CD8C                  INCLUDE "fatFindCluster.inc"
  1+  CD8C              ;+---------------------------------------------------------------------------
  2+  CD8C              ; MXOS
  3+  CD8C              ; Поиск свободного кластера
  4+  CD8C              ;
  5+  CD8C              ; На выходе
  6+  CD8C              ;  cf - ошибка
  7+  CD8C              ;  de - номер кластера
  8+  CD8C              ;  регистры bc, hl сохраняются
  9+  CD8C              ;
 10+  CD8C              ; 2013-12-12 Дизассемблировано vinxru
 11+  CD8C              ; 2022-02-04 Переработано SpaceEngineer
 12+  CD8C              ;----------------------------------------------------------------------------
 13+  CD8C
 14+  CD8C              fatFindClusterFirst:
 15+  CD8C                          ; Сохраняем регистры
 16+  CD8C E5                       push  hl
 17+  CD8D
 18+  CD8D                          ; de = номер первого кластера для поиска
 19+  CD8D                          ; Первые 2 ячейки fat зарезервированы
 20+  CD8D 11 02 00                 ld    de, 2
 21+  CD90
 22+  CD90 C3 99 CD                 jp    fatFindClusterCommon
 23+  CD93
 24+  CD93              ;----------------------------------------------------------------------------
 25+  CD93              ; Поиск следующего свободного кластера
 26+  CD93              ;
 27+  CD93              ; На выходе
 28+  CD93              ;  cf - ошибка
 29+  CD93              ;  de - номер кластера
 30+  CD93              ;  регистры bc, hl сохраняются
 31+  CD93              ;----------------------------------------------------------------------------
 32+  CD93
 33+  CD93              fatFindClusterNext:
 34+  CD93                          ; Сохраняем регистры
 35+  CD93 E5                       push    hl
 36+  CD94
 37+  CD94                          ; Предыдущий найденный кластер
 38+  CD94 2A 00 D3                 ld      hl, (v_findCluster)
 39+  CD97
 40+  CD97                          ; Начинаем поиск со следующего кластера
 41+  CD97 23                       inc     hl
 42+  CD98 EB                       ex      hl, de
 43+  CD99
 44+  CD99                          ; Ищем свободный кластер: перебераем все ячейки fat, пока не найдём 0
 45+  CD99              fatFindClusterCommon:
 46+  CD99 C5                       push    bc
 47+  CD9A 2A 3E D3                 ld      hl, (v_diskInfo.fatNumCells)
 48+  CD9D 44                       ld      b, h
 49+  CD9E 4D                       ld      c, l    ; bc = кол-во ячеек fat
 50+  CD9F
 51+  CD9F              fatFindClusterLoop:
 52+  CD9F                          ; Запоминаем номер последнего кластера в hl
 53+  CD9F 62                       ld      h, d
 54+  CDA0 6B                       ld      l, e
 55+  CDA1
 56+  CDA1                          ; de = fat[de]
 57+  CDA1 CD C0 CD                 call    fatReadCluster
 58+  CDA4
 59+  CDA4                          ; Сравниваем de с нулем
 60+  CDA4 7A                       ld      a, d
 61+  CDA5 B3                       or      e
 62+  CDA6 CA B8 CD                 jp z,   fatFindClusterOk  ; найден
 63+  CDA9
 64+  CDA9                          ; Следующий кластер
 65+  CDA9 54                       ld      d, h
 66+  CDAA 5D                       ld      e, l
 67+  CDAB 13                       inc     de
 68+  CDAC
 69+  CDAC                          ; Счётчик просмотренных ячеек fat
 70+  CDAC 0B                       dec     bc
 71+  CDAD 78                       ld      a, b
 72+  CDAE B1                       or      c
 73+  CDAF C2 9F CD                 jp nz,  fatFindClusterLoop  ; повтор цикла
 74+  CDB2
 75+  CDB2              ;---------------------------------------------------------------------------
 76+  CDB2
 77+  CDB2                          ; Свободный кластер не найден
 78+  CDB2                          ; Восстанавливаем регистры и выходим с a=1, CF=1, ZF=0
 79+  CDB2 C1                       pop     bc
 80+  CDB3 E1                       pop     hl
 81+  CDB4 3E 01                    ld      a, 1
 82+  CDB6 37                       scf
 83+  CDB7 C9                       ret
 84+  CDB8
 85+  CDB8              ;---------------------------------------------------------------------------
 86+  CDB8
 87+  CDB8                          ; Свободный кластер найден
 88+  CDB8              fatFindClusterOk:
 89+  CDB8                          ; Устаналиваем ZF=0. Номер кластера не может быть нулевым.
 90+  CDB8                          ; В случае ошибки мы тоже выходим с ZF=1
 91+  CDB8 B7                       or      a
 92+  CDB9
 93+  CDB9                          ; Для ускорения поиска сохраняем номер найденного кластера в v_findCluster
 94+  CDB9 22 00 D3                 ld      (v_findCluster), hl
 95+  CDBC EB                       ex      hl, de
 96+  CDBD
 97+  CDBD                          ; Восстанавливаем регистры и выходим с CF=0, ZF=0
 98+  CDBD C1                       pop     bc
 99+  CDBE E1                       pop     hl
100+  CDBF C9                       ret
101+  CDC0
111   CDC0                  INCLUDE "fatReadWriteCluster.inc"
  1+  CDC0              ;----------------------------------------------------------------------------
  2+  CDC0              ; MXOS
  3+  CDC0              ;
  4+  CDC0              ; Чтение номера кластера из таблицы fat
  5+  CDC0              ;
  6+  CDC0              ; вход:
  7+  CDC0              ;   de = номер ячейки, чтобы прочитать
  8+  CDC0              ;
  9+  CDC0              ; выход:
 10+  CDC0              ;   de = номер кластера, прочитанный из ячейки
 11+  CDC0              ;   hl, bc, a - сохраняются
 12+  CDC0              ;
 13+  CDC0              ; СИ аналог:
 14+  CDC0              ;   de = fat[de];
 15+  CDC0              ;
 16+  CDC0              ; 2022-02-04 SpaceEngineer
 17+  CDC0              ;----------------------------------------------------------------------------
 18+  CDC0
 19+  CDC0              fatReadCluster:
 20+  CDC0 E5                       push    hl
 21+  CDC1
 22+  CDC1                          ; вычисляем адрес ячейки, куда указывает de
 23+  CDC1 AF                       xor     a ; флаг - сектор fat не будет модифицироваться
 24+  CDC2 CD 90 CC                 call    getFatCellAddress
 25+  CDC5
 26+  CDC5                          ; читаем в de номер кластера из fat по адресу hl
 27+  CDC5 5E                       ld      e, (hl)
 28+  CDC6 23                       inc     hl
 29+  CDC7 56                       ld      d, (hl)
 30+  CDC8
 31+  CDC8                          ; восстанавливаем регистры и выходим
 32+  CDC8 E1                       pop     hl
 33+  CDC9 C9                       ret
 34+  CDCA
 35+  CDCA              ;----------------------------------------------------------------------------
 36+  CDCA              ; MXOS
 37+  CDCA              ;
 38+  CDCA              ; Запись номера кластера в таблицу fat и переход на следующий адрес ячейки
 39+  CDCA              ;
 40+  CDCA              ; вход:
 41+  CDCA              ;   hl = номер ячейки fat, куда писать
 42+  CDCA              ;   de = номер кластера, чтобы записать
 43+  CDCA              ;
 44+  CDCA              ; выход:
 45+  CDCA              ;   hl = de
 46+  CDCA              ;   bc, a - сохраняются
 47+  CDCA              ;
 48+  CDCA              ; СИ аналог:
 49+  CDCA              ;   fat[de] = hl;
 50+  CDCA              ;   hl = de;
 51+  CDCA              ;
 52+  CDCA              ; 2022-02-04 SpaceEngineer
 53+  CDCA              ;----------------------------------------------------------------------------
 54+  CDCA
 55+  CDCA              fatWriteCluster:
 56+  CDCA                          ; вычисляем адрес ячейки, куда указывает hl
 57+  CDCA D5                       push    de
 58+  CDCB EB                       ex      hl, de
 59+  CDCC 3E 01                    ld      a, 1 ; флаг - сектр fat будет модифицироваться
 60+  CDCE CD 90 CC                 call    getFatCellAddress
 61+  CDD1 D1                       pop     de
 62+  CDD2
 63+  CDD2                          ; записываем номер кластера из de в fat по адресу hl
 64+  CDD2 73                       ld      (hl), e
 65+  CDD3 23                       inc     hl
 66+  CDD4 72                       ld      (hl), d
 67+  CDD5
 68+  CDD5                          ; hl = de
 69+  CDD5 62                       ld      h, d
 70+  CDD6 6B                       ld      l, e
 71+  CDD7 C9                       ret
 72+  CDD8
 73+  CDD8              ;----------------------------------------------------------------------------
 74+  CDD8              ; MXOS
 75+  CDD8              ;
 76+  CDD8              ; Освобождение кластера в таблице fat
 77+  CDD8              ;
 78+  CDD8              ; вход:
 79+  CDD8              ;   de = номер кластера
 80+  CDD8              ;
 81+  CDD8              ; выход:
 82+  CDD8              ;   de = номер следующего кластера
 83+  CDD8              ;   hl, bc, a - сохраняются
 84+  CDD8              ;
 85+  CDD8              ; СИ аналог:
 86+  CDD8              ;   fat[de] = 0x0000;
 87+  CDD8              ;
 88+  CDD8              ; 2022-02-04 SpaceEngineer
 89+  CDD8              ;----------------------------------------------------------------------------
 90+  CDD8
 91+  CDD8              fatFreeCluster:
 92+  CDD8 E5                       push    hl
 93+  CDD9
 94+  CDD9                          ; вычисляем адрес ячейки, куда указывает hl
 95+  CDD9 D5                       push    de
 96+  CDDA EB                       ex      hl, de
 97+  CDDB 3E 01                    ld      a, 1 ; флаг - сектор fat будет модифицироваться
 98+  CDDD CD 90 CC                 call    getFatCellAddress
 99+  CDE0 D1                       pop     de
100+  CDE1
101+  CDE1                          ; читаем номер кластера из fat, и сразу записываем туда нули
102+  CDE1 5E                       ld      e, (hl)
103+  CDE2 36 00                    ld      (hl), 0
104+  CDE4 23                       inc     hl
105+  CDE5 56                       ld      d, (hl)
106+  CDE6 36 00                    ld      (hl), 0
107+  CDE8
108+  CDE8                          ; восстанавливаем регистры и выходим
109+  CDE8 E1                       pop     hl
110+  CDE9 C9                       ret
111+  CDEA
112+  CDEA
112   CDEA                  INCLUDE "fatGetFreeSpace.inc"
  1+  CDEA              ;----------------------------------------------------------------------------
  2+  CDEA              ; MXOS
  3+  CDEA              ; Определение свободного объема накопителя
  4+  CDEA              ;
  5+  CDEA              ; выход:
  6+  CDEA              ;   de = количество свободных кластеров
  7+  CDEA              ;
  8+  CDEA              ; 2022-02-09 Разработано SpaceEngineer
  9+  CDEA              ;----------------------------------------------------------------------------
 10+  CDEA
 11+  CDEA              getDriveFreeSpace:
 12+  CDEA                          ; Сохраняем регистры
 13+  CDEA E5                       push    hl
 14+  CDEB C5                       push    bc
 15+  CDEC
 16+  CDEC                          ; Счетчик свободных кластеров
 17+  CDEC 11 00 00                 ld      de, 0
 18+  CDEF
 19+  CDEF                          ; Кэшируем по очереди все секторы таблицы fat,
 20+  CDEF                          ; и подсчитываем общее коичество свободных кластеров в них
 21+  CDEF 2A 34 D3                 ld      hl, (v_diskInfo.fatSectors) ; hl = количество секторов fat на устройстве
 22+  CDF2 7D                       ld      a, l                        ; a  = количество секторов fat на устройстве (считаем, что их меньше 256)
 23+  CDF3 F5                       push    af
 24+  CDF4 2A 32 D3                 ld      hl, (v_diskInfo.resSectors) ; hl = номер сектора: начинаем с resSectors
 25+  CDF7              fatSectorsLoop:
 26+  CDF7 E5                       push    hl              ; hl = номер сектора
 27+  CDF8 06 00                    ld      b, 0            ; флаг - сектор не будет модифицироваться
 28+  CDFA CD A7 CC                 call    cacheSector     ; теперь hl = адрес буфера с загруженным сектором fat
 29+  CDFD
 30+  CDFD                          ; Цикл по кластерам сектора fat
 31+  CDFD 01 80 00                 ld      bc, SECTOR_SIZE/2   ; счетчик цикла
 32+  CE00              sectorClustersLoop:
 33+  CE00                          ; Читаем в a номер кластера из ячейки по адресу hl и сразу сравниваем с нулем
 34+  CE00 7E                       ld      a, (hl)
 35+  CE01 23                       inc     hl
 36+  CE02 B6                       or      (hl)
 37+  CE03 23                       inc     hl
 38+  CE04
 39+  CE04                          ; Если кластер пустой, увеличиваем счетчик свободных кластеров
 40+  CE04 C2 08 CE                 jp nz,  gdfs_nonEmpty
 41+  CE07 13                       inc     de
 42+  CE08              gdfs_nonEmpty:
 43+  CE08
 44+  CE08                          ; Повтор цикла по кластерам сектора fat
 45+  CE08 0B                       dec     bc  ; счетчик просмотренных кластеров сектора
 46+  CE09 78                       ld      a, b
 47+  CE0A B1                       or      c
 48+  CE0B C2 00 CE                 jp nz,  sectorClustersLoop
 49+  CE0E
 50+  CE0E                          ; Повтор цикла по секторам fat
 51+  CE0E E1                       pop     hl              ; hl = номер сектора
 52+  CE0F 23                       inc     hl              ; инкремент номера сектора
 53+  CE10
 54+  CE10 F1                       pop     af
 55+  CE11 3D                       dec     a               ; счетчик цикла
 56+  CE12 F5                       push    af
 57+  CE13
 58+  CE13 C2 F7 CD                 jp nz,  fatSectorsLoop  ; повтор цилкла по секторам
 59+  CE16
 60+  CE16                          ; Восстанавливаем регистры и выходим
 61+  CE16 F1                       pop     af
 62+  CE17 C1                       pop     bc
 63+  CE18 E1                       pop     hl
 64+  CE19
 65+  CE19 C9                       ret
 66+  CE1A
113   CE1A                  INCLUDE "fatReadBootSector.inc"
  1+  CE1A              ;----------------------------------------------------------------------------
  2+  CE1A              ; MXOS
  3+  CE1A              ; Считывание загрузочного сектора и инициализация структуры v_diskInfo.
  4+  CE1A              ; Подпрограмма затирает дисковый кэш!
  5+  CE1A              ;
  6+  CE1A              ; На выходе
  7+  CE1A              ;  cf - ошибка
  8+  CE1A              ;  регистры bc, de, hl сохраняются
  9+  CE1A              ;
 10+  CE1A              ; 2022-02-13 Разработано SpaceEngineer
 11+  CE1A              ;----------------------------------------------------------------------------
 12+  CE1A
 13+  CE1A              ; Структура загрузочного сектора FAT12/16
 14+  CE1A
 15+  CE1A                  STRUCT  FAT_BOOT_SECTOR
 16+  CE1A ~            BS_JmpBoot      BLOCK   3   ; смещение  00h,   3 байт - Jump instruction to the bootstrap code (x86 instruction): EBh, ??h, 90h (Short jump + NOP) or E9h, ??h, ??h (Near jump).
 17+  CE1A ~            BS_OEMName      BLOCK   8   ; смещение  03h,   8 байт - "MSWIN 4.1" is recommended but also "MSDOS 5.0" is often used.
 18+  CE1A ~            BPB_BytsPerSec  BLOCK   2   ; смещение  0Bh,   2 байт - Sector size in unit of byte. Valid values are 512, 1024, 2048, 4096. But most drivers use 512.
 19+  CE1A ~            BPB_SecPerClus  BLOCK   1   ; смещение  0Dh,   1 байт - Number of sectors per cluster. Valid values are 1, 2, 4, 8, ... 128.
 20+  CE1A ~            BPB_RsvdSecCnt  BLOCK   2   ; смещение  0Eh,   2 байт - Number of sectors in reserved area. This field hould be 1 on FAT12/16 volume.
 21+  CE1A ~            BPB_NumFATs     BLOCK   1   ; смещение  10h,   1 байт - Number of FATs. The value of this field should always be 2. On memory cards, it may be 1, but some FAT driver may not recognize such a volume properly.
 22+  CE1A ~            BPB_RootEntCnt  BLOCK   2   ; смещение  11h,   2 байт - Number of 32-byte directory entries in the root directory. For max compatibility, must be 512 on FAT16 volume.
 23+  CE1A ~            BPB_TotSec16    BLOCK   2   ; смещение  13h,   2 байт - Total number of sectors of the volume in old 16-bit field. If >= 0x10000, this field = 0, and the true value is set to BPB_TotSec32.
 24+  CE1A ~            BPB_Media       BLOCK   1   ; смещение  15h,   1 байт - Valid values are F0h, F8h ... FFh. The same value must be put in the lower 8-bits of FAT[0].
 25+  CE1A ~            BPB_FATSz16     BLOCK   2   ; смещение  16h,   2 байт - Number of sectors occupied by a FAT. The size of the FAT area becomes BPB_FATSz16 * BPB_NumFATs sectors.
 26+  CE1A ~            BPB_SecPerTrk   BLOCK   2   ; смещение  18h,   2 байт - Number of sectors per track. This field is relevant only for media that have geometry and used for only disk BIOS of IBM PC.
 27+  CE1A ~            BPB_NumHeads    BLOCK   2   ; смещение  1Ah,   2 байт - Number of heads. This field is relevant only for media that have geometry and used for only disk BIOS of IBM PC.
 28+  CE1A ~            BPB_HiddSec     BLOCK   4   ; смещение  1Ch,   4 байт - Number of hidden physical sectors preceding the FAT volume. Should always be 0 if the volume starts at the beginning of the storage.
 29+  CE1A ~            BPB_TotSec32    BLOCK   4   ; смещение  20h,   4 байт - Total number of sectors of the FAT volume in new 32-bit field.
 30+  CE1A ~            BS_DrvNum       BLOCK   1   ; смещение  24h,   1 байт - Drive number used by disk BIOS of IBM PC. This field is used in MS-DOS bootstrap, 0x00 for floppy disk and 0x80 for fixed disk.
 31+  CE1A ~            BS_Reserved     BLOCK   1   ; смещение  25h,   1 байт - Reserved (used by Windows NT). It should be set 0 when create the volume.
 32+  CE1A ~            BS_BootSig      BLOCK   1   ; смещение  26h,   1 байт - Extended boot signature (0x29). This is a signature byte indicates that the following three fields are present.
 33+  CE1A ~            BS_VolID        BLOCK   4   ; смещение  27h,   4 байт - Volume serial number used with BS_VolLab to track a volume on the removable storage. It enables to detect a wrong media change by FAT driver.
 34+  CE1A ~            BS_VolLab       BLOCK  11   ; смещение  2Bh,  11 байт - Volume label, matches volume label recorded in the root directory. When volume label is not present, "NO NAME " should be set.
 35+  CE1A ~            BS_FilSysType   BLOCK   8   ; смещение  36h,   8 байт - "FAT12   ", "FAT16   " or "FAT     ". Microsoft's FAT driver does not use this field to determine the FAT type.
 36+  CE1A ~            BS_BootCode     BLOCK 448   ; смещение  3Eh, 448 байт - Bootstrap program. It is platform dependent and filled with zero when not used.
 37+  CE1A ~            BS_BootSign     BLOCK   2   ; смещение 1FEh,   2 байт - 0xAA55. A boot signature indicating that this is a valid boot sector.
 38+  CE1A                  ENDS
 39+  CE1A
 40+  CE1A              ;----------------------------------------------------------------------------
 41+  CE1A
 42+  CE1A              fatReadBootSector:
 43+  CE1A                          ; Сохраняем регистры
 44+  CE1A E5                       push    hl
 45+  CE1B D5                       push    de
 46+  CE1C C5                       push    bc
 47+  CE1D
 48+  CE1D                          ; Помещаем значение DISK_NO_DRIVER в v_diskInfo.isValid
 49+  CE1D 3E 00                    ld      a, DISK_NO_DRIVER
 50+  CE1F 32 50 D3                 ld      (v_diskInfo.isValid), a
 51+  CE22
 52+  CE22                          ; Проверяем, установлен ли драйвер: сравниваем
 53+  CE22                          ; с адресом пустого драйвера diskDriverDummy
 54+  CE22 2A 64 C8                 ld      hl, (j_diskDriver + 1)  ; hl = адрес драйвера
 55+  CE25 3E CB                    ld      a, diskDriverDummy >> 8
 56+  CE27 BC                       cp      h
 57+  CE28 C2 31 CE                 jp nz,  frbs_DriverOk
 58+  CE2B 3E 9D                    ld      a, diskDriverDummy & 0FFh
 59+  CE2D BD                       cp      l
 60+  CE2E CA BB CE                 jp z,   frbs_Exit
 61+  CE31
 62+  CE31              frbs_DriverOk:
 63+  CE31                          ; Драйвер установлен; загружаем boot сектор в дисковый кэш, затирая его
 64+  CE31 21 00 FB                 ld      hl, FAT_CACHE_ADDR  ; адрес буфера
 65+  CE34 11 00 00                 ld      de, 0               ; номер сектора - 0
 66+  CE37 06 02                    ld      b, 2                ; режим драйвера - чтение
 67+  CE39 CD 63 C8                 call    j_diskDriver        ; читаем сектор в память
 68+  CE3C
 69+  CE3C                          ; Помещаем значение DISK_INVALID в v_diskInfo.isValid
 70+  CE3C 3E 01                    ld      a, DISK_INVALID
 71+  CE3E 32 50 D3                 ld      (v_diskInfo.isValid), a
 72+  CE41
 73+  CE41                          ; Проверяем, корректный ли это FAT12/16 диск:
 74+  CE41                          ; поле BS_FilSysType должно содержить текст "FAT"
 75+  CE41 21 36 FB                 ld      hl, FAT_CACHE_ADDR + FAT_BOOT_SECTOR.BS_FilSysType
 76+  CE44 11 8A D3                 ld      de, aFat
 77+  CE47 0E 03                    ld      c, 3
 78+  CE49 CD F5 CB                 call    strcmp
 79+  CE4C C2 BB CE                 jp nz,  frbs_Exit   ; это не FAT диск, или не отформатирован - выходим
 80+  CE4F
 81+  CE4F                          ; Помещаем значение DISK_VALID в v_diskInfo.isValid
 82+  CE4F 3E 02                    ld      a, DISK_VALID
 83+  CE51 32 50 D3                 ld      (v_diskInfo.isValid), a
 84+  CE54
 85+  CE54                          ; Копируем и рассчитываем необходимые значения
 86+  CE54 2A 0B FB                 ld      hl, (FAT_CACHE_ADDR + FAT_BOOT_SECTOR.BPB_BytsPerSec)
 87+  CE57 22 2E D3                 ld      (v_diskInfo.sectorSize), hl         ; размер сектора
 88+  CE5A
 89+  CE5A 3A 0D FB                 ld      a, (FAT_CACHE_ADDR + FAT_BOOT_SECTOR.BPB_SecPerClus)
 90+  CE5D 32 30 D3                 ld      (v_diskInfo.sectorsPerCluster), a
 91+  CE60 AF                       xor     a
 92+  CE61 32 31 D3                 ld      (v_diskInfo.sectorsPerCluster+1), a ; секторов на кластер (16-битным словом)
 93+  CE64
 94+  CE64 2A 13 FB                 ld      hl, (FAT_CACHE_ADDR + FAT_BOOT_SECTOR.BPB_TotSec16)
 95+  CE67 22 38 D3                 ld      (v_diskInfo.totalSectors), hl       ; сколько всего секторов на диске
 96+  CE6A
 97+  CE6A 2A 0E FB                 ld      hl, (FAT_CACHE_ADDR + FAT_BOOT_SECTOR.BPB_RsvdSecCnt)
 98+  CE6D 22 32 D3                 ld      (v_diskInfo.resSectors), hl         ; сколько секторов занимает зарезервированная область
 99+  CE70
100+  CE70 EB                       ex      hl, de
101+  CE71
102+  CE71 2A 16 FB                 ld      hl, (FAT_CACHE_ADDR + FAT_BOOT_SECTOR.BPB_FATSz16)
103+  CE74 22 34 D3                 ld      (v_diskInfo.fatSectors), hl         ; сколько секторов занимает таблица fat
104+  CE77
105+  CE77 19                       add     hl, de
106+  CE78 22 40 D3                 ld      (v_diskInfo.dirStartSector), hl     ; первый сектор корневого каталога
107+  CE7B E5                       push    hl
108+  CE7C
109+  CE7C 2A 11 FB                 ld      hl, (FAT_CACHE_ADDR + FAT_BOOT_SECTOR.BPB_RootEntCnt)
110+  CE7F 22 3A D3                 ld      (v_diskInfo.rootDirMaxFiles), hl    ; максимум файлов в корневом каталоге
111+  CE82
112+  CE82 2A 2E D3                 ld      hl, (v_diskInfo.sectorSize)
113+  CE85 11 20 00                 ld      de, FILE_DESCR_SIZE ; de = 32
114+  CE88 CD CA D2                 call    div_hl_de;
115+  CE8B 22 3C D3                 ld      (v_diskInfo.descrPerSector), hl     ; сколько дескрипторов файлов вмещается в один сектор
116+  CE8E
117+  CE8E EB                       ex      hl, de
118+  CE8F 2A 3A D3                 ld      hl, (v_diskInfo.rootDirMaxFiles)
119+  CE92 CD CA D2                 call    div_hl_de;
120+  CE95 22 36 D3                 ld      (v_diskInfo.dirSectors), hl         ; сколько секторов занимает корневой каталог
121+  CE98
122+  CE98 D1                       pop     de
123+  CE99 19                       add     hl, de
124+  CE9A 22 42 D3                 ld      (v_diskInfo.dataStartSector), hl    ; первый сектор области данных
125+  CE9D
126+  CE9D 2A 2E D3                 ld      hl, (v_diskInfo.sectorSize)
127+  CEA0 CD 9D D2                 call    div_hl_2
128+  CEA3 EB                       ex      hl, de
129+  CEA4 2A 34 D3                 ld      hl, (v_diskInfo.fatSectors)
130+  CEA7 CD A5 D2                 call    mul_hl_de;
131+  CEAA 22 3E D3                 ld      (v_diskInfo.fatNumCells), hl        ; количество ячеек в таблице fat (= fatSectors * sectorSize / 2)
132+  CEAD
133+  CEAD                          ; Копируем метку тома
134+  CEAD 21 2B FB                 ld      hl, FAT_CACHE_ADDR + FAT_BOOT_SECTOR.BS_VolLab          ; откуда - начало
135+  CEB0 11 36 FB                 ld      de, FAT_CACHE_ADDR + FAT_BOOT_SECTOR.BS_FilSysType      ; откуда - конец
136+  CEB3 01 44 D3                 ld      bc, v_diskInfo.volumeLabel                              ; куда
137+  CEB6 CD 2D C4                 call    memcpy_bc_hl
138+  CEB9 36 00                    ld      (hl), 0                                                 ; в конце байт-терминатор строки
139+  CEBB
140+  CEBB              frbs_Exit:  ; Восстанавливаем регистры и выходим
141+  CEBB C1                       pop     bc
142+  CEBC D1                       pop     de
143+  CEBD E1                       pop     hl
144+  CEBE C9                       ret
145+  CEBF
114   CEBF                  INCLUDE "fileCreate.inc"
  1+  CEBF              ;----------------------------------------------------------------------------
  2+  CEBF              ; MXOS
  3+  CEBF              ; Создать файл
  4+  CEBF              ;
  5+  CEBF              ; На входе
  6+  CEBF              ;  hl - адрес дескриптора файла в формате FAT (имя, фтрибуты, размер и т.д.)
  7+  CEBF              ;
  8+  CEBF              ; На выходе
  9+  CEBF              ;  сf - ошибка
 10+  CEBF              ;
 11+  CEBF              ; TODO: В случае нехватки места на диске, на нем остается неполный файл.
 12+  CEBF              ; Надо удалить то, что записали.
 13+  CEBF              ;
 14+  CEBF              ; 2013-12-12 Дизассемблировано vinxru
 15+  CEBF              ; 2022-02-11 Переработано SpaceEngineer
 16+  CEBF              ;----------------------------------------------------------------------------
 17+  CEBF
 18+  CEBF              ; Внутренний вход для потокового копирования.
 19+  CEBF              ; HL=FILE_DESCRIPTOR, DE=число 256-байтных кластеров.
 20+  CEBF              ; Создаёт запись каталога и FAT-цепочку, но не пишет данные.
 21+  CEBF              fileCreatePrepare:
 22+  CEBF 3E 01                    ld      a, 1
 23+  CEC1 32 AB CF                 ld      (v_fileCreatePrepare), a
 24+  CEC4 EB                       ex      de, hl
 25+  CEC5 22 06 D3                 ld      (v_input_end), hl
 26+  CEC8 EB                       ex      de, hl
 27+  CEC9 C3 D0 CE                 jp      fileCreateEntry
 28+  CECC
 29+  CECC              fileCreate: ; Сохраняем регистры
 30+  CECC AF                       xor     a
 31+  CECD 32 AB CF                 ld      (v_fileCreatePrepare), a
 32+  CED0
 33+  CED0              fileCreateEntry:
 34+  CED0 E5                       push    hl  ; [1]
 35+  CED1 C5                       push    bc  ; [2]
 36+  CED2 D5                       push    de  ; [3]
 37+  CED3
 38+  CED3                          ; Сохраняем адрес подготовленного дескриптора создаваемого файла
 39+  CED3 22 0C D3                 ld      (v_newDescrPtr), hl
 40+  CED6
 41+  CED6                          ; Если файл существует, то удаляем его
 42+  CED6 CD AC CF                 call    fileFind
 43+  CED9 D4 86 D0                 call nc,deleteFileInt
 44+  CEDC
 45+  CEDC                          ; de = номер первого сектора каталога
 46+  CEDC                          ; с  = количество секторов каталога (мл. байт)
 47+  CEDC CD 64 CD                 call    fatBeginDirLoop
 48+  CEDF
 49+  CEDF                          ; Цикл по секторам каталога
 50+  CEDF              fileCreate_dirLoop:
 51+  CEDF                          ; Сохраняем номер сектора каталога
 52+  CEDF D5                       push    de  ; [4]               ; de = номер сектора каталога
 53+  CEE0
 54+  CEE0                          ; Кэшируем сектор каталога
 55+  CEE0 AF                       xor     a                       ; флаг - сектор не будет меняться
 56+  CEE1 CD 86 CC                 call    getSectorAddressInCache ; выход: hl = адрес сектора в буфере
 57+  CEE4
 58+  CEE4                          ; Кол-во дескрипторов файлов в одном секторе каталога (мл. байт)
 59+  CEE4 3A 3C D3                 ld      a, (v_diskInfo.descrPerSector)
 60+  CEE7 47                       ld      b, a
 61+  CEE8
 62+  CEE8                          ; Размер дескриптора
 63+  CEE8 11 20 00                 ld      de, FILE_DESCR_SIZE
 64+  CEEB
 65+  CEEB                          ; Цикл по дескрипторам в закешированном секторе каталога
 66+  CEEB              fileCreate_sectorLoop:
 67+  CEEB 7E                       ld      a, (hl)                 ; читаем байт из каталога
 68+  CEEC 3C                       inc     a                       ; если байт = 0FFh, значит запись свободна
 69+  CEED CA 01 CF                 jp z,   fileCreate_placeFound   ; переход, если свободная запись найдена
 70+  CEF0
 71+  CEF0                          ; Вычисляем адрес следующего дескриптора
 72+  CEF0 19                       add     hl, de
 73+  CEF1
 74+  CEF1                          ; Еще остались файлы в секторе каталога?
 75+  CEF1 05                       dec     b
 76+  CEF2 C2 EB CE                 jp nz,  fileCreate_sectorLoop
 77+  CEF5
 78+  CEF5                          ; Еще остались секторы каталога?
 79+  CEF5                          ; Восстанавливаем номер сектора каталога
 80+  CEF5 D1                       pop     de  ; [4]   de = номер сектора каталога
 81+  CEF6 13                       inc     de  ;       следующий сектор каталога
 82+  CEF7
 83+  CEF7 0D                       dec     c
 84+  CEF8 C2 DF CE                 jp nz,  fileCreate_dirLoop
 85+  CEFB
 86+  CEFB                          ;-----------------------------------------------------------
 87+  CEFB                          ; Свободных записей нет
 88+  CEFB
 89+  CEFB                          ; Установка a=0, ZF=1
 90+  CEFB AF                       xor     a
 91+  CEFC
 92+  CEFC              stc_popDBH_ret:
 93+  CEFC                          ; Установка флага CF=1
 94+  CEFC 37                       scf
 95+  CEFD
 96+  CEFD              popDBH_ret: ; Восстановление регистров и выход
 97+  CEFD D1                       pop     de  ; [3]
 98+  CEFE C1                       pop     bc  ; [2]
 99+  CEFF E1                       pop     hl  ; [1]
100+  CF00 C9                       ret
101+  CF01
102+  CF01                          ;-----------------------------------------------------------
103+  CF01                          ; Свободная запись найдена
104+  CF01
105+  CF01              fileCreate_placeFound:
106+  CF01
107+  CF01                          ; Сохраняем найденный в кэше адрес свободного дескриптора
108+  CF01 22 08 D3                 ld      (v_cachedDescrPtr), hl
109+  CF04
110+  CF04                          ; Сохраняем номер сектора каталога
111+  CF04 D1                       pop     de  ; [4]   de = номер сектора каталога
112+  CF05 EB                       ex      hl, de
113+  CF06 22 0A D3                 ld      (v_cachedSector), hl
114+  CF09
115+  CF09                          ; Находим первый свободный кластер
116+  CF09 CD 8C CD                 call    fatFindClusterFirst ; de = первый свободный кластер
117+  CF0C DA FC CE                 jp c,   stc_popDBH_ret      ; если нет свободных кластеров - выходим с ошибкой
118+  CF0F
119+  CF0F                          ; Сохраняем его в переменную v_fileFirstCluster
120+  CF0F EB                       ex      hl, de
121+  CF10 22 02 D3                 ld      (v_fileFirstCluster), hl
122+  CF13 EB                       ex      hl, de
123+  CF14
124+  CF14                          ; Сохраняем номер первого кластера в дескриптор файла
125+  CF14                          ; de = номер первого кластера
126+  CF14                          ; hl = адрес дескриптора файла
127+  CF14 2A 0C D3                 ld      hl, (v_newDescrPtr)
128+  CF17 01 1A 00                 ld      bc, FILE_DESCRIPTOR.firstCluster
129+  CF1A 09                       add     hl, bc  ; hl = адрес поля firstCluster (мл. байт) в дескрипторе файла
130+  CF1B 73                       ld      (hl), e
131+  CF1C 23                       inc     hl      ; hl = адрес поля firstCluster (ст. байт) в дескрипторе файла
132+  CF1D 72                       ld      (hl), d
133+  CF1E
134+  CF1E
135+  CF1E                          ;---------------------------------------------------------------------
136+  CF1E                          ; Записываем дескриптор в каталог, пока сектор каталога все еще в кэше
137+  CF1E
138+  CF1E                          ; Ставим сектору каталога флаг isModified
139+  CF1E CD 6E CD                 call    markDirSectorAsModified
140+  CF21
141+  CF21                          ; Копируем подготовленный дескриптор файла в закешированный сектор каталога
142+  CF21 2A 0C D3                 ld      hl, (v_newDescrPtr)     ; адрес подготовленного дескриптора
143+  CF24 EB                       ex      hl, de
144+  CF25 2A 08 D3                 ld      hl, (v_cachedDescrPtr)  ; адрес свободного дескриптора в кэше
145+  CF28
146+  CF28                          ; Копирование c байт из de в hl
147+  CF28 C5                       push    bc
148+  CF29 CD 20 D2                 call    copyDescriptor
149+  CF2C C1                       pop     bc
150+  CF2D
151+  CF2D 3A AB CF                 ld      a, (v_fileCreatePrepare)
152+  CF30 B7                       or      a
153+  CF31 C2 5E CF                 jp nz,  fileCreate_allocate
154+  CF34
155+  CF34                          ;---------------------------------------------------------------------
156+  CF34
157+  CF34              		    ; Читаем адрес загрузки файла
158+  CF34                          ; de = адрес загрузки файла
159+  CF34 2A 0C D3                 ld      hl, (v_newDescrPtr)
160+  CF37 01 12 00                 ld      bc, FILE_DESCRIPTOR.loadAddress
161+  CF3A 09                       add     hl, bc  ; hl = адрес поля loadAddress (мл. байт) в дескрипторе файла
162+  CF3B 5E                       ld      e, (hl)
163+  CF3C 23                       inc     hl      ; hl = адрес поля loadAddress (ст. байт) в дескрипторе файла
164+  CF3D 56                       ld      d, (hl) ; de = адрес загрузки
165+  CF3E
166+  CF3E                          ; Сохраняем адрес загрузки в переменную v_input_start
167+  CF3E EB                       ex      de, hl
168+  CF3F 22 04 D3                 ld      (v_input_start), hl ; v_input_start = адрес загрузки файла
169+  CF42
170+  CF42                          ; Читаем размер файла
171+  CF42                          ; de = размер файла
172+  CF42 2A 0C D3                 ld      hl, (v_newDescrPtr)
173+  CF45 01 1C 00                 ld      bc, FILE_DESCRIPTOR.size
174+  CF48 09                       add     hl, bc  ; hl = адрес поля size (мл. байт) в дескрипторе файла
175+  CF49 5E                       ld      e, (hl)
176+  CF4A 23                       inc     hl      ; hl = адрес поля size (ст. байт) в дескрипторе файла
177+  CF4B 56                       ld      d, (hl)
178+  CF4C
179+  CF4C                          ; Сохраняем размер файла в переменную v_input_end
180+  CF4C EB                       ex      de, hl
181+  CF4D 22 06 D3                 ld      (v_input_end), hl   ; v_input_end = размер файла
182+  CF50
183+  CF50                          ; Счётчик кластеров файла
184+  CF50 4C                       ld      c, h        ; c = число 256-байтных блоков (0 означает 256)
185+  CF51 0C                       inc     c
186+  CF52 69                       ld      l, c
187+  CF53 26 00                    ld      h, 0
188+  CF55 79                       ld      a, c
189+  CF56 B7                       or      a
190+  CF57 C2 5B CF                 jp nz,  fileCreate_countReady
191+  CF5A 24                       inc     h
192+  CF5B              fileCreate_countReady:
193+  CF5B 22 06 D3                 ld      (v_input_end), hl
194+  CF5E
195+  CF5E              fileCreate_allocate:            ; Первый кластер файла в fat
196+  CF5E 2A 02 D3                 ld      hl, (v_fileFirstCluster)    ; hl = номер первого кластера файла
197+  CF61 54                       ld      d, h
198+  CF62 5D                       ld      e, l                        ; de = hl - если файл состоит из одного кластера, ячейка fat будет указывать на саму себя
199+  CF63
200+  CF63 C3 74 CF                 jp      writeFirstCluster
201+  CF66
202+  CF66              ; ---------------------------------------------------------------------------
203+  CF66              ; Записываем кластеры файла в таблицу fat на устройстве
204+  CF66
205+  CF66              allocClusters:
206+  CF66 CD 93 CD                 call    fatFindClusterNext  ; de = следующий свободный кластер
207+  CF69 D2 74 CF                 jp nc,  writeFirstCluster
208+  CF6C
209+  CF6C              fileCreate_allocFailed:
210+  CF6C                          ; Замыкаем уже созданную часть цепочки для безопасного удаления.
211+  CF6C 54                       ld      d, h
212+  CF6D 5D                       ld      e, l
213+  CF6E CD CA CD                 call    fatWriteCluster
214+  CF71 C3 FC CE                 jp      stc_popDBH_ret
215+  CF74
216+  CF74              writeFirstCluster:            ; записываем номер кластера в fat
217+  CF74                          ; hl = номер ячейки fat
218+  CF74                          ; de = номер кластера
219+  CF74 CD CA CD                 call    fatWriteCluster
220+  CF77
221+  CF77 E5                       push    hl
222+  CF78 2A 06 D3                 ld      hl, (v_input_end)
223+  CF7B 2B                       dec     hl
224+  CF7C 22 06 D3                 ld      (v_input_end), hl
225+  CF7F 7C                       ld      a, h
226+  CF80 B5                       or      l
227+  CF81 E1                       pop     hl
228+  CF82 C2 66 CF                 jp nz,  allocClusters       ; повтор цикла
229+  CF85
230+  CF85                          ; Конец, последний кластер файла указывает сам на себя
231+  CF85                          ; hl == de
232+  CF85 CD CA CD                 call    fatWriteCluster
233+  CF88
234+  CF88 3A AB CF                 ld      a, (v_fileCreatePrepare)
235+  CF8B B7                       or      a
236+  CF8C C2 A4 CF                 jp nz,  fileCreate_prepareDone
237+  CF8F
238+  CF8F              ; ---------------------------------------------------------------------------
239+  CF8F              ; Сохраняем файл на диск
240+  CF8F
241+  CF8F                          ; Номер первого кластера
242+  CF8F 2A 02 D3                 ld      hl, (v_fileFirstCluster)
243+  CF92 EB                       ex      hl, de
244+  CF93
245+  CF93 2A 0C D3                 ld      hl, (v_newDescrPtr)
246+  CF96 01 1D 00                 ld      bc, FILE_DESCRIPTOR.size + 1
247+  CF99 09                       add     hl, bc
248+  CF9A 4E                       ld      c, (hl)
249+  CF9B 0C                       inc     c
250+  CF9C
251+  CF9C 2A 04 D3                 ld      hl, (v_input_start)
252+  CF9F 06 01                    ld      b, 1
253+  CFA1 CD 41 D0                 call    fileTransferClusters
254+  CFA4
255+  CFA4              ; ---------------------------------------------------------------------------
256+  CFA4              ; Расчет однобайтовой контрольной суммы
257+  CFA4              ; Это нигде не используется даже в оригинальной ОС
258+  CFA4
259+  CFA4              ;            ld      hl, (v_input_end)   ; hl = размер файла - 1 из v_input_end
260+  CFA4              ;            inc     hl                  ; hl = размер файла
261+  CFA4              ;            ex      de, hl              ; de = размер файла
262+  CFA4              ;            ld      hl, (v_input_start) ; hl = адрес загрузки файла из v_input_start
263+  CFA4              ;            ld      b, 0                ; тут будет накапливаться сумма
264+  CFA4              ;fileCreateCRCLoop:
265+  CFA4              ;            ld      a, d
266+  CFA4              ;            or      e
267+  CFA4              ;            jp z,   fileCreateCRCDone   ; если счетчик досчитал до нуля, выходим
268+  CFA4              ;            ld  a,  (hl)                ; читаем байт файла
269+  CFA4              ;            add     a, b                ; накапливаем сумму
270+  CFA4              ;            ld      b, a
271+  CFA4              ;            inc     hl                  ; следующий байт
272+  CFA4              ;            dec     de                  ; уменьшаем счетчик
273+  CFA4              ;            jp      fileCreateCRCLoop
274+  CFA4              ;fileCreateCRCDone:
275+  CFA4              ;            ; Сохраняем контрольную сумму в дескриптор файла, в поле ntReserved
276+  CFA4              ;            ld      a, b                ; a = посчитанная контрольная сумма
277+  CFA4              ;            ld      hl, (v_newDescrPtr)
278+  CFA4              ;            ld      bc, FILE_DESCRIPTOR.ntReserved
279+  CFA4              ;            add     hl, bc              ; hl = адрес поля ntReserved в дескрипторе файла
280+  CFA4              ;            ld      (hl), a             ; сохраняем контрльную сумму
281+  CFA4
282+  CFA4              ; ------------------------------------------------------------------------------------------------------------------------
283+  CFA4              ; Сохраняем кэш и выходим
284+  CFA4
285+  CFA4              fileCreate_prepareDone:
286+  CFA4 CD 3C CD                 call    saveSectorCache ; сохраняем изменения в кэше на диск
287+  CFA7 B7                       or      a               ; выходим с флагом cf = 0
288+  CFA8 C3 FD CE                 jp      popDBH_ret
289+  CFAB
290+  CFAB 00           v_fileCreatePrepare: DB 0
291+  CFAC
115   CFAC                  INCLUDE "fileFind.inc"
  1+  CFAC              ;+---------------------------------------------------------------------------
  2+  CFAC              ; MXOS
  3+  CFAC              ; Найти файл
  4+  CFAC              ;
  5+  CFAC              ; На входе
  6+  CFAC              ;  hl - имя
  7+  CFAC              ;
  8+  CFAC              ; На выходе
  9+  CFAC              ;  bc, de, hl - сохраняются
 10+  CFAC              ;  cf - ошибка
 11+  CFAC              ;  v_foundDescrPtr - найденный файл
 12+  CFAC              ;
 13+  CFAC              ; 2013-12-12 Дизассемблировано vinxru
 14+  CFAC              ; 2022-02-11 Переработано SpaceEngineer
 15+  CFAC              ;----------------------------------------------------------------------------
 16+  CFAC
 17+  CFAC              fileFind:   ; Сохраняем регистры
 18+  CFAC C5                       push    bc  ; [1]
 19+  CFAD D5                       push    de  ; [2]
 20+  CFAE
 21+  CFAE                          ; de = номер первого сектора каталога
 22+  CFAE                          ; с  = количество секторов каталога (мл. байт)
 23+  CFAE CD 64 CD                 call    fatBeginDirLoop
 24+  CFB1
 25+  CFB1                          ; Цикл по секторам каталога
 26+  CFB1              fileFind_dirLoop:
 27+  CFB1                          ; Сохраняем номер сектора каталога
 28+  CFB1 D5                       push    de  ; [3]               ; de = номер сектора каталога
 29+  CFB2
 30+  CFB2                          ; Кэшируем сектор каталога
 31+  CFB2 E5                       push    hl  ; [4*]
 32+  CFB3 AF                       xor     a                       ; флаг - сектор не будет меняться
 33+  CFB4 CD 86 CC                 call    getSectorAddressInCache ; выход: hl = адрес сектора в буфере
 34+  CFB7 EB                       ex      hl, de                  ; de = адрес сектора в буфере
 35+  CFB8 E1                       pop     hl  ; [4*]              ; hl = адрес имени искомого файла
 36+  CFB9
 37+  CFB9                          ; Кол-во дескрипторов файлов в одном секторе каталога (мл. байт)
 38+  CFB9 3A 3C D3                 ld      a, (v_diskInfo.descrPerSector)
 39+  CFBC 47                       ld      b, a
 40+  CFBD C5                       push    bc  ; [4]               ; b = счетчик секторов
 41+  CFBE
 42+  CFBE                          ; Цикл по дескрипторам в закешированном секторе каталога
 43+  CFBE              fileFind_sectorLoop:
 44+  CFBE
 45+  CFBE                          ; Сохраняем адрес начала имени в каталоге и адрес имени искомого файла
 46+  CFBE E5                       push    hl  ; [5]   hl = адрес имени искомого файла
 47+  CFBF D5                       push    de  ; [6]   de = адрес дескриптора файла в кэше
 48+  CFC0
 49+  CFC0                          ; Если первый символ имени 0FFh, переходим к следующем файлу
 50+  CFC0 1A                       ld      a, (de)
 51+  CFC1 3C                       inc     a
 52+  CFC2 CA E7 CF                 jp z,   fileFind_next
 53+  CFC5
 54+  CFC5                          ; Сравниваем имена файлов по адресам hl и de
 55+  CFC5 0E 0B                    ld      c, FILE_NAME_LENGTH + 3 ; длина имени + расширения
 56+  CFC7 CD FF CB                 call    stricmp
 57+  CFCA C2 E7 CF                 jp nz,  fileFind_next           ; если имена не совпадают, переходим к следующему файлу
 58+  CFCD
 59+  CFCD                          ;-----------------------------------------------------------
 60+  CFCD                          ; Файл найден
 61+  CFCD E1                       pop     hl  ; [6]   hl = адрес дескриптора файла в кэше
 62+  CFCE
 63+  CFCE                          ; Сохраняем адрес дескриптора в кэше в переменную v_cachedDescrPtr
 64+  CFCE 22 08 D3                 ld      (v_cachedDescrPtr), hl
 65+  CFD1 EB                       ex      hl, de
 66+  CFD2
 67+  CFD2                          ; Сохраняем адрес v_tmpFileDescr в переменную v_foundDescrPtr
 68+  CFD2 21 BF D3                 ld      hl, v_tmpFileDescr
 69+  CFD5 22 0E D3                 ld      (v_foundDescrPtr), hl
 70+  CFD8
 71+  CFD8                          ; Копируем дескриптор файла в переменную v_tmpFileDescr
 72+  CFD8                          ; de = откуда (v_cachedDescrPtr), hl = куда (v_tmpFileDescr)
 73+  CFD8 CD 20 D2                 call    copyDescriptor
 74+  CFDB
 75+  CFDB                          ; Восстаналиваем регистры
 76+  CFDB E1                       pop     hl  ; [5]   hl = адрес имени искомого файла
 77+  CFDC C1                       pop     bc  ; [4]   c  = счетчик секторов
 78+  CFDD
 79+  CFDD                          ; Сохраняем номер сектора каталога в переменную v_cachedSector
 80+  CFDD D1                       pop     de  ; [3]   de = номер сектора каталога
 81+  CFDE EB                       ex      hl, de
 82+  CFDF 22 0A D3                 ld      (v_cachedSector), hl
 83+  CFE2 EB                       ex      hl, de
 84+  CFE3
 85+  CFE3                          ; Восстаналиваем регистры и выходим с CF=0
 86+  CFE3 D1                       pop     de  ; [2]
 87+  CFE4 C1                       pop     bc  ; [1]
 88+  CFE5 B7                       or      a   ;       для выхода с флагом
 89+  CFE6 C9                       ret
 90+  CFE7                          ;-----------------------------------------------------------
 91+  CFE7
 92+  CFE7              fileFind_next:
 93+  CFE7                          ; Вычисляем адрес следующего дескриптора файла
 94+  CFE7 D1                       pop     de  ; [6]   de = адрес дескриптора файла в кэше
 95+  CFE8 21 20 00                 ld      hl, FILE_DESCR_SIZE
 96+  CFEB 19                       add     hl, de
 97+  CFEC EB                       ex      de, hl
 98+  CFED
 99+  CFED                          ; Восстанавливаем адрес искомого имени
100+  CFED E1                       pop     hl  ; [5]   hl = адрес имени искомого файла
101+  CFEE
102+  CFEE                          ; Еще остались файлы в секторе каталога?
103+  CFEE 05                       dec     b
104+  CFEF C2 BE CF                 jp nz,  fileFind_sectorLoop
105+  CFF2
106+  CFF2                          ; Еще остались секторы каталога?
107+  CFF2 C1                       pop     bc  ; [4]   c  = счетчик секторов
108+  CFF3
109+  CFF3                          ; Восстанавливаем номер сектора каталога
110+  CFF3 D1                       pop     de  ; [3]   de = номер сектора каталога
111+  CFF4 13                       inc     de  ;       следующий сектор каталога
112+  CFF5
113+  CFF5 0D                       dec     c
114+  CFF6 C2 B1 CF                 jp nz,  fileFind_dirLoop
115+  CFF9
116+  CFF9                          ;-----------------------------------------------------------
117+  CFF9                          ; Файл не найден
118+  CFF9                          ; Восстаналиваем регистры и выходим с CF=1 и a=3
119+  CFF9 D1                       pop     de  ; [2]
120+  CFFA C1                       pop     bc  ; [1]
121+  CFFB 3E 03                    ld      a, 3
122+  CFFD 37                       scf
123+  CFFE C9                       ret
124+  CFFF
116   CFFF                  INCLUDE "fileLoad.inc"
  1+  CFFF              ;+---------------------------------------------------------------------------
  2+  CFFF              ; MXOS
  3+  CFFF              ; Загрузить файл по указанному адресу
  4+  CFFF              ;
  5+  CFFF              ; На входе
  6+  CFFF              ;  hl - имя
  7+  CFFF              ;  de - адрес загрузки
  8+  CFFF              ;
  9+  CFFF              ; На выходе
 10+  CFFF              ;  bc, de, hl - сохраняются
 11+  CFFF              ;  v_foundDescrPtr - адрес копии дескриптора найденного файла
 12+  CFFF              ;  cf - ошибка
 13+  CFFF              ;
 14+  CFFF              ; 2013-12-12 Дизассемблировано vinxru
 15+  CFFF              ; 2022-02-11 Переработано SpaceEngineer
 16+  CFFF              ;----------------------------------------------------------------------------
 17+  CFFF
 18+  CFFF              fileLoad2:  ; загрузить файл с именем HL по адресу DE
 19+  CFFF CD AC CF                 call    fileFind
 20+  D002 D8                       ret c
 21+  D003
 22+  D003 E5                       push    hl
 23+  D004 C5                       push    bc
 24+  D005 D5                       push    de
 25+  D006 C3 1A D0                 jp      fileLoadStep2
 26+  D009
 27+  D009              fileLoad:   ; загрузить файл с именем HL по адресу из дескриптора
 28+  D009 CD AC CF                 call    fileFind
 29+  D00C D8                       ret c
 30+  D00D
 31+  D00D E5                       push    hl
 32+  D00E C5                       push    bc
 33+  D00F D5                       push    de
 34+  D010
 35+  D010 2A 0E D3                 ld      hl, (v_foundDescrPtr)
 36+  D013 11 12 00                 ld      de, FILE_DESCRIPTOR.loadAddress
 37+  D016 19                       add     hl, de
 38+  D017 5E                       ld      e, (hl)
 39+  D018 23                       inc     hl
 40+  D019 56                       ld      d, (hl)
 41+  D01A
 42+  D01A              fileLoadStep2:
 43+  D01A EB                       ex      hl, de
 44+  D01B 22 04 D3                 ld      (v_input_start), hl
 45+  D01E EB                       ex      hl, de
 46+  D01F
 47+  D01F 2A 0E D3                 ld      hl, (v_foundDescrPtr)
 48+  D022 01 1A 00                 ld      bc, FILE_DESCRIPTOR.firstCluster
 49+  D025 09                       add     hl, bc
 50+  D026 5E                       ld      e, (hl)
 51+  D027 23                       inc     hl
 52+  D028 56                       ld      d, (hl)
 53+  D029
 54+  D029 2A 0E D3                 ld      hl, (v_foundDescrPtr)
 55+  D02C 01 1D 00                 ld      bc, FILE_DESCRIPTOR.size + 1
 56+  D02F 09                       add     hl, bc
 57+  D030 4E                       ld      c, (hl)
 58+  D031 0C                       inc     c
 59+  D032
 60+  D032 2A 04 D3                 ld      hl, (v_input_start)
 61+  D035 06 02                    ld      b, 2
 62+  D037 CD 41 D0                 call    fileTransferClusters
 63+  D03A
 64+  D03A D1                       pop     de
 65+  D03B C1                       pop     bc
 66+  D03C E1                       pop     hl
 67+  D03D D8                       ret c
 68+  D03E C3 60 D0                 jp      fileLoadExit
 69+  D041
 70+  D041              ;----------------------------------------------------------------------------
 71+  D041              ; Передача последовательных кластеров текущего файла.
 72+  D041              ;
 73+  D041              ; Вход:  HL = буфер, DE = текущий кластер, B = 1 запись / 2 чтение,
 74+  D041              ;         C = число кластеров (0 означает 256).
 75+  D041              ; Выход: HL увеличен на C * 256, DE = следующий кластер,
 76+  D041              ;         BC сохранён, CF = ошибка драйвера.
 77+  D041              ;
 78+  D041              ; Текущая файловая система предполагает сектор 256 байт и один сектор
 79+  D041              ; в кластере. Диск выбирает вызывающая сторона.
 80+  D041              ;----------------------------------------------------------------------------
 81+  D041
 82+  D041              fileTransferClusters:
 83+  D041 C5                       push    bc
 84+  D042              fileTransferClusters_loop:
 85+  D042 D5                       push    de
 86+  D043 CD 53 CD                 call    fatClusterToSector
 87+  D046 B7                       or      a
 88+  D047 CD 63 C8                 call    j_diskDriver
 89+  D04A D1                       pop     de
 90+  D04B DA 59 D0                 jp c,   fileTransferClusters_error
 91+  D04E
 92+  D04E CD C0 CD                 call    fatReadCluster
 93+  D051 24                       inc     h
 94+  D052 0D                       dec     c
 95+  D053 C2 42 D0                 jp nz,  fileTransferClusters_loop
 96+  D056
 97+  D056 C1                       pop     bc
 98+  D057 B7                       or      a
 99+  D058 C9                       ret
100+  D059
101+  D059              fileTransferClusters_error:
102+  D059 C1                       pop     bc
103+  D05A 37                       scf
104+  D05B C9                       ret
105+  D05C
106+  D05C              ; ---------------------------------------------------------------------------
107+  D05C              fileLoadInfo:
108+  D05C                          ; Ищем файл с именем в hl
109+  D05C CD AC CF                 call    fileFind
110+  D05F D8                       ret c
111+  D060
112+  D060              ; ---------------------------------------------------------------------------
113+  D060
114+  D060              fileLoadExit:
115+  D060                          ; Сохраняем регистры
116+  D060 E5                       push    hl
117+  D061 C5                       push    bc
118+  D062 D5                       push    de
119+  D063
120+  D063                          ; de = указатель на первое поле после расширения
121+  D063 01 0B 00                 ld      bc, FILE_DESCRIPTOR.attrib
122+  D066 09                       add     hl, bc
123+  D067 EB                       ex      de, hl
124+  D068
125+  D068                          ; Информация о файле, исключая имя
126+  D068 2A 0E D3                 ld      hl, (v_foundDescrPtr)
127+  D06B 09                       add     hl, bc
128+  D06C
129+  D06C                          ; Копируем дескриптор из hl в de, исключая имя и расширение
130+  D06C 06 15                    ld      b, FILE_DESCR_SIZE - FILE_NAME_LENGTH - 3
131+  D06E              fileLoadCDLoop:
132+  D06E 7E                       ld      a, (hl)
133+  D06F 12                       ld      (de), a
134+  D070 23                       inc     hl
135+  D071 13                       inc     de
136+  D072 05                       dec     b
137+  D073 C2 6E D0                 jp nz,  fileLoadCDLoop
138+  D076
139+  D076                          ; Выход CF=0
140+  D076 B7                       or      a
141+  D077 C3 FD CE                 jp      popDBH_ret
142+  D07A
117   D07A                  INCLUDE "fileDelete.inc"
  1+  D07A              ;+---------------------------------------------------------------------------
  2+  D07A              ; MXOS
  3+  D07A              ; Удаление файла
  4+  D07A              ;
  5+  D07A              ; На входе
  6+  D07A              ;  hl - имя файла
  7+  D07A              ;
  8+  D07A              ; На выходе
  9+  D07A              ;  cf - ошибка
 10+  D07A              ;  bc, de, hl - сохраняются
 11+  D07A              ;
 12+  D07A              ; 2013-12-12 Дизассемблировано vinxru
 13+  D07A              ; 2022-02-11 Переработано SpaceEngineer
 14+  D07A              ;----------------------------------------------------------------------------
 15+  D07A
 16+  D07A              fileDelete: ; Найти файл с именем из hl
 17+  D07A CD AC CF                 call    fileFind
 18+  D07D D8                       ret     c
 19+  D07E
 20+  D07E                          ; Удалить файл
 21+  D07E CD 86 D0                 call    deleteFileInt
 22+  D081
 23+  D081                          ; Сохранить изменения на диск
 24+  D081 CD 3C CD                 call    saveSectorCache
 25+  D084
 26+  D084                          ; Результат
 27+  D084 B7                       or      a
 28+  D085 C9                       ret
 29+  D086
 30+  D086              ; ---------------------------------------------------------------------------
 31+  D086
 32+  D086              deleteFileInt:
 33+  D086                          ; Сохраняем регистры
 34+  D086 E5                       push    hl
 35+  D087 C5                       push    bc
 36+  D088 D5                       push    de
 37+  D089
 38+  D089                          ; Помечаем файл в кэше, как удаленный, заменяя первую букву его имени на 0FFh
 39+  D089 2A 08 D3                 ld      hl, (v_cachedDescrPtr)
 40+  D08C 36 FF                    ld      (hl), 0FFh
 41+  D08E E5                       push    hl
 42+  D08F
 43+  D08F                          ; Ставим сектору каталога флаг isModified
 44+  D08F CD 6E CD                 call    markDirSectorAsModified
 45+  D092
 46+  D092                          ; Получаем первый кластер файла в de
 47+  D092 E1                       pop     hl
 48+  D093 11 1A 00                 ld      de, FILE_DESCRIPTOR.firstCluster
 49+  D096 19                       add     hl, de
 50+  D097 5E                       ld      e, (hl)
 51+  D098 23                       inc     hl
 52+  D099 56                       ld      d, (hl)
 53+  D09A
 54+  D09A              deleteFileLoop:
 55+  D09A 62                       ld      h, d
 56+  D09B 6B                       ld      l, e
 57+  D09C
 58+  D09C                          ; Обнуляем кластер номер de и получаем номер
 59+  D09C                          ; следующиего кластера файла в de
 60+  D09C CD D8 CD                 call    fatFreeCluster
 61+  D09F
 62+  D09F                          ; Если это был не последний кластер, продолжаем.
 63+  D09F 7A                       ld      a, d
 64+  D0A0 BC                       cp      h
 65+  D0A1 C2 9A D0                 jp nz,  deleteFileLoop
 66+  D0A4 7B                       ld      a, e
 67+  D0A5 BD                       cp      l
 68+  D0A6 C2 9A D0                 jp nz,  deleteFileLoop
 69+  D0A9
 70+  D0A9                          ; Восстаналиваем регистры и выходим
 71+  D0A9 C3 FD CE                 jp      popDBH_ret
 72+  D0AC
118   D0AC                  INCLUDE "fileRename.inc"
  1+  D0AC              ;+---------------------------------------------------------------------------
  2+  D0AC              ; MXOS
  3+  D0AC              ; Переименовать файл в пределах текущего диска.
  4+  D0AC              ;
  5+  D0AC              ; Вход:
  6+  D0AC              ;   hl - старое имя;
  7+  D0AC              ;   de - новое имя.
  8+  D0AC              ; Выход:
  9+  D0AC              ;   CF - ошибка;
 10+  D0AC              ;   bc, de, hl разрушаются.
 11+  D0AC              ;
 12+  D0AC              ; Важно: поиск нового имени может вытеснить сектор исходного дескриптора из
 13+  D0AC              ; кэша. Поэтому перед записью имени исходный файл ищется повторно.
 14+  D0AC              ;----------------------------------------------------------------------------
 15+  D0AC
 16+  D0AC              fileRename:
 17+  D0AC                          ; Найти исходный файл.
 18+  D0AC CD AC CF                 call    fileFind
 19+  D0AF D8                       ret c
 20+  D0B0
 21+  D0B0                          ; Переименование в то же имя ничего не меняет.
 22+  D0B0 E5                       push    hl
 23+  D0B1 D5                       push    de
 24+  D0B2 0E 0B                    ld      c, FILE_NAME_LENGTH + 3
 25+  D0B4 CD FF CB                 call    stricmp
 26+  D0B7 D1                       pop     de
 27+  D0B8 E1                       pop     hl
 28+  D0B9 C8                       ret z
 29+  D0BA
 30+  D0BA                          ; Сохранить входные регистры для общего выхода popDBH_ret.
 31+  D0BA E5                       push    hl
 32+  D0BB C5                       push    bc
 33+  D0BC D5                       push    de
 34+  D0BD
 35+  D0BD                          ; Если файл с новым именем уже существует, удалить его.
 36+  D0BD EB                       ex      de, hl                  ; hl = новое, de = старое
 37+  D0BE CD AC CF                 call    fileFind
 38+  D0C1 D4 86 D0                 call nc,deleteFileInt
 39+  D0C4
 40+  D0C4                          ; Повторно найти исходный файл: предыдущий поиск мог вытеснить
 41+  D0C4                          ; его сектор и сделать v_cachedDescrPtr недействительным.
 42+  D0C4 EB                       ex      de, hl                  ; hl = старое, de = новое
 43+  D0C5 CD AC CF                 call    fileFind
 44+  D0C8 DA FD CE                 jp c,   popDBH_ret
 45+  D0CB
 46+  D0CB                          ; hl = новое имя, de = актуальный дескриптор исходного файла.
 47+  D0CB 2A 08 D3                 ld      hl, (v_cachedDescrPtr)
 48+  D0CE EB                       ex      de, hl
 49+  D0CF
 50+  D0CF 0E 0B                    ld      c, FILE_NAME_LENGTH + 3
 51+  D0D1              fileRenameCopyName:
 52+  D0D1 7E                       ld      a, (hl)
 53+  D0D2 12                       ld      (de), a
 54+  D0D3 23                       inc     hl
 55+  D0D4 13                       inc     de
 56+  D0D5 0D                       dec     c
 57+  D0D6 C2 D1 D0                 jp nz,  fileRenameCopyName
 58+  D0D9
 59+  D0D9 CD 6E CD                 call    markDirSectorAsModified
 60+  D0DC CD 3C CD                 call    saveSectorCache
 61+  D0DF B7                       or      a
 62+  D0E0 C3 FD CE                 jp      popDBH_ret
119   D0E3                  INCLUDE "fileGetSetAttr.inc"
  1+  D0E3              ;+---------------------------------------------------------------------------
  2+  D0E3              ; MXOS
  3+  D0E3              ; Получение/изменение атрибутов файла
  4+  D0E3              ;
  5+  D0E3              ; На входе
  6+  D0E3              ;   hl - имя файла
  7+  D0E3              ;   с  - 0=чтение, 1=изменение
  8+  D0E3              ;   b  - новые атрибуты (если c==1)
  9+  D0E3              ;
 10+  D0E3              ; На выходе
 11+  D0E3              ;   cf - ошибка
 12+  D0E3              ;   a  - атрибуты
 13+  D0E3              ;   bc, de, hl - сохраняются
 14+  D0E3              ;
 15+  D0E3              ; 2013-12-12 Дизассемблировано vinxru
 16+  D0E3              ; 2022-01-31 Доработано SpaceEngineer
 17+  D0E3              ;----------------------------------------------------------------------------
 18+  D0E3
 19+  D0E3              fileGetSetAttr:
 20+  D0E3 C5                       push    bc
 21+  D0E4 47                       ld      b, a
 22+  D0E5
 23+  D0E5                          ; Ищем файл с именем в hl. Если найден, то переходим
 24+  D0E5 CD AC CF                 call    fileFind
 25+  D0E8 D2 ED D0                 jp nc,  fileGetSetAt_0
 26+  D0EB
 27+  D0EB                          ; Ошибка, выходим
 28+  D0EB C1                       pop     bc
 29+  D0EC C9                       ret
 30+  D0ED
 31+  D0ED              ; ---------------------------------------------------------------------------
 32+  D0ED
 33+  D0ED              fileGetSetAt_0:
 34+  D0ED E5                       push    hl
 35+  D0EE
 36+  D0EE                          ; Получаем адрес байта атрибутов
 37+  D0EE D5                       push    de
 38+  D0EF 2A 08 D3                 ld      hl, (v_cachedDescrPtr)
 39+  D0F2 11 0B 00                 ld      de, FILE_DESCRIPTOR.attrib
 40+  D0F5 19                       add     hl, de
 41+  D0F6 D1                       pop     de
 42+  D0F7
 43+  D0F7                          ; Проверяем режим
 44+  D0F7 79                       ld      a, c
 45+  D0F8 0D                       dec     c ; ZF=1 если режим 1
 46+  D0F9 C2 03 D1                 jp nz,  fileGetSetAt_1
 47+  D0FC
 48+  D0FC                          ; Устанавливаем атрибуты
 49+  D0FC 70                       ld      (hl), b
 50+  D0FD
 51+  D0FD                          ; Ставим сектору каталога флаг isModified
 52+  D0FD CD 6E CD                 call    markDirSectorAsModified
 53+  D100
 54+  D100                          ; Сохраняем изменения на диск
 55+  D100 CD 3C CD                 call    saveSectorCache
 56+  D103
 57+  D103              fileGetSetAt_1:
 58+  D103                          ; Читаем атрибуты
 59+  D103 7E                       ld      a, (hl)
 60+  D104
 61+  D104                          ; Восстанавливаем регистры и выходим ;! А тут точно CF==0 будет?
 62+  D104 B7                       or      a
 63+  D105 E1                       pop     hl
 64+  D106 C1                       pop     bc
 65+  D107 C9                       ret
 66+  D108
120   D108                  INCLUDE "fileGetSetAddr.inc"
  1+  D108              ;+---------------------------------------------------------------------------
  2+  D108              ; MXOS
  3+  D108              ; Получение/изменение адреса загрузки файла
  4+  D108              ;
  5+  D108              ; На входе
  6+  D108              ;   hl - имя файла
  7+  D108              ;   с  - 0=чтение, 1=изменение
  8+  D108              ;   de - адрес
  9+  D108              ;
 10+  D108              ; На выходе
 11+  D108              ;   de - адрес
 12+  D108              ;   bc, hl - сохраняются
 13+  D108              ;
 14+  D108              ; 2013-12-12 Дизассемблировано vinxru
 15+  D108              ; 2022-01-31 Доработано SpaceEngineer
 16+  D108              ;----------------------------------------------------------------------------
 17+  D108
 18+  D108              fileGetSetAddr:   ; Ищем файл с именем в hl
 19+  D108 CD AC CF                 call    fileFind
 20+  D10B D8                       ret c
 21+  D10C
 22+  D10C E5                       push    hl
 23+  D10D
 24+  D10D                          ; Получаем адрес длины файла
 25+  D10D D5                       push    de
 26+  D10E 2A 08 D3                 ld      hl, (v_cachedDescrPtr)
 27+  D111 11 12 00                 ld      de, FILE_DESCRIPTOR.loadAddress
 28+  D114 19                       add     hl, de
 29+  D115 D1                       pop     de
 30+  D116
 31+  D116                          ; Проверяем режим
 32+  D116 79                       ld      a, c
 33+  D117 0D                       dec     c ; ZF=1 если режим 1
 34+  D118 C2 27 D1                 jp nz,  fileGetSetAd_0
 35+  D11B
 36+  D11B                          ; Заменяем адрес загрузки
 37+  D11B 73                       ld      (hl), e
 38+  D11C 23                       inc     hl
 39+  D11D 72                       ld      (hl), d
 40+  D11E
 41+  D11E                          ; Ставим сектору каталога флаг isModified
 42+  D11E CD 6E CD                 call    markDirSectorAsModified
 43+  D121
 44+  D121                          ; Сохраняем изменения на диск
 45+  D121 CD 3C CD                 call    saveSectorCache
 46+  D124
 47+  D124                          ; Выходим
 48+  D124 E1                       pop     hl
 49+  D125 B7                       or      a
 50+  D126 C9                       ret
 51+  D127
 52+  D127              fileGetSetAd_0:
 53+  D127                          ; Читаем адрес загрузки
 54+  D127 5E                       ld      e, (hl)
 55+  D128 23                       inc     hl
 56+  D129 56                       ld      d, (hl)
 57+  D12A
 58+  D12A                          ; Выходим
 59+  D12A E1                       pop     hl
 60+  D12B B7                       or      a
 61+  D12C C9                       ret
 62+  D12D
121   D12D                  INCLUDE "fileGetInfoAddr.inc"
  1+  D12D              ;+---------------------------------------------------------------------------
  2+  D12D              ; MXOS
  3+  D12D              ; Получить указатель на информацию о a==1
  4+  D12D              ;
  5+  D12D              ; На входе
  6+  D12D              ;   c - любое число
  7+  D12D              ;
  8+  D12D              ; На выходе
  9+  D12D              ;   b, de - сохраняются
 10+  D12D              ;   hl - указатель на дескриптор после расширения
 11+  D12D              ;   zf - если a==1
 12+  D12D              ;   a = c
 13+  D12D              ;   c = c-1
 14+  D12D              ;
 15+  D12D              ; 2013-12-12 Дизассемблировано vinxru
 16+  D12D              ;----------------------------------------------------------------------------
 17+  D12D
 18+  D12D              ;fileGetInfoAddr:
 19+  D12D              ;            push de
 20+  D12D              ;
 21+  D12D              ;            ; Помещаем в hl адрес информации о файле
 22+  D12D              ;            ld    hl, (v_foundDescrPtr)
 23+  D12D              ;            ld    de, FILE_DESCRIPTOR.attrib
 24+  D12D              ;            add   scf
 25+  D12D              ;
 26+  D12D              ;            ; Помещаем в a режим
 27+  D12D              ;            ld    a, c
 28+  D12D              ;
 29+  D12D              ;            ; ZF=1 если режим 1
 30+  D12D              ;            dec c
 31+  D12D              ;
 32+  D12D              ;            pop de
 33+  D12D              ;            ret
 34+  D12D              ;
 35+  D12D
122   D12D                  INCLUDE "fileList.inc"
  1+  D12D              ;+---------------------------------------------------------------------------
  2+  D12D              ; MXOS
  3+  D12D              ; Получить список файлов каталога.
  4+  D12D              ; Функция копирует в буфер уомпактные описатели файлов (FILE_INFO).
  5+  D12D              ;
  6+  D12D              ; На входе
  7+  D12D              ;  hl - адрес буфера
  8+  D12D              ;  de - размер буфера (макс. количество описателей файлов)
  9+  D12D              ;  bc - с какого дескриптора начинать заполнение буфера
 10+  D12D              ;
 11+  D12D              ; На выходе
 12+  D12D              ;  de - сколько всего дескрипторов в каталоге
 13+  D12D              ;
 14+  D12D              ;  bc, hl - сохраняются
 15+  D12D              ;
 16+  D12D              ; 2013-12-12 Дизассемблировано vinxru
 17+  D12D              ; 2022-02-11 Переработано SpaceEngineer
 18+  D12D              ;----------------------------------------------------------------------------
 19+  D12D
 20+  D12D              fileList:   ; Если нет драйвера или диск не отформатирован -
 21+  D12D                          ; формируем пустой список и выходим
 22+  D12D 3A 50 D3                 ld      a, (v_diskInfo.isValid)
 23+  D130 FE 02                    cp      DISK_VALID
 24+  D132 CA 3B D1                 jp z,   fileListOk
 25+  D135
 26+  D135                          ; В начало буфера помещаем символ 0FFh
 27+  D135 36 FF                    ld      (hl), 0FFh
 28+  D137
 29+  D137                          ; Возвращаем количество файлов в директории в de (ноль)
 30+  D137 11 00 00                 ld      de, 0
 31+  D13A C9                       ret
 32+  D13B
 33+  D13B              fileListOk: ; Сохранение регистров
 34+  D13B C5                       push    bc  ; [1]
 35+  D13C E5                       push    hl  ; [2]
 36+  D13D
 37+  D13D                          ; В de - максимум файлов, но его надо еще ограничить размером каталога
 38+  D13D 2A 3A D3                 ld      hl, (v_diskInfo.rootDirMaxFiles)
 39+  D140 CD 89 C3                 call    cmp_hl_de_2
 40+  D143 DA 47 D1                 jp c,   fl_min
 41+  D146 EB                       ex      hl, de
 42+  D147              fl_min:     ; Сохраняем максимум файлов
 43+  D147 22 16 D3                 ld      (v_dirMaxFiles), hl
 44+  D14A
 45+  D14A                          ; Сохраняем номер первого файла
 46+  D14A 60                       ld      h, b
 47+  D14B 69                       ld      l, c
 48+  D14C 22 14 D3                 ld      (v_dirFirstFile), hl
 49+  D14F
 50+  D14F                          ; Обнуляем счетчики файлов
 51+  D14F 21 00 00                 ld      hl, 0
 52+  D152 22 18 D3                 ld      (v_dirListedFiles), hl
 53+  D155 22 1A D3                 ld      (v_dirTotalFiles),  hl
 54+  D158
 55+  D158 E1                       pop     hl  ; [2]
 56+  D159 E5                       push    hl  ; [2]
 57+  D15A
 58+  D15A                          ; de = номер первого сектора каталога
 59+  D15A                          ; с  = количество секторов каталога (мл. байт)
 60+  D15A CD 64 CD                 call    fatBeginDirLoop
 61+  D15D
 62+  D15D                          ; Цикл по секторам каталога
 63+  D15D              fileList_dirLoop:
 64+  D15D                          ; Сохраняем номер сектора каталога
 65+  D15D D5                       push    de  ; [3]               ; de = номер сектора каталога
 66+  D15E
 67+  D15E                          ; Кэшируем сектор каталога
 68+  D15E E5                       push    hl  ; [4]
 69+  D15F AF                       xor     a                       ; флаг - сектор не будет меняться
 70+  D160 CD 86 CC                 call    getSectorAddressInCache ; выход: hl = адрес сектора в буфере
 71+  D163 EB                       ex      hl, de                  ; de = адрес сектора в буфере
 72+  D164 E1                       pop     hl  ; [4]
 73+  D165
 74+  D165                          ; Кол-во дескрипторов файлов в одном секторе каталога (мл. байт)
 75+  D165 3A 3C D3                 ld      a, (v_diskInfo.descrPerSector)
 76+  D168 47                       ld      b, a
 77+  D169
 78+  D169                          ; Цикл по дескрипторам в закешированном секторе каталога
 79+  D169              fileList_sectorLoop:
 80+  D169                          ; Если первый символ = FFh, дескриптор пустой
 81+  D169 1A                       ld      a, (de)
 82+  D16A 3C                       inc     a
 83+  D16B CA 9E D1                 jp z,   fileList_nextDescr
 84+  D16E
 85+  D16E E5                       push    hl  ; [4]
 86+  D16F D5                       push    de  ; [5]
 87+  D170
 88+  D170                          ; Увеличиваем счетчик общего количества файлов в каталоге
 89+  D170 2A 1A D3                 ld      hl, (v_dirTotalFiles)
 90+  D173 23                       inc     hl
 91+  D174 22 1A D3                 ld      (v_dirTotalFiles), hl
 92+  D177
 93+  D177                          ; Если не дошли до первого файла (v_dirTotalFiles < v_dirFirstFile),
 94+  D177                          ; то продолжаем сканирование каталога без копирования дескриптора в буфер
 95+  D177 EB                       ex      hl, de
 96+  D178 2A 14 D3                 ld      hl, (v_dirFirstFile)
 97+  D17B CD 27 C4                 call    cmp_hl_de
 98+  D17E D2 9C D1                 jp nc,  fileList_skipCopy
 99+  D181
100+  D181                          ; Если буфер уже заполнен (v_dirListedFiles >= v_dirMaxFiles),
101+  D181                          ; то продолжаем сканирование каталога без копирования дескриптора в буфер
102+  D181 2A 16 D3                 ld      hl, (v_dirMaxFiles)
103+  D184 EB                       ex      hl, de
104+  D185 2A 18 D3                 ld      hl, (v_dirListedFiles)
105+  D188 CD 27 C4                 call    cmp_hl_de
106+  D18B D2 9C D1                 jp nc,  fileList_skipCopy
107+  D18E
108+  D18E                          ; Увеличиваем счетчик скопированных дескрипторов
109+  D18E 23                       inc     hl
110+  D18F 22 18 D3                 ld      (v_dirListedFiles), hl
111+  D192
112+  D192 D1                       pop     de  ; [5]
113+  D193 E1                       pop     hl  ; [4]
114+  D194
115+  D194                          ; Копируем дескриптор из de в hl
116+  D194 C5                       push    bc  ; [4]
117+  D195                          ;call    copyDescriptor
118+  D195 CD 2B D2                 call    copyDescriptorCompact
119+  D198 C1                       pop     bc  ; [4]
120+  D199
121+  D199                          ; copyDescriptor смещает de, поэтому код расчета
122+  D199                          ; адреса следующего дескриптора надо перепрыгнуть
123+  D199                          ;jp      fileList_next
124+  D199 C3 9E D1                 jp      fileList_nextDescr
125+  D19C
126+  D19C              fileList_skipCopy:
127+  D19C D1                       pop     de  ; [5]
128+  D19D E1                       pop     hl  ; [4]
129+  D19E
130+  D19E              fileList_nextDescr:
131+  D19E                          ; Вычисляем адрес следующего дескриптора
132+  D19E E5                       push    hl  ; [4]
133+  D19F 21 20 00                 ld      hl, FILE_DESCR_SIZE
134+  D1A2 19                       add     hl, de
135+  D1A3 EB                       ex      de, hl
136+  D1A4 E1                       pop     hl  ; [4]
137+  D1A5
138+  D1A5              fileList_next:
139+  D1A5                          ; Еще остались файлы в секторе каталога?
140+  D1A5 05                       dec     b
141+  D1A6 C2 69 D1                 jp nz,  fileList_sectorLoop
142+  D1A9
143+  D1A9                          ; Еще остались секторы каталога?
144+  D1A9                          ; Восстанавливаем номер сектора каталога
145+  D1A9 D1                       pop     de  ; [3]   de = номер сектора каталога
146+  D1AA 13                       inc     de  ;       следующий сектор каталога
147+  D1AB 0D                       dec     c
148+  D1AC C2 5D D1                 jp nz,  fileList_dirLoop
149+  D1AF
150+  D1AF              fileList_exit
151+  D1AF                          ; Завершение и выход
152+  D1AF                          ; В конец буфера помещаем символ 0FFh
153+  D1AF 36 FF                    ld      (hl), 0FFh
154+  D1B1
155+  D1B1                          ; Возвращаем количество файлов в директории в de
156+  D1B1 2A 1A D3                 ld      hl, (v_dirTotalFiles)
157+  D1B4 EB                       ex      hl, de
158+  D1B5
159+  D1B5 E1                       pop     hl  ; [2]
160+  D1B6 C1                       pop     bc  ; [1]
161+  D1B7 C9                       ret
162+  D1B8
123   D1B8                  INCLUDE "fileNamePrepare.inc"
  1+  D1B8              ;+---------------------------------------------------------------------------
  2+  D1B8              ; MXOS
  3+  D1B8              ; Подготовить имя файла для функций ОС
  4+  D1B8              ;
  5+  D1B8              ; На входе
  6+  D1B8              ;  hl - исходное имя
  7+  D1B8              ;  de - буфер для результата (P_INPUT_WIDTH + 3 байт)
  8+  D1B8              ;
  9+  D1B8              ; 2013-12-12 Дизассемблировано vinxru
 10+  D1B8              ;----------------------------------------------------------------------------
 11+  D1B8
 12+  D1B8              fileNamePrepare:
 13+  D1B8                          ; Сохраняем регистры
 14+  D1B8 C5                       push    bc
 15+  D1B9 D5                       push    de
 16+  D1BA
 17+  D1BA                          ; Если второй символ исходной строки ':', то меняем диск
 18+  D1BA 23                       inc     hl
 19+  D1BB 7E                       ld      a, (hl)
 20+  D1BC FE 3A                    cp      ':'
 21+  D1BE 2B                       dec     hl
 22+  D1BF C2 CC D1                 jp nz,  fileNamePr_1
 23+  D1C2
 24+  D1C2                          ; Меняем диск
 25+  D1C2 7E                       ld      a, (hl)
 26+  D1C3 D6 41                    sub     'A'
 27+  D1C5 E5                       push    hl
 28+  D1C6 CD CB CB                 call    fileSelectDrive
 29+  D1C9 E1                       pop     hl
 30+  D1CA
 31+  D1CA                          ; Диск не входит в имя файла
 32+  D1CA 23                       inc     hl
 33+  D1CB 23                       inc     hl
 34+  D1CC
 35+  D1CC              fileNamePr_1:
 36+  D1CC                          ; b = длина имени, c = 3 - длина расширения
 37+  D1CC 01 03 08                 ld      bc, (FILE_NAME_LENGTH << 8) + 3
 38+  D1CF
 39+  D1CF                          ; Копируем текст до точки, пробела или конца строки, не более FILE_NAME_LENGTH символов.
 40+  D1CF              fileNamePr_2:
 41+  D1CF 7E                       ld      a, (hl)
 42+  D1D0 A7                       and     a
 43+  D1D1 F2 D6 D1                 jp p,   fileNamePr_3
 44+  D1D4 D6 40                    sub     40h         ; проеобразование KOI?
 45+  D1D6              fileNamePr_3:
 46+  D1D6 FE 21                    cp      ' '+1
 47+  D1D8 DA F6 D1                 jp c,   fileNamePr_5
 48+  D1DB 23                       inc     hl
 49+  D1DC FE 2E                    cp      '.'
 50+  D1DE CA F6 D1                 jp z,   fileNamePr_5
 51+  D1E1 12                       ld      (de), a
 52+  D1E2 13                       inc     de
 53+  D1E3 05                       dec     b
 54+  D1E4 C2 CF D1                 jp nz,  fileNamePr_2
 55+  D1E7
 56+  D1E7                          ; Пропускаем текст до точки, пробела или конца строки
 57+  D1E7              fileNamePr_4:
 58+  D1E7 7E                       ld      a, (hl)
 59+  D1E8 FE 21                    cp      ' '+1
 60+  D1EA DA F9 D1                 jp c,   fileNamePr_6
 61+  D1ED 23                       inc     hl
 62+  D1EE FE 2E                    cp      '.'
 63+  D1F0 C2 E7 D1                 jp nz,  fileNamePr_4
 64+  D1F3 C3 F9 D1                 jp      fileNamePr_6
 65+  D1F6
 66+  D1F6              ; ---------------------------------------------------------------------------
 67+  D1F6
 68+  D1F6              fileNamePr_5:
 69+  D1F6                          ; Имя короче FILE_NAME_LENGTH символов
 70+  D1F6                          ; Заполняем недостающие символы имени пробелами
 71+  D1F6 CD C7 C3                 call    memset_de_20_b
 72+  D1F9
 73+  D1F9                          ; Копируем текст до пробела или конца строки, не более 3 символов.
 74+  D1F9              fileNamePr_6:
 75+  D1F9 7E                       ld      a, (hl)
 76+  D1FA A7                       and     a
 77+  D1FB F2 00 D2                 jp p,   fileNamePr_7
 78+  D1FE D6 40                    sub     40h         ; проеобразование KOI?
 79+  D200              fileNamePr_7:
 80+  D200 FE 21                    cp      ' '+1
 81+  D202 DA 19 D2                 jp c,   fileNamePr_11
 82+  D205 12                       ld      (de),a
 83+  D206 23                       inc     hl
 84+  D207 13                       inc     de
 85+  D208 0D                       dec     c
 86+  D209 C2 F9 D1                 jp nz,  fileNamePr_6
 87+  D20C
 88+  D20C              fileNamePr_8:
 89+  D20C                          ; Пропускаем текст до пробела или конца строки
 90+  D20C 7E                       ld      a, (hl)
 91+  D20D FE 20                    cp      ' '
 92+  D20F DA 16 D2                 jp c,   fileNamePr_10
 93+  D212 23                       inc     hl
 94+  D213 C2 0C D2                 jp nz,  fileNamePr_8
 95+  D216
 96+  D216              ;fileNamePr_9:
 97+  D216              ;            ; Пропускаем текст до пробела или конца строки
 98+  D216              ;            ; Почему то дублируется код
 99+  D216              ;            ld      a, (hl)
100+  D216              ;            cp      ' '
101+  D216              ;            jp c,   fileNamePr_10
102+  D216              ;            inc     hl
103+  D216              ;            jp z,   fileNamePr_9
104+  D216              ;            dec     hl
105+  D216
106+  D216              fileNamePr_10:    ; Восстанавливаем регистры и выходим
107+  D216 D1                       pop     de
108+  D217 C1                       pop     bc
109+  D218 C9                       ret
110+  D219
111+  D219              ; ---------------------------------------------------------------------------
112+  D219
113+  D219              fileNamePr_11:
114+  D219                          ; Заполняем недостающие символы расширения пробелами
115+  D219 41                       ld      b, c
116+  D21A CD C7 C3                 call    memset_de_20_b
117+  D21D
118+  D21D                          ; Восстанавливаем регистры и выходим
119+  D21D D1                       pop     de
120+  D21E C1                       pop     bc
121+  D21F C9                       ret
122+  D220
124   D220                  INCLUDE "copyDescriptor.inc"
  1+  D220              ;----------------------------------------------------------------------------
  2+  D220              ; MXOS
  3+  D220              ; Копирование дескриптора файла (FILE_DESCRIPTOR)
  4+  D220              ;
  5+  D220              ; вход:
  6+  D220              ;  de = адрес откуда
  7+  D220              ;  hl = адрес куда
  8+  D220              ;
  9+  D220              ; выход:
 10+  D220              ;  de = адрес следующего дескриптора
 11+  D220              ;  hl = адрес следующего дескриптора
 12+  D220              ;
 13+  D220              ; 2022-02-11 SpaceEngineer
 14+  D220              ;----------------------------------------------------------------------------
 15+  D220
 16+  D220              copyDescriptor:
 17+  D220                          ; Копируем FILE_DESCR_SIZE байт из de в hl
 18+  D220 06 20                    ld      b, FILE_DESCR_SIZE
 19+  D222 1A           cfd_loop:   ld      a, (de)
 20+  D223 77                       ld      (hl), a
 21+  D224 23                       inc     hl
 22+  D225 13                       inc     de
 23+  D226 05                       dec     b
 24+  D227 C2 22 D2                 jp nz,  cfd_loop
 25+  D22A C9                       ret
 26+  D22B
 27+  D22B              ;----------------------------------------------------------------------------
 28+  D22B              ; MXOS
 29+  D22B              ; Проеобразование дескриптора файла в компактную форму
 30+  D22B              ; FILE_DESCRIPTOR -> FILE_INFO
 31+  D22B              ;
 32+  D22B              ; вход:
 33+  D22B              ;  de = адрес откуда
 34+  D22B              ;  hl = адрес куда
 35+  D22B              ;
 36+  D22B              ; выход:
 37+  D22B              ;  hl = адрес следующего описателя
 38+  D22B              ;
 39+  D22B              ;  de - сохраняется
 40+  D22B              ;
 41+  D22B              ; 2022-02-16 SpaceEngineer
 42+  D22B              ;----------------------------------------------------------------------------
 43+  D22B
 44+  D22B              copyDescriptorCompact:
 45+  D22B D5                       push    de
 46+  D22C
 47+  D22C                          ; Копируем имя файла + расширение + байт атрибутов
 48+  D22C 06 0C                    ld      b, FILE_NAME_LENGTH + 4
 49+  D22E 1A           cfdc_loop:  ld      a, (de)
 50+  D22F 77                       ld      (hl), a
 51+  D230 23                       inc     hl
 52+  D231 13                       inc     de
 53+  D232 05                       dec     b
 54+  D233 C2 2E D2                 jp nz,  cfdc_loop
 55+  D236
 56+  D236                          ; Копируем поле адреса загрузки
 57+  D236 EB                       ex      hl, de
 58+  D237 01 06 00                 ld      bc, FILE_DESCRIPTOR.loadAddress - FILE_DESCRIPTOR.attrib - 1   ; относительное смещение поля loadAddr
 59+  D23A 09                       add     hl, bc
 60+  D23B EB                       ex      hl, de
 61+  D23C
 62+  D23C 1A                       ld      a, (de)
 63+  D23D 77                       ld      (hl), a
 64+  D23E 23                       inc     hl
 65+  D23F 13                       inc     de
 66+  D240 1A                       ld      a, (de)
 67+  D241 77                       ld      (hl), a
 68+  D242 23                       inc     hl
 69+  D243
 70+  D243                          ; Копируем поле размера
 71+  D243 EB                       ex      hl, de
 72+  D244 01 09 00                 ld      bc, FILE_DESCRIPTOR.size - FILE_DESCRIPTOR.loadAddress - 1  ; относительное смещение поля size
 73+  D247 09                       add     hl, bc
 74+  D248 EB                       ex      hl, de
 75+  D249
 76+  D249 1A                       ld      a, (de)
 77+  D24A 77                       ld      (hl), a
 78+  D24B 23                       inc     hl
 79+  D24C 13                       inc     de
 80+  D24D 1A                       ld      a, (de)
 81+  D24E 77                       ld      (hl), a
 82+  D24F 23                       inc     hl
 83+  D250
 84+  D250 D1                       pop     de
 85+  D251 C9                       ret
 86+  D252
125   D252                  INCLUDE "printDecWord.inc"
  1+  D252              ;----------------------------------------------------------------------------
  2+  D252              ; MXOS DOS.SYS
  3+  D252              ; Вывод десятичного числа из de
  4+  D252              ; Перенесено из NC.COM
  5+  D252              ;
  6+  D252              ; вход:
  7+  D252              ;   de = число
  8+  D252              ;   b = дополнить ведущими символами: 20h - пробелами, 30h - нулями, 00h - не дополнять
  9+  D252              ;
 10+  D252              ; выход:
 11+  D252              ;   hl, de, bc - сохраняются
 12+  D252              ;
 13+  D252              ; 2013-12-18 Дизассемблировано vinxru
 14+  D252              ;----------------------------------------------------------------------------
 15+  D252
 16+  D252              printDecWord:
 17+  D252 D5                       push  de
 18+  D253 C5                       push  bc
 19+  D254 E5                       push  hl
 20+  D255 EB                       ex    de, hl
 21+  D256                          ; ld    b,  20h  ; b = маска кода символа, заменяет ведущие нули на (код_символа and маска)
 22+  D256 11 F0 D8                 ld    de, -10000
 23+  D259 CD 79 D2                 call  printDec1
 24+  D25C 11 18 FC                 ld    de, -1000
 25+  D25F CD 79 D2                 call  printDec1
 26+  D262 11 9C FF                 ld    de, -100
 27+  D265 CD 79 D2                 call  printDec1
 28+  D268 11 F6 FF                 ld    de, -10
 29+  D26B CD 79 D2                 call  printDec1
 30+  D26E 7D                       ld    a, l
 31+  D26F C6 30                    add   a, '0'
 32+  D271 4F                       ld    c, a
 33+  D272 CD 37 C0                 call  printChar
 34+  D275 E1                       pop   hl
 35+  D276 C1                       pop   bc
 36+  D277 D1                       pop   de
 37+  D278 C9                       ret
 38+  D279
 39+  D279              ; ---------------------------------------------------------------------------
 40+  D279
 41+  D279
 42+  D279              printDec1:  ; c = '0' + (hl / de), hl /= de;
 43+  D279 0E 2F                    ld    c, '0'-1
 44+  D27B
 45+  D27B 0C           loc_DB11:   inc   c
 46+  D27C 19                       add   hl, de
 47+  D27D DA 7B D2                 jp c, loc_DB11
 48+  D280
 49+  D280 7A                       ld    a, d        ; hl -= de;
 50+  D281 2F                       cpl
 51+  D282 57                       ld    d, a
 52+  D283 7B                       ld    a, e
 53+  D284 2F                       cpl
 54+  D285 5F                       ld    e, a
 55+  D286 13                       inc   de
 56+  D287 19                       add   hl, de
 57+  D288 79                       ld    a, c
 58+  D289
 59+  D289                          ; if (c!='0') b=0xFF; c&=b;
 60+  D289 FE 30                    cp    '0'
 61+  D28B CA 90 D2                 jp z, loc_DB26
 62+  D28E 06 FF                    ld    b, 0FFh   ; первый не ноль, меняем маску кода символа на 0FFh
 63+  D290 A0           loc_DB26:   and   b
 64+  D291 C8                       ret   z ; выходим если код символа 0
 65+  D292 4F                       ld    c, a
 66+  D293 C3 37 C0                 jp    printChar
 67+  D296
126   D296                  INCLUDE "math.inc"
  1+  D296              ;+---------------------------------------------------------------------------
  2+  D296              ; MXOS
  3+  D296              ; Математические фуннкции
  4+  D296              ;----------------------------------------------------------------------------
  5+  D296
  6+  D296              ;----------------------------------------------------------------------------
  7+  D296              ; Вычитание hl и de:
  8+  D296              ; hl = hl - de
  9+  D296              ;
 10+  D296              ; de, bc - сохраняется
 11+  D296              ;
 12+  D296              ; SpaceEngineer
 13+  D296              ;----------------------------------------------------------------------------
 14+  D296
 15+  D296              sub_hl_de:
 16+  D296 7D                   ld    a, l
 17+  D297 93                   sub   e
 18+  D298 6F                   ld    l, a
 19+  D299 7C                   ld    a, h
 20+  D29A 9A                   sbc   d
 21+  D29B 67                   ld    h, a
 22+  D29C C9                   ret
 23+  D29D
 24+  D29D              ;----------------------------------------------------------------------------
 25+  D29D              ; Деление hl на 2:
 26+  D29D              ; hl = hl / 2
 27+  D29D              ;
 28+  D29D              ; de, bc - сохраняется
 29+  D29D              ;
 30+  D29D              ; SpaceEngineer
 31+  D29D              ;----------------------------------------------------------------------------
 32+  D29D
 33+  D29D              div_hl_2:
 34+  D29D 7C                   ld  a, h
 35+  D29E B7                   or  a    ; сброс флага c
 36+  D29F 1F                   rra
 37+  D2A0 67                   ld  h, a
 38+  D2A1 7D                   ld  a, l
 39+  D2A2 1F                   rra
 40+  D2A3 6F                   ld  l, a
 41+  D2A4 C9                   ret
 42+  D2A5
 43+  D2A5              ;----------------------------------------------------------------------------
 44+  D2A5              ; Умножение hl на de:
 45+  D2A5              ; hl = hl * de
 46+  D2A5              ;
 47+  D2A5              ;
 48+  D2A5              ; На входе
 49+  D2A5              ;  hl, de - множители
 50+  D2A5              ;
 51+  D2A5              ; На выходе
 52+  D2A5              ;  hl - произведение
 53+  D2A5              ;
 54+  D2A5              ;  bc - сохраняется
 55+  D2A5              ;
 56+  D2A5              ; Взято из проекта c8080 VWarlock'a
 57+  D2A5              ; https://github.com/VWarlock/C8080
 58+  D2A5              ;----------------------------------------------------------------------------
 59+  D2A5
 60+  D2A5              mul_hl_de:
 61+  D2A5 C5                   push    bc
 62+  D2A6 44                   ld      b, h
 63+  D2A7 4D                   ld      c, l
 64+  D2A8 21 00 00             ld      hl, 0
 65+  D2AB 3E 11                ld      a, 17
 66+  D2AD 3D           _mul1:  dec     a
 67+  D2AE CA C8 D2             jp      z, pop_bc_ret
 68+  D2B1 29                   add     hl, hl
 69+  D2B2 EB                   ex      hl, de
 70+  D2B3 D2 BB D2             jp      nc, _mul2
 71+  D2B6 29                   add     hl, hl
 72+  D2B7 24                   inc     h
 73+  D2B8 C3 BC D2             jp      _mul3
 74+  D2BB 29           _mul2:  add     hl, hl
 75+  D2BC EB           _mul3:  ex      hl, de
 76+  D2BD D2 AD D2             jp      nc, _mul1
 77+  D2C0 09                   add     hl, bc
 78+  D2C1 D2 AD D2             jp      nc, _mul1
 79+  D2C4 14                   inc     d
 80+  D2C5 C3 AD D2             jp      _mul1
 81+  D2C8
 82+  D2C8              pop_bc_ret:
 83+  D2C8 C1                   pop     bc
 84+  D2C9 C9                   ret
 85+  D2CA
 86+  D2CA              ;----------------------------------------------------------------------------
 87+  D2CA              ; Деление hl на de:
 88+  D2CA              ; hl = hl / de
 89+  D2CA              ; de = hl % de
 90+  D2CA              ;
 91+  D2CA              ; На входе
 92+  D2CA              ;  hl - делимое
 93+  D2CA              ;  de - делитель
 94+  D2CA              ;
 95+  D2CA              ; На выходе
 96+  D2CA              ;  hl - частное
 97+  D2CA              ;  de - останок
 98+  D2CA              ;
 99+  D2CA              ;  bc - сохраняется
100+  D2CA              ;
101+  D2CA              ; Взято из проекта c8080 VWarlock'a
102+  D2CA              ; https://github.com/VWarlock/C8080
103+  D2CA              ;----------------------------------------------------------------------------
104+  D2CA
105+  D2CA              div_hl_de:
106+  D2CA C5                   push    bc
107+  D2CB EB                   ex      hl, de
108+  D2CC CD D1 D2             call    _div0
109+  D2CF C1                   pop     bc
110+  D2D0 C9                   ret
111+  D2D1
112+  D2D1 7C           _div0:  ld      a, h
113+  D2D2 B5                   or      l
114+  D2D3 C8                   ret     z
115+  D2D4 01 00 00             ld      bc, 0
116+  D2D7 C5                   push    bc
117+  D2D8 7B           _div1:  ld      a, e
118+  D2D9 95                   sub     L
119+  D2DA 7A                   ld      a, d
120+  D2DB 9C                   sbc     h
121+  D2DC DA E4 D2             jp      c, _div2
122+  D2DF E5                   push    hl
123+  D2E0 29                   add     hl, hl
124+  D2E1 D2 D8 D2             jp      nc, _div1
125+  D2E4 21 00 00     _div2:  ld      hl, 0
126+  D2E7 C1           _div3:  pop     bc
127+  D2E8 78                   ld      a, b
128+  D2E9 B1                   or      c
129+  D2EA C8                   ret     z
130+  D2EB 29                   add     hl, hl
131+  D2EC D5                   push    de
132+  D2ED 7B                   ld      a, e
133+  D2EE 91                   sub     c
134+  D2EF 5F                   ld      e, a
135+  D2F0 7A                   ld      a, d
136+  D2F1 98                   sbc     b
137+  D2F2 57                   ld      d, a
138+  D2F3 DA FB D2             jp      c, _div4
139+  D2F6 23                   inc     hl
140+  D2F7 C1                   pop     bc
141+  D2F8 C3 E7 D2             jp      _div3
142+  D2FB D1           _div4:  pop     de
143+  D2FC C3 E7 D2             jp      _div3
144+  D2FF
127   D2FF
128   D2FF 01           v_drive:            DB 1
129   D300 00 00        v_findCluster:      DW 0
130   D302 00 00        v_fileFirstCluster: DW 0
131   D304 00 00        v_input_start:      DW 0
132   D306 00 00        v_input_end:        DW 0
133   D308 00 00        v_cachedDescrPtr:   DW 0
134   D30A 00 00        v_cachedSector:     DW 0
135   D30C 00 00        v_newDescrPtr:      DW 0
136   D30E 00 00        v_foundDescrPtr:    DW 0
137   D310 00 00        v_batPtr:           DW 0
138   D312 DE 8F        v_memTop:           DW bios_vars-1
139   D314 00 00        v_dirFirstFile      DW 0
140   D316 00 00        v_dirMaxFiles       DW 0
141   D318 00 00        v_dirListedFiles    DW 0
142   D31A 00 00        v_dirTotalFiles     DW 0
143   D31C 00 00        v_fakeSystemTime:   DW 0
144   D31E
145   D31E FE CA FE CA  v_drives:           DW diskDriver,      diskDriver
146   D322 9D CB 9D CB                      DW diskDriverDummy, diskDriverDummy
147   D326 9D CB 9D CB                      DW diskDriverDummy, diskDriverDummy
148   D32A 9D CB 9D CB                      DW diskDriverDummy, diskDriverDummy
149   D32E
150   D32E 00 00 00 00  v_diskInfo          DISK_INFO
150   D332 00 00 00 00
150   D336 00 00 00 00
150   D33A 00 00 00 00
150   D33E 00 00 00 00
150   D342 00 00 00 00
150   D346 00 00 00 00
150   D34A 00...
150   D350 00
151   D351
152   D351 41 3A 46 4F  pathFontFnt:        DB "A:FONT.FNT",0
152   D355 4E 54 2E 46
152   D359 4E 54 00
153   D35C 41 3A 4E 43  pathNcCom:          DB "A:NC.COM",0
153   D360 2E 43 4F 4D
153   D364 00
154   D365 41 3A 41 55  pathAutoexecBat:    DB "A:AUTOEXEC.BAT",0
154   D369 54 4F 45 58
154   D36D 45 43 2E 42
154   D371 41 54 00
155   D374 41 3A 46 4F  pathFormatBat:      DB "A:FORMAT.BAT",0
155   D378 52 4D 41 54
155   D37C 2E 42 41 54
155   D380 00
156   D381 42 41 54     aBat:               DB "BAT"
157   D384 43 4F 4D     aCom:               DB "COM"
158   D387 45 58 45     aExe:               DB "EXE"
159   D38A 46 41 54     aFat:               DB "FAT"
160   D38D
161   D38D                  IF BOOT_FROM_TAPE
162   D38D ~            aATape_com:         DB "A:TAPE.COM",0
163   D38D ~            txtLoadingFromTape: DB 0Ah,"LOADING FROM TAPE...",0
164   D38D                  ENDIF
165   D38D
166   D38D 0C 42 49 4F  txtBiosVer:         DB 0Ch,"BIOS 5.00",0Ah,0
166   D391 53 20 35 2E
166   D395 30 30 0A 00
167   D399 0A 52 41 4D  txtRAM:             DB 0Ah,"RAM: ",0
167   D39D 3A 20 00
168   D3A0 20 4B 42 0A  txtKB:              DB " KB",0Ah,0
168   D3A4 00
169   D3A5 0A 42 41 44  txtBadCommand:      DB 0Ah,"BAD COMMAND OR FILE NAME",0
169   D3A9 20 43 4F 4D
169   D3AD 4D 41 4E 44
169   D3B1 20 4F 52 20
169   D3B5 46 49 4C 45
169   D3B9 20 4E 41 4D
169   D3BD 45 00
170   D3BF
171   D3BF 00 00 00 00  v_tmpFileDescr      FILE_DESCRIPTOR
171   D3C3 00 00 00 00
171   D3C7 00 00 00 00
171   D3CB 00 00 00 00
171   D3CF 00 00 00 00
171   D3D3 00 00 00 00
171   D3D7 00 00 00 00
171   D3DB 00 00 00 00
172   D3DF 00 00 00 00  v_curFileDescr      FILE_DESCRIPTOR
172   D3E3 00 00 00 00
172   D3E7 00 00 00 00
172   D3EB 00 00 00 00
172   D3EF 00 00 00 00
172   D3F3 00 00 00 00
172   D3F7 00 00 00 00
172   D3FB 00 00 00 00
173   D3FF 00 00 00 00  v_batFileDescr      FILE_DESCRIPTOR
173   D403 00 00 00 00
173   D407 00 00 00 00
173   D40B 00 00 00 00
173   D40F 00 00 00 00
173   D413 00 00 00 00
173   D417 00 00 00 00
173   D41B 00 00 00 00
174   D41F FF FF FF...  v_char:             BLOCK 13, 0FFh
175   D42C
176   D42C                  IF NEW_MEMORY_MAP==0
177   D42C ~                    ASSERT_DONT_FIT 0D000h
178   D42C                  ENDIF
179   D42C
180   D42C                  IF LOAD_FONT
181   D42C                      INCLUDE "initFont.inc"
  1+  D42C              ;+---------------------------------------------------------------------------
  2+  D42C              ; MXOS
  3+  D42C              ; Загрузка шрифта в память
  4+  D42C              ;
  5+  D42C              ; Разработано vinxru
  6+  D42C              ; Доработано SpaceEngineer
  7+  D42C              ;----------------------------------------------------------------------------
  8+  D42C
  9+  D42C              initFont:   ; Изменяем команду перехода сюда на reboot2
 10+  D42C 21 56 C5                 ld      hl, reboot2
 11+  D42F 22 54 C5                 ld      (onceInitFont+1), hl
 12+  D432 E5                       push    hl
 13+  D433
 14+  D433                  IF EMBED_FONT == 0
 15+  D433
 16+  D433                          ; Шрифт грузится из файла
 17+  D433                          ; Устанавливаем блочный драйвер ДОЗУ
 18+  D433 06 00                    ld      b, 0
 19+  D435 CD 9C CA                 call    setRAMDDriver
 20+  D438
 21+  D438                          ; Ищем и загружаем файл A:FONT.FNT на адрес FONT_ADDR
 22+  D438 21 51 D3                 ld      hl, pathFontFnt
 23+  D43B 11 DF D3                 ld      de, v_curFileDescr
 24+  D43E CD B8 D1                 call    fileNamePrepare   ; подготовка имени файла и переключение накопителя
 25+  D441 EB                       ex      de, hl
 26+  D442 11 00 E0                 ld      de, FONT_ADDR
 27+  D445 C3 FF CF                 jp      fileLoad2
 28+  D448
 29+  D448                  ELSE
 30+  D448 ~                        ; Шрифт встроен в хвост программы
 31+  D448 ~                        ; Копируем его на адрес FONT_ADDR
 32+  D448 ~                        ld      hl, font
 33+  D448 ~                        ld      de, fontEnd
 34+  D448 ~                        ld      bc, FONT_ADDR
 35+  D448 ~                        jp      memcpy_bc_hl
 36+  D448 ~
 37+  D448 ~            font:
 38+  D448 ~                  DB 000h,000h,000h,000h,000h,000h,000h,000h ; 0
 39+  D448 ~                  DB 004h,00Eh,015h,004h,015h,00Eh,004h,000h ; 1
 40+  D448 ~                  DB 000h,000h,004h,00Ah,01Fh,000h,01Fh,000h ; 2
 41+  D448 ~                  DB 000h,000h,01Fh,00Ah,004h,000h,01Fh,000h ; 3
 42+  D448 ~                  DB 009h,01Bh,02Dh,01Bh,009h,000h,000h,000h ; 4
 43+  D448 ~                  DB 024h,036h,02Dh,036h,024h,000h,000h,000h ; 5
 44+  D448 ~                  DB 01Eh,021h,02Dh,029h,02Dh,021h,01Eh,000h ; 6
 45+  D448 ~                  DB 010h,018h,017h,015h,017h,018h,010h,000h ; 7
 46+  D448 ~                  DB 000h,000h,004h,008h,01Fh,008h,004h,000h ; 8
 47+  D448 ~                  DB 000h,000h,014h,012h,01Fh,012h,014h,000h ; 9
 48+  D448 ~                  DB 013h,012h,013h,01Ah,000h,01Fh,000h,000h ; 10
 49+  D448 ~                  DB 000h,000h,000h,000h,000h,000h,000h,000h ; 11
 50+  D448 ~                  DB 01Ch,018h,014h,002h,001h,001h,001h,000h ; 12
 51+  D448 ~                  DB 01Fh,001h,001h,005h,009h,01Fh,008h,004h ; 13
 52+  D448 ~                  DB 003h,004h,004h,01Ch,03Ch,018h,000h,000h ; 14
 53+  D448 ~                  DB 003h,009h,005h,03Fh,005h,009h,003h,000h ; 15
 54+  D448 ~                  DB 003h,009h,011h,03Fh,011h,009h,003h,000h ; 16
 55+  D448 ~                  DB 004h,00Ah,011h,00Ah,004h,000h,000h,000h ; 17
 56+  D448 ~                  DB 011h,011h,011h,011h,011h,000h,011h,000h ; 18
 57+  D448 ~                  DB 000h,000h,000h,000h,000h,011h,011h,000h ; 19
 58+  D448 ~                  DB 000h,008h,000h,008h,000h,008h,000h,000h ; 20
 59+  D448 ~                  DB 004h,004h,000h,01Fh,000h,004h,004h,000h ; 21
 60+  D448 ~                  DB 00Fh,008h,008h,008h,008h,028h,010h,000h ; 22
 61+  D448 ~                  DB 03Fh,000h,000h,000h,000h,000h,000h,000h ; 23
 62+  D448 ~                  DB 000h,000h,004h,002h,01Fh,002h,004h,000h ; 24
 63+  D448 ~                  DB 004h,00Eh,015h,004h,004h,004h,004h,000h ; 25
 64+  D448 ~                  DB 004h,004h,004h,004h,015h,00Eh,004h,000h ; 26
 65+  D448 ~                  DB 01Bh,012h,01Ah,012h,01Bh,000h,01Fh,000h ; 27
 66+  D448 ~                  DB 03Fh,001h,000h,000h,000h,000h,000h,000h ; 28
 67+  D448 ~                  DB 000h,000h,000h,000h,000h,000h,000h,000h ; 29
 68+  D448 ~                  DB 000h,000h,000h,000h,000h,000h,000h,000h ; 30
 69+  D448 ~                  DB 01Fh,011h,019h,015h,013h,011h,01Fh,000h ; 31
 70+  D448 ~                  DB 000h,000h,000h,000h,000h,000h,000h,000h ; 32
 71+  D448 ~                  DB 004h,004h,004h,004h,004h,000h,004h,000h ; 33
 72+  D448 ~                  DB 00Ah,00Ah,00Ah,000h,000h,000h,000h,000h ; 34
 73+  D448 ~                  DB 00Ah,00Ah,01Fh,00Ah,01Fh,00Ah,00Ah,000h ; 35
 74+  D448 ~                  DB 004h,00Fh,014h,00Eh,005h,01Eh,004h,000h ; 36
 75+  D448 ~                  DB 010h,011h,002h,004h,008h,011h,001h,000h ; 37
 76+  D448 ~                  DB 004h,00Ah,00Ah,00Ch,015h,012h,00Dh,000h ; 38
 77+  D448 ~                  DB 000h,002h,002h,004h,000h,000h,000h,000h ; 39
 78+  D448 ~                  DB 002h,004h,008h,008h,008h,004h,002h,000h ; 40
 79+  D448 ~                  DB 008h,004h,002h,002h,002h,004h,008h,000h ; 41
 80+  D448 ~                  DB 000h,004h,015h,00Eh,015h,004h,000h,000h ; 42
 81+  D448 ~                  DB 000h,004h,004h,01Fh,004h,004h,000h,000h ; 43
 82+  D448 ~                  DB 000h,000h,000h,000h,000h,004h,004h,008h ; 44
 83+  D448 ~                  DB 000h,000h,000h,01Fh,000h,000h,000h,000h ; 45
 84+  D448 ~                  DB 000h,000h,000h,000h,000h,004h,004h,000h ; 46
 85+  D448 ~                  DB 000h,001h,002h,004h,008h,010h,000h,000h ; 47
 86+  D448 ~                  DB 00Eh,011h,013h,015h,019h,011h,00Eh,000h ; 48
 87+  D448 ~                  DB 004h,00Ch,004h,004h,004h,004h,00Eh,000h ; 49
 88+  D448 ~                  DB 00Eh,011h,001h,006h,008h,010h,01Fh,000h ; 50
 89+  D448 ~                  DB 01Fh,001h,002h,006h,001h,011h,00Eh,000h ; 51
 90+  D448 ~                  DB 002h,006h,00Ah,012h,01Fh,002h,002h,000h ; 52
 91+  D448 ~                  DB 01Fh,010h,01Eh,001h,001h,011h,00Eh,000h ; 53
 92+  D448 ~                  DB 007h,008h,010h,01Eh,011h,011h,00Eh,000h ; 54
 93+  D448 ~                  DB 01Fh,001h,002h,004h,008h,008h,008h,000h ; 55
 94+  D448 ~                  DB 00Eh,011h,011h,00Eh,011h,011h,00Eh,000h ; 56
 95+  D448 ~                  DB 00Eh,011h,011h,00Fh,001h,002h,01Ch,000h ; 57
 96+  D448 ~                  DB 000h,004h,004h,000h,000h,004h,004h,000h ; 58
 97+  D448 ~                  DB 000h,004h,004h,000h,000h,004h,004h,008h ; 59
 98+  D448 ~                  DB 002h,004h,008h,010h,008h,004h,002h,000h ; 60
 99+  D448 ~                  DB 000h,000h,01Fh,000h,01Fh,000h,000h,000h ; 61
100+  D448 ~                  DB 008h,004h,002h,001h,002h,004h,008h,000h ; 62
101+  D448 ~                  DB 00Eh,011h,001h,002h,004h,000h,004h,000h ; 63
102+  D448 ~                  DB 00Eh,011h,013h,015h,017h,010h,00Eh,000h ; 64
103+  D448 ~                  DB 004h,00Ah,011h,011h,01Fh,011h,011h,000h ; 65
104+  D448 ~                  DB 01Eh,011h,011h,01Eh,011h,011h,01Eh,000h ; 66
105+  D448 ~                  DB 00Eh,011h,010h,010h,010h,011h,00Eh,000h ; 67
106+  D448 ~                  DB 01Eh,009h,009h,009h,009h,009h,01Eh,000h ; 68
107+  D448 ~                  DB 01Fh,010h,010h,01Eh,010h,010h,01Fh,000h ; 69
108+  D448 ~                  DB 01Fh,010h,010h,01Eh,010h,010h,010h,000h ; 70
109+  D448 ~                  DB 00Eh,011h,010h,010h,013h,011h,00Fh,000h ; 71
110+  D448 ~                  DB 011h,011h,011h,01Fh,011h,011h,011h,000h ; 72
111+  D448 ~                  DB 00Eh,004h,004h,004h,004h,004h,00Eh,000h ; 73
112+  D448 ~                  DB 001h,001h,001h,001h,011h,011h,00Eh,000h ; 74
113+  D448 ~                  DB 011h,012h,014h,018h,014h,012h,011h,000h ; 75
114+  D448 ~                  DB 010h,010h,010h,010h,010h,011h,01Fh,000h ; 76
115+  D448 ~                  DB 011h,01Bh,015h,015h,011h,011h,011h,000h ; 77
116+  D448 ~                  DB 011h,011h,019h,015h,013h,011h,011h,000h ; 78
117+  D448 ~                  DB 00Eh,011h,011h,011h,011h,011h,00Eh,000h ; 79
118+  D448 ~                  DB 01Eh,011h,011h,01Eh,010h,010h,010h,000h ; 80
119+  D448 ~                  DB 00Eh,011h,011h,011h,015h,012h,00Dh,000h ; 81
120+  D448 ~                  DB 01Eh,011h,011h,01Eh,014h,012h,011h,000h ; 82
121+  D448 ~                  DB 00Eh,011h,010h,00Eh,001h,011h,00Eh,000h ; 83
122+  D448 ~                  DB 01Fh,004h,004h,004h,004h,004h,004h,000h ; 84
123+  D448 ~                  DB 011h,011h,011h,011h,011h,011h,00Eh,000h ; 85
124+  D448 ~                  DB 011h,011h,011h,00Ah,00Ah,004h,004h,000h ; 86
125+  D448 ~                  DB 011h,011h,011h,015h,015h,015h,00Ah,000h ; 87
126+  D448 ~                  DB 011h,011h,00Ah,004h,00Ah,011h,011h,000h ; 88
127+  D448 ~                  DB 011h,011h,00Ah,004h,004h,004h,004h,000h ; 89
128+  D448 ~                  DB 01Fh,001h,002h,00Eh,008h,010h,01Fh,000h ; 90
129+  D448 ~                  DB 00Eh,008h,008h,008h,008h,008h,00Eh,000h ; 91
130+  D448 ~                  DB 000h,010h,008h,004h,002h,001h,000h,000h ; 92
131+  D448 ~                  DB 00Eh,002h,002h,002h,002h,002h,00Eh,000h ; 93
132+  D448 ~                  DB 004h,00Ah,011h,000h,000h,000h,000h,000h ; 94
133+  D448 ~                  DB 000h,000h,000h,000h,000h,000h,000h,000h ; 95
134+  D448 ~                  DB 000h,00Fh,000h,006h,009h,009h,006h,000h ; 96
135+  D448 ~                  DB 000h,000h,00Ch,002h,00Eh,012h,00Dh,000h ; 97
136+  D448 ~                  DB 008h,008h,008h,00Eh,009h,009h,016h,000h ; 98
137+  D448 ~                  DB 000h,000h,00Eh,011h,010h,011h,00Eh,000h ; 99
138+  D448 ~                  DB 002h,002h,002h,00Eh,012h,012h,00Dh,000h ; 100
139+  D448 ~                  DB 000h,000h,00Eh,011h,01Fh,010h,00Eh,000h ; 101
140+  D448 ~                  DB 006h,009h,008h,01Ch,008h,008h,008h,000h ; 102
141+  D448 ~                  DB 000h,000h,00Dh,012h,012h,00Eh,002h,01Ch ; 103
142+  D448 ~                  DB 010h,010h,010h,01Eh,011h,011h,011h,000h ; 104
143+  D448 ~                  DB 000h,010h,000h,010h,010h,011h,00Eh,000h ; 105
144+  D448 ~                  DB 000h,001h,000h,001h,001h,001h,011h,00Eh ; 106
145+  D448 ~                  DB 010h,010h,011h,012h,01Ch,012h,011h,000h ; 107
146+  D448 ~                  DB 010h,010h,010h,010h,010h,011h,00Eh,000h ; 108
147+  D448 ~                  DB 000h,000h,01Ah,015h,015h,015h,015h,000h ; 109
148+  D448 ~                  DB 000h,000h,016h,019h,011h,011h,011h,000h ; 110
149+  D448 ~                  DB 000h,000h,00Eh,011h,011h,011h,00Eh,000h ; 111
150+  D448 ~                  DB 000h,000h,016h,009h,009h,00Eh,008h,008h ; 112
151+  D448 ~                  DB 000h,000h,00Dh,012h,012h,00Eh,002h,002h ; 113
152+  D448 ~                  DB 000h,000h,016h,009h,008h,008h,008h,000h ; 114
153+  D448 ~                  DB 000h,000h,00Eh,010h,00Eh,001h,00Eh,000h ; 115
154+  D448 ~                  DB 008h,008h,01Ch,008h,008h,009h,006h,000h ; 116
155+  D448 ~                  DB 000h,000h,012h,012h,012h,012h,00Dh,000h ; 117
156+  D448 ~                  DB 000h,000h,011h,011h,011h,00Ah,004h,000h ; 118
157+  D448 ~                  DB 000h,000h,015h,015h,015h,015h,00Ah,000h ; 119
158+  D448 ~                  DB 000h,000h,011h,00Ah,004h,00Ah,011h,000h ; 120
159+  D448 ~                  DB 000h,000h,011h,011h,011h,00Fh,001h,00Eh ; 121
160+  D448 ~                  DB 000h,000h,01Fh,001h,00Eh,010h,01Fh,000h ; 122
161+  D448 ~                  DB 003h,004h,004h,018h,004h,004h,003h,000h ; 123
162+  D448 ~                  DB 01Fh,011h,011h,011h,011h,011h,01Fh,000h ; 124
163+  D448 ~                  DB 018h,004h,004h,003h,004h,004h,018h,000h ; 125
164+  D448 ~                  DB 000h,000h,008h,015h,002h,000h,000h,000h ; 126
165+  D448 ~                  DB 001h,003h,007h,00Fh,007h,003h,001h,000h ; 127
166+  D448 ~                  DB 000h,000h,00Ah,01Fh,01Fh,00Eh,004h,000h ; 128
167+  D448 ~                  DB 000h,004h,004h,01Fh,004h,004h,01Bh,000h ; 129
168+  D448 ~                  DB 004h,00Eh,01Fh,01Fh,00Ah,004h,01Bh,000h ; 130
169+  D448 ~                  DB 000h,000h,004h,00Eh,01Fh,00Eh,004h,000h ; 131
170+  D448 ~                  DB 002h,004h,00Ah,015h,011h,011h,00Eh,000h ; 132
171+  D448 ~                  DB 00Eh,004h,01Fh,015h,004h,00Ah,011h,000h ; 133
172+  D448 ~                  DB 003h,004h,006h,009h,006h,002h,00Ch,000h ; 134
173+  D448 ~                  DB 007h,003h,005h,00Ch,012h,012h,00Ch,000h ; 135
174+  D448 ~                  DB 00Eh,011h,011h,00Eh,004h,00Eh,004h,000h ; 136
175+  D448 ~                  DB 000h,017h,014h,01Fh,005h,01Dh,000h,000h ; 137
176+  D448 ~                  DB 004h,004h,01Fh,004h,014h,00Ch,006h,005h ; 138
177+  D448 ~                  DB 004h,01Fh,004h,00Ah,011h,01Fh,004h,000h ; 139
178+  D448 ~                  DB 004h,01Fh,005h,00Ah,011h,01Fh,004h,000h ; 140
179+  D448 ~                  DB 004h,004h,01Fh,000h,01Fh,004h,004h,000h ; 141
180+  D448 ~                  DB 004h,00Eh,00Ah,00Ah,00Ah,00Eh,004h,000h ; 142
181+  D448 ~                  DB 004h,006h,001h,006h,001h,006h,004h,000h ; 143
182+  D448 ~                  DB 000h,000h,000h,03Fh,03Fh,000h,000h,000h ; 144
183+  D448 ~                  DB 030h,030h,030h,030h,030h,030h,030h,030h ; 145
184+  D448 ~                  DB 003h,003h,003h,003h,003h,003h,003h,003h ; 146
185+  D448 ~                  DB 030h,030h,030h,03Fh,03Fh,030h,030h,030h ; 147
186+  D448 ~                  DB 003h,003h,003h,03Fh,03Fh,003h,003h,003h ; 148
187+  D448 ~                  DB 000h,000h,000h,03Fh,03Fh,030h,030h,030h ; 149
188+  D448 ~                  DB 000h,000h,000h,03Fh,03Fh,003h,003h,003h ; 150
189+  D448 ~                  DB 003h,003h,003h,03Fh,03Fh,000h,000h,000h ; 151
190+  D448 ~                  DB 030h,030h,030h,03Fh,03Fh,000h,000h,000h ; 152
191+  D448 ~                  DB 000h,000h,000h,03Fh,03Fh,018h,018h,018h ; 153
192+  D448 ~                  DB 018h,018h,018h,018h,018h,018h,018h,018h ; 154
193+  D448 ~                  DB 018h,018h,018h,03Fh,03Fh,000h,000h,000h ; 155
194+  D448 ~                  DB 018h,018h,018h,03Fh,03Fh,018h,018h,018h ; 156
195+  D448 ~                  DB 000h,000h,001h,002h,014h,008h,000h,000h ; 157
196+  D448 ~                  DB 000h,000h,000h,000h,000h,000h,000h,000h ; 158
197+  D448 ~                  DB 000h,000h,000h,000h,000h,000h,000h,000h ; 159
198+  D448 ~                  DB 002h,002h,00Ah,016h,012h,012h,00Dh,000h ; 160
199+  D448 ~                  DB 006h,009h,00Eh,009h,00Eh,008h,010h,000h ; 161
200+  D448 ~                  DB 01Fh,011h,011h,010h,010h,010h,010h,000h ; 162
201+  D448 ~                  DB 00Fh,010h,012h,00Ah,00Ah,00Ah,011h,000h ; 163
202+  D448 ~                  DB 01Fh,008h,004h,002h,004h,008h,01Fh,000h ; 164
203+  D448 ~                  DB 005h,00Ah,010h,01Eh,011h,011h,00Eh,000h ; 165
204+  D448 ~                  DB 009h,009h,009h,009h,00Fh,009h,010h,000h ; 166
205+  D448 ~                  DB 008h,014h,004h,002h,006h,009h,011h,000h ; 167
206+  D448 ~                  DB 015h,015h,015h,00Eh,004h,004h,004h,000h ; 168
207+  D448 ~                  DB 00Eh,011h,01Bh,01Fh,01Bh,011h,00Eh,000h ; 169
208+  D448 ~                  DB 00Eh,011h,011h,00Eh,004h,015h,01Bh,000h ; 170
209+  D448 ~                  DB 006h,009h,009h,006h,000h,000h,000h,000h ; 171
210+  D448 ~                  DB 00Eh,013h,015h,019h,00Eh,000h,000h,000h ; 172
211+  D448 ~                  DB 002h,006h,002h,002h,007h,000h,000h,000h ; 173
212+  D448 ~                  DB 006h,009h,002h,004h,00Fh,000h,000h,000h ; 174
213+  D448 ~                  DB 00Fh,001h,002h,009h,006h,000h,000h,000h ; 175
214+  D448 ~                  DB 00Ah,00Ah,00Fh,002h,002h,000h,000h,000h ; 176
215+  D448 ~                  DB 00Eh,008h,00Eh,001h,00Eh,000h,000h,000h ; 177
216+  D448 ~                  DB 006h,008h,00Eh,009h,006h,000h,000h,000h ; 178
217+  D448 ~                  DB 00Fh,001h,002h,004h,004h,000h,000h,000h ; 179
218+  D448 ~                  DB 006h,009h,006h,009h,006h,000h,000h,000h ; 180
219+  D448 ~                  DB 006h,009h,007h,001h,006h,000h,000h,000h ; 181
220+  D448 ~                  DB 000h,000h,00Eh,013h,015h,019h,00Eh,000h ; 182
221+  D448 ~                  DB 000h,000h,002h,006h,002h,002h,007h,000h ; 183
222+  D448 ~                  DB 000h,000h,006h,009h,002h,004h,00Fh,000h ; 184
223+  D448 ~                  DB 000h,000h,00Fh,001h,002h,009h,006h,000h ; 185
224+  D448 ~                  DB 000h,000h,00Ah,00Ah,00Fh,002h,002h,000h ; 186
225+  D448 ~                  DB 000h,000h,00Eh,008h,00Eh,001h,00Eh,000h ; 187
226+  D448 ~                  DB 000h,000h,006h,008h,00Eh,009h,006h,000h ; 188
227+  D448 ~                  DB 000h,000h,00Fh,001h,002h,004h,004h,000h ; 189
228+  D448 ~                  DB 000h,000h,006h,009h,006h,009h,006h,000h ; 190
229+  D448 ~                  DB 000h,000h,006h,009h,007h,001h,006h,000h ; 191
230+  D448 ~                  DB 000h,000h,012h,015h,01Dh,015h,012h,000h ; 192
231+  D448 ~                  DB 000h,000h,00Ch,002h,00Eh,012h,00Dh,000h ; 193
232+  D448 ~                  DB 001h,00Eh,010h,01Eh,011h,011h,00Eh,000h ; 194
233+  D448 ~                  DB 000h,000h,012h,012h,012h,012h,00Fh,001h ; 195
234+  D448 ~                  DB 00Eh,001h,001h,00Fh,011h,011h,00Eh,000h ; 196
235+  D448 ~                  DB 000h,000h,00Eh,011h,01Fh,010h,00Eh,000h ; 197
236+  D448 ~                  DB 000h,000h,00Eh,015h,015h,00Eh,004h,004h ; 198
237+  D448 ~                  DB 000h,000h,00Ch,012h,004h,009h,006h,000h ; 199
238+  D448 ~                  DB 000h,000h,011h,00Ah,004h,00Ah,011h,000h ; 200
239+  D448 ~                  DB 000h,000h,012h,012h,012h,012h,00Dh,000h ; 201
240+  D448 ~                  DB 00Ch,000h,012h,012h,012h,012h,00Dh,000h ; 202
241+  D448 ~                  DB 000h,000h,011h,012h,01Ch,012h,011h,000h ; 203
242+  D448 ~                  DB 000h,000h,007h,009h,009h,009h,011h,000h ; 204
243+  D448 ~                  DB 000h,000h,011h,01Bh,015h,011h,011h,000h ; 205
244+  D448 ~                  DB 000h,000h,011h,011h,01Fh,011h,011h,000h ; 206
245+  D448 ~                  DB 000h,000h,00Eh,011h,011h,011h,00Eh,000h ; 207
246+  D448 ~                  DB 000h,000h,01Fh,011h,011h,011h,011h,000h ; 208
247+  D448 ~                  DB 000h,000h,00Fh,011h,00Fh,009h,011h,000h ; 209
248+  D448 ~                  DB 000h,000h,01Eh,011h,011h,01Eh,010h,000h ; 210
249+  D448 ~                  DB 000h,000h,00Eh,011h,010h,011h,00Eh,000h ; 211
250+  D448 ~                  DB 000h,000h,01Fh,004h,004h,004h,004h,000h ; 212
251+  D448 ~                  DB 000h,000h,011h,011h,00Fh,001h,001h,00Eh ; 213
252+  D448 ~                  DB 000h,000h,015h,015h,00Eh,015h,015h,000h ; 214
253+  D448 ~                  DB 00Ch,014h,018h,01Eh,011h,011h,00Eh,000h ; 215
254+  D448 ~                  DB 000h,000h,010h,010h,01Eh,011h,01Eh,000h ; 216
255+  D448 ~                  DB 000h,000h,011h,011h,01Dh,013h,01Dh,000h ; 217
256+  D448 ~                  DB 000h,000h,00Eh,011h,006h,011h,00Eh,000h ; 218
257+  D448 ~                  DB 000h,000h,011h,015h,015h,015h,01Fh,000h ; 219
258+  D448 ~                  DB 000h,000h,01Eh,001h,007h,001h,01Eh,000h ; 220
259+  D448 ~                  DB 000h,000h,015h,015h,015h,015h,01Fh,001h ; 221
260+  D448 ~                  DB 000h,000h,011h,011h,00Fh,001h,001h,000h ; 222
261+  D448 ~                  DB 000h,000h,018h,008h,00Eh,009h,00Eh,000h ; 223
262+  D448 ~                  DB 012h,015h,015h,01Dh,015h,015h,012h,000h ; 224
263+  D448 ~                  DB 00Eh,011h,011h,011h,01Fh,011h,011h,000h ; 225
264+  D448 ~                  DB 01Fh,010h,010h,01Eh,011h,011h,01Eh,000h ; 226
265+  D448 ~                  DB 012h,012h,012h,012h,012h,012h,01Fh,001h ; 227
266+  D448 ~                  DB 006h,00Ah,00Ah,00Ah,00Ah,01Fh,011h,000h ; 228
267+  D448 ~                  DB 01Fh,010h,010h,01Eh,010h,010h,01Fh,000h ; 229
268+  D448 ~                  DB 004h,01Fh,015h,015h,01Fh,004h,004h,000h ; 230
269+  D448 ~                  DB 01Fh,011h,010h,010h,010h,010h,010h,000h ; 231
270+  D448 ~                  DB 011h,011h,00Ah,004h,00Ah,011h,011h,000h ; 232
271+  D448 ~                  DB 011h,011h,013h,015h,019h,011h,011h,000h ; 233
272+  D448 ~                  DB 015h,011h,013h,015h,019h,011h,011h,000h ; 234
273+  D448 ~                  DB 011h,012h,014h,018h,014h,012h,011h,000h ; 235
274+  D448 ~                  DB 007h,009h,009h,009h,009h,009h,019h,000h ; 236
275+  D448 ~                  DB 011h,01Bh,015h,015h,011h,011h,011h,000h ; 237
276+  D448 ~                  DB 011h,011h,011h,01Fh,011h,011h,011h,000h ; 238
277+  D448 ~                  DB 00Eh,011h,011h,011h,011h,011h,00Eh,000h ; 239
278+  D448 ~                  DB 01Fh,011h,011h,011h,011h,011h,011h,000h ; 240
279+  D448 ~                  DB 00Fh,011h,011h,00Fh,005h,009h,011h,000h ; 241
280+  D448 ~                  DB 01Eh,011h,011h,01Eh,010h,010h,010h,000h ; 242
281+  D448 ~                  DB 00Eh,011h,010h,010h,010h,011h,00Eh,000h ; 243
282+  D448 ~                  DB 01Fh,004h,004h,004h,004h,004h,004h,000h ; 244
283+  D448 ~                  DB 011h,011h,011h,00Ah,004h,008h,010h,000h ; 245
284+  D448 ~                  DB 011h,015h,015h,00Eh,015h,015h,011h,000h ; 246
285+  D448 ~                  DB 01Eh,011h,011h,01Eh,011h,011h,01Eh,000h ; 247
286+  D448 ~                  DB 010h,010h,010h,01Eh,011h,011h,01Eh,000h ; 248
287+  D448 ~                  DB 011h,011h,011h,019h,015h,015h,019h,000h ; 249
288+  D448 ~                  DB 00Eh,011h,001h,006h,001h,011h,00Eh,000h ; 250
289+  D448 ~                  DB 011h,015h,015h,015h,015h,015h,01Fh,000h ; 251
290+  D448 ~                  DB 00Eh,011h,001h,007h,001h,011h,00Eh,000h ; 252
291+  D448 ~                  DB 015h,015h,015h,015h,015h,015h,01Fh,001h ; 253
292+  D448 ~                  DB 011h,011h,011h,00Fh,001h,001h,001h,000h ; 254
293+  D448 ~                  DB 000h,000h,000h,000h,000h,000h,000h,01Fh ; 255
294+  D448 ~            fontEnd:
295+  D448 ~
296+  D448                  ENDIF
297+  D448
182   D448                  ENDIF
183   D448
184   D448                  ASSERT_DONT_FIT 0DC00h
184   D448             >         IF $ > 0DC00h
184   D448 ~           >           ASSERT 0
184   D448 ~           >           DISPLAY /l, "Error! Image did not fit (", $, " > ", adr, ")"
184   D448             >         ENDIF
185   D448
186   D448                  END
