# file opened: D:\Projects\Specialist-OS\source\nc\NC.asm
  1   0000              ;----------------------------------------------------------------------------
  2   0000              ; MXOS - Файловый менеджер NC.COM
  3   0000              ;
  4   0000              ; 2013-12-18 Дизассемблировано и доработано vinxru
  5   0000              ; 2022-01-31 Доработано SpaceEngineer
  6   0000              ;----------------------------------------------------------------------------
  7   0000
  8   0000                  INCLUDE "../include/mxos.inc"
# file opened: D:\Projects\Specialist-OS\source\nc\../include/mxos.inc
  1+  0000              ;-----------------------------------------------------------------------
  2+  0000              ; MXOS
  3+  0000              ; Точки входа и настройки сборки MXOS
  4+  0000              ;
  5+  0000              ; Новая карта памяти:
  6+  0000              ;   8FDF-8FFF - [  32 B] Переменные
  7+  0000              ;   9000-BFFF - [12  KB] Экран
  8+  0000              ;   C000-DBFF - [7168 B] DOS.SYS
  9+  0000              ;   DC00-DDFF - [ 512 B] драйверные расширения (например, FlashSys.com)
 10+  0000              ;   DE00-DFFF - [ 512 B] Драйвер флеш-диска
 11+  0000              ;   E000-E7FF - [2048 B] Шрифт
 12+  0000              ;   E800-FAFF - [4864 B] Системные программы (NC.COM, E.COM, DL-RED.COM, FORMAT.COM, MON2.COM, ...)
 13+  0000              ;   FB00-FEFF - [1024 B] Дисковый кэш (fat + каталог)
 14+  0000              ;   FF00-FF81 - [ 130 B] Командная строка
 15+  0000              ;   FF82-FFBF - [  62 B] Стек
 16+  0000              ;   FFC0-FFEF - [  32 B] Непереключаемое ОЗУ, драйвер обмена с RAM диском
 17+  0000              ;   FFE0-FFFF - [  32 B] Оборудование
 18+  0000              ;
 19+  0000              ; Старая карта памяти:
 20+  0000              ;   8FDF-8FFF - [  32 B] Переменные
 21+  0000              ;   9000-BFFF - [12  KB] Экран
 22+  0000              ;   C000-CFFF - [4096 B] DOS.SYS
 23+  0000              ;   D000-E1FF - [4607 B] Системные программы (NC.COM, E.COM, DL-RED.COM)
 24+  0000              ;   E200-E5FF - [1024 B] Свободно (1024 байт)
 25+  0000              ;   E600-E7FF - [ 512 B] Драйвер магнитофона
 26+  0000              ;   E800-E8FF - [ 256 B] Свободно (256 байт)
 27+  0000              ;   E900-F0FF - [2048 B] Шрифт (можно отключить запуском ROMFNT.COM или опцией LOAD_FONT=0)
 28+  0000              ;   F100-F8FF - [2048 B] Системные программы (FORMAT.COM, MON2.COM, ...)
 29+  0000              ;   F900-F9FF - [ 256 B] Свободно (256 байт)
 30+  0000              ;   FA00-FAFF - [ 256 B] Драйвер флеш-диска
 31+  0000              ;   FB00-FEFF - [1024 B] Дисковый буфер (fat + каталог)
 32+  0000              ;   FF00-FF81 - [ 130 B] Командная строка
 33+  0000              ;   FF82-FFBF - [  62 B] Стек
 34+  0000              ;   FFC0-FFEF - [  32 B] Непереключаемое ОЗУ, драйвер обмена с RAM диском
 35+  0000              ;   FFE0-FFFF - [  32 B] Оборудование
 36+  0000              ;-----------------------------------------------------------------------
 37+  0000
 38+  0000
 39+  0000              ;-----------------------------------------------------------------------
 40+  0000              ; Конфигурация сборки
 41+  0000              ;-----------------------------------------------------------------------
 42+  0000
 43+  0000              NEW_MEMORY_MAP       =  1       ; Новая карта памяти
 44+  0000              RAMD_MAX_PAGE        =  16      ; Максимальное количество страниц RAM диска
 45+  0000              RAMD_PAGE_END        =  0FFBBh  ; Включить поддержку ДОЗУ большего чем 64 Кб
 46+  0000              ROM_64K              =  1       ; Включить поддержку ПЗУ 64 Кб Специалиста МХ2
 47+  0000              ENABLE_COLOR         =  1       ; Включить поддержку цвета
 48+  0000              EMBED_FONT           =  0       ; Встроить шрифт в программу (при запуске шрифт копируется на FONT_ADDR)
 49+  0000              LOAD_FONT            =  1       ; Загружать шрифт в ОЗУ
 50+  0000              COLOR_BIOS           =  0F0h    ; Цвет командной строки
 51+  0000              RAMFOS_COMPATIBILITY =  1       ; Совместимость с RAMFOS (WIP)
 52+  0000              BOOT_FROM_TAPE       =  0       ; Включить загрузку с ленты при нажатой клавише после сброса
 53+  0000
 54+  0000                  IF  NEW_MEMORY_MAP
 55+  0000              FONT_ADDR = 0E000h  ; Адрес шрфита
 56+  0000                  ELSE
 57+  0000 ~            FONT_ADDR = 0E900h  ; Адрес шрфита
 58+  0000                  ENDIF
 59+  0000
 60+  0000                  IF  LOAD_FONT
 61+  0000              FONT_ADDR_DIV_8 = FONT_ADDR/8
 62+  0000                  ELSE
 63+  0000 ~            FONT_ADDR_DIV_8 = -1
 64+  0000                  ENDIF
 65+  0000
 66+  0000              ;-----------------------------------------------------------------------
 67+  0000              ; Переменные ОС в подэкранном пространстве и их начальные значения
 68+  0000              ; Доступ к переменным из программ польователя:
 69+  0000              ; ld a, bios_vars.lastKey
 70+  0000              ;-----------------------------------------------------------------------
 71+  0000
 72+  0000                  STRUCT BIOS_VARIABLES
 73+  0000 ~            _reserv_1     DW      -1              ; 8FDFh -
 74+  0000 ~            tapeError     DW      0C800h          ; 8FE1h - Адрес, куда происходит переход при ошибке чтения с ленты
 75+  0000 ~            tapeAddr      DW      -1              ; 8FE3h - Адрес программы, загруженной с ленты
 76+  0000 ~            _reserv_2     DW      -1              ; 8FE5h -
 77+  0000 ~            charGen       DW      FONT_ADDR_DIV_8 ; 8FE7h - Адрес альтернативного знакогенератора / 8
 78+  0000 ~            cursorCfg     DB       21h ; 0A9h     ; 8FE9h - Внешний вид курсора (биты: 7 - мигание (если 0), 654 - положение (Y) от низа строки, 3210 - размер по высоте)
 79+  0000 ~            koi7          DB       0   ; 0FFh     ; 8FEAh - 0FFh = включен KOI-7, 0 = включен KOI-8
 80+  0000 ~            escMode       DB      -1              ; 8FEBh - Обработка ESC-последовательности
 81+  0000 ~            keyLocks      DB      0BAh ; 3Ah      ; 8FECh - Caps Lock или Рус/Lat (3A - прописные анг, BA - строчные анг, BB - прописные рус, 3B - строчные рус)
 82+  0000 ~            _reserv_3     DW      -1              ; 8FEDh -
 83+  0000 ~            lastLastKey   DB      -1              ; 8FEFh - Предпоследняя нажатая клавиша
 84+  0000 ~            lastKey       DB      -1              ; 8FF0h - Последняя нажатая клавиша
 85+  0000 ~            beepFreq      DB       5Fh            ; 8FF1h - Частота звукового сигнала (также влияет на длительность)
 86+  0000 ~            beepDuration  DB       20h            ; 8FF2h - Длительность звукового сигнала (сколько раз повторять посылку)
 87+  0000 ~            tapeInverse   DB      0FFh            ; 8FF3h - Признак инверсии данных с ленты
 88+  0000 ~            cursorDelay   DB       20h            ; 8FF4h - Задержка мигания курсора
 89+  0000 ~            antiBsDelay   DB      0E0h            ; 8FF5h - Задержка защиты от дребезга контактов клавиш
 90+  0000 ~            oldSP         DW      -1              ; 8FF6h - Используется для сохранения SP некоторыми функциями
 91+  0000 ~            ramPageCount  DB      RAMD_MAX_PAGE   ; 8FF8h - Количество детектированных 64кб страниц RAM-диска
 92+  0000 ~            diskWriteErr  DB       0              ; 8FF9h - Признак ошибки записи диска
 93+  0000 ~            inverse       DW       0              ; 8FFAh - Инвертирование текста (0=нормальный текст, 0FFFFh=инверсный)
 94+  0000 ~            cursorY       DB      -1              ; 8FFCh - Положение курсора по вертикали в пикселях
 95+  0000 ~            cursorX       DB      -1              ; 8FFDh - Положение курсора по горизонтали в пикселях / 2
 96+  0000 ~            writeDelay    DB      28h             ; 8FFEh - Скорость при записи на ленту
 97+  0000 ~            readDelay     DB      3Ch             ; 8FFFh - Скорость при чтении с ленты
 98+  0000                  ENDS
 99+  0000
100+  0000              ; Блок переменных BIOS начинается с адреса 8FDFh
101+  0000              bios_vars   BIOS_VARIABLES = 8FDFh
102+  0000
103+  0000              ;-----------------------------------------------------------------------
104+  0000              ; Стандартные точки входа ОС
105+  0000              ; Отмеченные [OLD] применять не рекомендуется
106+  0000              ; Отмеченные [MXOS2] - новые в MXOS 2
107+  0000              ;-----------------------------------------------------------------------
108+  0000
109+  0000              bios_init               = 0C000h ; Теплая перезагрузка
110+  0000
111+  0000              ; Устаревшие точки, лечше не применять
112+  0000              bios_keyScanOld         = 0C003h ; [OLD] Получить код нажатой клавиши, = bios_keyScan
113+  0000              bios_drawCursorOld      = 0C006h ; [OLD] Нарисовать/стереть курсор
114+  0000              bios_clearScreenOld     = 0C010h ; [OLD] Оистка экрана
115+  0000              bios_printCharOld       = 0C037h ; [OLD] Вывод символа на экран
116+  0000              bios_beep_Old           = 0C170h ; [OLD] Звуковой сигнал
117+  0000              bios_delay_l            = 0C18Fh ; [OLD] Задержка l циклов
118+  0000              bios_delay_b            = 0C190h ; [OLD] Задержка b циклов
119+  0000              bios_getchOld           = 0C337h ; [OLD] Ожидание ввода с клавиатуры
120+  0000              bios_tapeReadOld        = 0C377h ; [OLD] Чтение байта с магнитофона
121+  0000              bios_tapeWriteOld       = 0C3D0h ; [OLD] Запись байта на магнитофон
122+  0000              bios_cmp_hl_de          = 0C427h ; [OLD] Сравнить hl и de
123+  0000              bios_memcpy_bc_hl       = 0C42Dh ; [OLD] Скопировать блок памяти
124+  0000              bios_printStringOld     = 0C438h ; [OLD] Вывод строки на экран
125+  0000
126+  0000              ; Стандартные точки C800h
127+  0000              bios_reboot             = 0C800h ; Запустить NC.COM
128+  0000              bios_getch              = 0C803h ; Ожидание ввода с клавиатуры
129+  0000              bios_tapeRead           = 0C806h ; Чтение байта с магнитофона
130+  0000              bios_printChar          = 0C809h ; Вывод символа на экран
131+  0000              bios_tapeWrite          = 0C80Ch ; Запись байта на магнитофон
132+  0000              bios_input              = 0C80Fh ; Ввод строки с клавиатуры
133+  0000              bios_keyCheck           = 0C812h ; Получить код нажатой клавиши, = bios_keyScan
134+  0000              bios_printHexByte       = 0C815h ; Вывод HEX числа на экран (байт)
135+  0000              bios_printString        = 0C818h ; Вывод строки на экран
136+  0000              bios_keyScan            = 0C81Bh ; Получить код нажатой клавиши
137+  0000              bios_getCursorPos       = 0C81Eh ; Получить координаты курсора в hl (координаты в пикселях)
138+  0000              bios_setCursorPos       = 0C821h ; Установить координаты курсора из hl (координаты в пикселях)
139+  0000              bios_tapeLoad           = 0C824h ; Загрузить программу с магнитофона
140+  0000              bios_tapeSave           = 0C827h ; Сохранить программу на магнитофон
141+  0000              bios_calcCS             = 0C82Ah ; Расчет контрольной суммы
142+  0000              bios_printHexWord       = 0C82Dh ; Вывод HEX числа на экран (слово)
143+  0000              bios_getMemTop          = 0C830h ; Получить объем доступной памяти
144+  0000              bios_setMemTop          = 0C833h ; Установить объем доступной памяти
145+  0000              bios_printer            = 0C836h ; Напечатать байт на принтере
146+  0000                  IF RAMFOS_COMPATIBILITY
147+  0000              bios_strToHex           = 0C839h ; [MXOS2] Преобразвоние строки в HEX формате в число
148+  0000                  ELSE
149+  0000 ~            bios_rebootAlt          = 0C839h ; Запустить NC.COM
150+  0000                  ENDIF
151+  0000              bios_rebootAlt2         = 0C83Ch ; Запустить NC.COM
152+  0000              bios_fileList           = 0C83Fh ; Получить список файлов
153+  0000              bios_fileGetSetDrive    = 0C842h ; Получить/установить активное устройство
154+  0000              bios_fileCreate         = 0C845h ; Создать файл
155+  0000              bios_fileLoad           = 0C848h ; Загрузить файл по адресу из заголовка этого файла
156+  0000              bios_fileDelete         = 0C84Bh ; Удалить файл
157+  0000              bios_fileRename         = 0C84Eh ; Переименовать файл
158+  0000              bios_fileLoadInfo       = 0C851h ; Загрузить информацию о файле
159+  0000              bios_fileGetSetAddr     = 0C854h ; Получить/установить адрес загрузки файла
160+  0000              bios_fileGetSetAttr     = 0C857h ; Получить/установить атрибуты файла
161+  0000              bios_fileNamePrepare    = 0C85Ah ; Преобразовать имя файла во внутренний формат
162+  0000              bios_fileExec           = 0C85Dh ; Запустить файл
163+  0000              bios_installDriver      = 0C860h ; Установить драйвер накопителя
164+  0000              bios_diskDriver         = 0C863h ; Драйвер выбранного диска
165+  0000              bios_fileLoad2          = 0C866h ; Загрузить файл по адресу de
166+  0000
167+  0000              ; Новые точки C800h MXOS2
168+  0000              bios_printCharReal      = 0C869h ; [MXOS2] Вывод символа на экран (только реальные символы)
169+  0000              bios_printDecWord       = 0C86Ch ; [MXOS2] Вывод числа экран в десятичной форме
170+  0000              bios_setRAMDDriver      = 0C86Fh ; [MXOS2] Установить драйвр рам-диска
171+  0000              bios_getDriveFreeSpace  = 0C872h ; [MXOS2] Получить оставшийся свободный объем диска
172+  0000              bios_upperCase          = 0C875h ; [MXOS2] Перевод кода символа КОИ-8 в верхний регистр
173+  0000              bios_strcmp             = 0C878h ; [MXOS2] Сравнение строк, чувствительное к регистру
174+  0000              bios_stricmp            = 0C87Bh ; [MXOS2] Сравнение строк, нечувствительное к регистру
175+  0000              bios_sub_hl_de          = 0C87Eh ; [MXOS2] Вычитание hl и de: hl = hl - de
176+  0000              bios_div_hl_2           = 0C881h ; [MXOS2] Деление hl на 2: hl = hl / 2
177+  0000              bios_mul_hl_de          = 0C884h ; [MXOS2] Умножение hl на de: hl = hl * de
178+  0000              bios_div_hl_de          = 0C887h ; [MXOS2] Деление hl на de: hl = hl / de, de = hl % de
179+  0000              bios_fileCreatePrepare  = 0C88Ah ; [MXOS2] Создать файл и выделить цепочку FAT без записи данных
180+  0000              bios_fileTransfer       = 0C88Dh ; [MXOS2] Передать последовательные кластеры на выбранном диске
181+  0000
182+  0000              ;-----------------------------------------------------------------------
183+  0000              ; Адрес таблицы переходов драйвера магнитофона
184+  0000              ;-----------------------------------------------------------------------
185+  0000
186+  0000              TAPE_DRIVER_JUMPS = bios_tapeReadOld    ; старая таблица переходов магнитофона, сохранена для ABI
187+  0000
188+  0000              ;-----------------------------------------------------------------------
189+  0000              ; Непереключаемое ОЗУ ПК "Специалист-MX" (0FFC0h-0FFDF, 32 байта)
190+  0000              ;-----------------------------------------------------------------------
191+  0000
192+  0000              bios_RAMDRead   = 0FFC0h ; п/п чтения из ДОЗУ
193+  0000              bios_RAMDWrite  = 0FFD0h ; п/п записи в  ДОЗУ
194+  0000
195+  0000              ;-----------------------------------------------------------------------
196+  0000              ; Порты устройств ПК "Специалист-MX2" (0FFE0h-0FFFF, 32 байта)
197+  0000              ;-----------------------------------------------------------------------
198+  0000
199+  0000              IO_KEYB_A       =  0FFE0h   ; ВВ55 клавиатуры
200+  0000              IO_KEYB_B       =  0FFE1h
201+  0000              IO_KEYB_C       =  0FFE2h
202+  0000              IO_KEYB_MODE    =  0FFE3h
203+  0000              IO_PROG_A       =  0FFE4h   ; ВВ55 программатора/флеш диска
204+  0000              IO_PROG_B       =  0FFE5h
205+  0000              IO_PROG_C       =  0FFE6h
206+  0000              IO_PROG_MODE    =  0FFE7h
207+  0000              IO_FDD_CMD      =  0FFE8h   ; контроллер дисковода ВГ93
208+  0000              IO_FDD_TRACK    =  0FFE9h
209+  0000              IO_FDD_SECTOR   =  0FFEAh
210+  0000              IO_FDD_DATA     =  0FFEBh
211+  0000              IO_TIMER_CH0    =  0FFECh   ; таймер ВИ53
212+  0000              IO_TIMER_CH1    =  0FFEDh
213+  0000              IO_TIMER_CH2    =  0FFEEh
214+  0000              IO_TIMER_MODE   =  0FFEFh
215+  0000              IO_FDD_REQ      =  0FFF0h   ; контроллер дисковода
216+  0000              IO_FDD_MOTOR    =  0FFF1h
217+  0000              IO_FDD_SIDE     =  0FFF2h
218+  0000              IO_FDD_DRIVE    =  0FFF3h
219+  0000              IO_COLOR        =  0FFF8h   ; регистр цвета
220+  0000              IO_PAGE_RAM     =  0FFFCh   ; порт включения основного ОЗУ
221+  0000              IO_PAGE_RAMD    =  0FFFDh   ; порт включения ОЗУ RAM-дисков
222+  0000              IO_PAGE_ROM     =  0FFFEh   ; порт включения ПЗУ
223+  0000              IO_PAGE_STD     =  0FFFFh   ; порт включения STD режима
224+  0000
225+  0000              ;-----------------------------------------------------------------------
226+  0000              ; Структура файловой системы
227+  0000              ;-----------------------------------------------------------------------
228+  0000
229+  0000              ; Структура каталога
230+  0000              FILE_DESCR_SIZE  = 32   ; размер дескриптора файла в каталоге (байт)
231+  0000              FILE_NAME_LENGTH = 8    ; длина имени файла  (байт)
232+  0000              FAT_ITEM_SIZE    = 2    ; размер записи в таблице FAT (байт)
233+  0000
234+  0000              SECTOR_SIZE  = 00100h   ; размер сектора 256 байт
235+  0000              CLUSTER_SIZE = 00100h   ; размер кластера 256 байт
236+  0000
237+  0000              ; Специальные коды кластеров FAT
238+  0000              FAT12_BAD = 00FF7h  ; плохой кластер
239+  0000              FAT16_BAD = 0FFF7h
240+  0000              FAT12_EOC = 00FFFh  ; последний кластер файла
241+  0000              FAT16_EOC = 0FFFFh
242+  0000              FAT12_RES = 00FFFh  ; зарезервированный кластер
243+  0000              FAT16_RES = 0FFFFh
244+  0000
245+  0000              ;-----------------------------------------------------------------------
246+  0000              ; Десткриптор файла (одна запись в каталоге) FAT12/16/32
247+  0000              ;-----------------------------------------------------------------------
248+  0000
249+  0000                  STRUCT FILE_DESCRIPTOR  ; 32 байта
250+  0000 ~            name            BLOCK   FILE_NAME_LENGTH    ; смещение 00h, 8 байт  - имя файла
251+  0000 ~            ext             BLOCK   3                   ; смещение 08h, 3 байта - расширение имени файла
252+  0000 ~            attrib          BLOCK   1                   ; смещение 0Bh, 1 байт  - атрибуты файла
253+  0000 ~            ntReserved      BLOCK   1                   ; смещение 0Ch, 1 байт  - используются в Windows NT
254+  0000 ~            createTimeTenth BLOCK   1                   ; смещение 0Dh, 1 байт  - (только FAT32) время создания файла, десятки миллисекунд (0-199)
255+  0000 ~            createTime      BLOCK   2                   ; смещение 0Eh, 2 байта - (только FAT32) время создания файла, секунды*2 (0-43200)
256+  0000 ~            createDate      BLOCK   2                   ; смещение 10h, 2 байта - (только FAT32) дата  создания файла
257+  0000 ~            loadAddress     BLOCK   2  ; accDate        ; смещение 12h, 2 байта - начальный адрес загрузки в ОЗУ, он же и стартовый (!!! временный костыль, в FAT32 это accDate - дата доступа к файлу !!!)
258+  0000 ~            firstClusterHi  BLOCK   2                   ; смещение 14h, 2 байта - номер первого кластера в FAT, старшее слово
259+  0000 ~            writeTime       BLOCK   2                   ; смещение 16h, 2 байта - время модификации файла, секунды*2 (0-43200)
260+  0000 ~            writeDate       BLOCK   2                   ; смещение 18h, 2 байта - дата  модификации файла
261+  0000 ~            firstCluster    BLOCK   2                   ; смещение 1Ah, 2 байта - номер первого кластера в FAT, младшее слово
262+  0000 ~            size            BLOCK   4                   ; смещение 1Ch, 4 байта - размер файла в байтах
263+  0000                  ENDS
264+  0000
265+  0000              ;-----------------------------------------------------------------------
266+  0000              ; Информация о файле (компактный вариант дескриптора)
267+  0000              ; Почти совместимо с дескриптором оригинального Коммандера
268+  0000              ;-----------------------------------------------------------------------
269+  0000
270+  0000              FILE_INFO_SIZE = 16     ; размер структуры (байт)
271+  0000
272+  0000                  STRUCT FILE_INFO    ; 16 байт
273+  0000 ~            name            BLOCK   FILE_NAME_LENGTH    ; смещение 00h, 8 байт  - имя файла
274+  0000 ~            ext             BLOCK   3                   ; смещение 08h, 3 байта - расширение имени файла
275+  0000 ~            attrib          BLOCK   1                   ; смещение 0Bh, 1 байт  - атрибуты файла
276+  0000 ~            loadAddress     BLOCK   2                   ; смещение 0Eh, 2 байта - начальный адрес загрузки в ОЗУ, он же и стартовый
277+  0000 ~            size            BLOCK   2                   ; смещение 0Ch, 2 байта - размер файла в байтах
278+  0000                  ENDS
279+  0000
280+  0000              ;-----------------------------------------------------------------------
281+  0000              ; Информация об активном накопителе (диске)
282+  0000              ;-----------------------------------------------------------------------
283+  0000
284+  0000                  STRUCT DISK_INFO
285+  0000 ~            sectorSize          BLOCK   2   ; размер сектора, байт (256, 512, 1024)
286+  0000 ~            sectorsPerCluster   BLOCK   2   ; размер кластера, секторов (1, 2, 4, 8)
287+  0000 ~            resSectors          BLOCK   2   ; сколько секторов занимает зарезервированная область = первый сектор таблицы fat
288+  0000 ~            fatSectors          BLOCK   2   ; сколько секторов занимает таблица fat
289+  0000 ~            dirSectors          BLOCK   2   ; сколько секторов занимает корневой каталог
290+  0000 ~            totalSectors        BLOCK   2   ; сколько всего секторов на диске
291+  0000 ~            rootDirMaxFiles     BLOCK   2   ; максимум файлов в корневом каталоге
292+  0000 ~            descrPerSector      BLOCK   2   ; сколько дескрипторов файлов вмещается в один сектор
293+  0000 ~            fatNumCells         BLOCK   2   ; количество ячеек в таблице fat (= fatSectors * sectorSize / 2)
294+  0000 ~            dirStartSector      BLOCK   2   ; первый сектор корневого каталога
295+  0000 ~            dataStartSector     BLOCK   2   ; первый сектор области данных
296+  0000 ~            volumeLabel         BLOCK  12   ; метка тома и 0 в конце
297+  0000 ~            isValid             BLOCK   1   ; 0 = нет драйвера, 1 = диск не распознан, 2 = диск распознан, корректно отформатирован
298+  0000                  ENDS
299+  0000
300+  0000              DISK_NO_DRIVER = 0
301+  0000              DISK_INVALID   = 1
302+  0000              DISK_VALID     = 2
303+  0000
304+  0000              ;-----------------------------------------------------------------------
305+  0000              ; Буферы в памяти
306+  0000              ;-----------------------------------------------------------------------
307+  0000
308+  0000              ; Дисковый кэш
309+  0000              FAT_CACHE_ADDR = 0FB00h ; адрес кэша секторов fat в памяти
310+  0000              FAT_CACHE_SIZE = 1024   ; размер кэша в байтах
311+  0000              FAT_CACHE_CAPACITY = FAT_CACHE_SIZE / SECTOR_SIZE   ; сколько секторов вмещается в кэш
312+  0000
313+  0000              ; Буфер для загрузки BAT файла
314+  0000                  IF NEW_MEMORY_MAP
315+  0000              BAT_BUFFER = 0E800h
316+  0000                  ELSE
317+  0000 ~            BAT_BUFFER = 0FC00h
318+  0000                  ENDIF
319+  0000
320+  0000              ; Командная строка и стек
321+  0000              CMD_LINE   = 0FF00h  ; 192 байта, но в конце стек
322+  0000              STACK_ADDR = 0FFC0h  ; стек
323+  0000
324+  0000              ;-----------------------------------------------------------------------
325+  0000              ; Всякие полезности
326+  0000              ;-----------------------------------------------------------------------
327+  0000
328+  0000              ; Макрос для заполнения памяти от текущего адреса до указанного
329+  0000                  MACRO ORG_PAD adr
330+  0000 ~                     IF $ > adr
331+  0000 ~                       ; вывод сообщения об ошибке
332+  0000 ~                       ASSERT 0
333+  0000 ~                       DISPLAY /l, "Error! ORG_PAD failed! ", $, " is more than ", adr
334+  0000 ~                     ELSE
335+  0000 ~                       ; заполнение памяти
336+  0000 ~                       BLOCK adr-$, 0FFh
337+  0000 ~                     ENDIF
338+  0000 ~                     ORG adr
339+  0000                  ENDM
340+  0000
341+  0000                  MACRO ORG_PAD0 adr
342+  0000 ~                     IF $ > adr
343+  0000 ~                       ; вывод сообщения об ошибке
344+  0000 ~                       ASSERT 0
345+  0000 ~                       DISPLAY /l, "Error! ORG_PAD0 failed! ", $, " is more than ", adr
346+  0000 ~                     ELSE
347+  0000 ~                       ; заполнение памяти
348+  0000 ~                       BLOCK adr-$, 0
349+  0000 ~                     ENDIF
350+  0000 ~                     ORG adr
351+  0000                  ENDM
352+  0000
353+  0000              ; Макросы для проверки текущего адреса
354+  0000                  MACRO ASSERT_EQUAL adr
355+  0000 ~                     IF $ != adr
356+  0000 ~                       ASSERT 0
357+  0000 ~                       DISPLAY /l, "Error! Entry point has been shifted (", $, " != ", adr, ")"
358+  0000 ~                     ENDIF
359+  0000                  ENDM
360+  0000
361+  0000                  MACRO ASSERT_DONT_FIT adr
362+  0000 ~                     IF $ > adr
363+  0000 ~                       ASSERT 0
364+  0000 ~                       DISPLAY /l, "Error! Image did not fit (", $, " > ", adr, ")"
365+  0000 ~                     ENDIF
366+  0000                  ENDM
367+  0000
368+  0000              ;-----------------------------------------------------------------------
369+  0000              ; Конец
370+  0000              ;-----------------------------------------------------------------------
371+  0000
# file closed: D:\Projects\Specialist-OS\source\nc\../include/mxos.inc
  9   0000
 10   0000                  IF NEW_MEMORY_MAP
 11   0000                      ORG 0E800h
 12   0000                  ELSE
 13   0000 ~                    ORG 0D000h
 14   0000                  ENDIF
 15   E800
 16   E800              ; Список файлов на всю высоту панелей
 17   E800              FULL_PANELS = 0
 18   E800
 19   E800              ; Предустановки цветов:
 20   E800              ; 0 = vinxru
 21   E800              ; 1 = новый
 22   E800              ; 2 = Norton Commander
 23   E800              COLOR_PRESET = 1
 24   E800
 25   E800              COLOR_CMDLINE    =  070h        ; Цвет командной строки
 26   E800              COLOR_CMDSCREEN  =  COLOR_BIOS  ; Цвет командного экрана (когда панели спрятаны)
 27   E800
 28   E800                  IF COLOR_PRESET == 0
 29   E800 ~
 30   E800 ~            COLOR_BORDER     =  0F1h    ; Цвет рамки
 31   E800 ~            COLOR_PANELNAME  =  0A1h    ; Цвет заголовка панели (NAME)
 32   E800 ~            COLOR_FILE       =  0B1h    ; Цвет файлов
 33   E800 ~            COLOR_INFOLINE   =  0B1h    ; Цвет строки информации о текущем файле
 34   E800 ~            COLOR_CURSOR     =  0B0h    ; Цвет выделенного файла (инверсный)
 35   E800 ~            COLOR_DIALOG     =  007h    ; Цвет окон диалогов F1-F9
 36   E800 ~            COLOR_DIALOG_ERR =  047h    ; Цвет текста на окне с сообщением об ошибке
 37   E800 ~            COLOR_INFOHEADER =  0A1h    ; Заголовок информационной панели
 38   E800 ~            COLOR_INFONUMBER =  0E1h    ; Цифры на информационной панели
 39   E800 ~            COLOR_INFOTEXT   =  0F1h    ; Текст на информационной панели
 40   E800 ~            COLOR_HELP_F     =  040h    ; Цвет функциональных клавиш в строке подсказки
 41   E800 ~            COLOR_HELP_TEXT  =  071h    ; Цвет текста в строке подсказки
 42   E800 ~
 43   E800                  ELSEIF COLOR_PRESET == 1
 44   E800
 45   E800              COLOR_BORDER     =  0F1h    ; Цвет рамки
 46   E800              COLOR_PANELNAME  =  0E1h    ; Цвет заголовка панели (NAME)
 47   E800              COLOR_FILE       =  0B1h    ; Цвет файлов
 48   E800              COLOR_INFOLINE   =  0B1h    ; Цвет строки информации о текущем файле
 49   E800              COLOR_CURSOR     =  030h    ; Цвет выделенного файла (инверсный)
 50   E800              COLOR_DIALOG     =  007h    ; Цвет окон диалогов F1-F9
 51   E800              COLOR_DIALOG_ERR =  047h    ; Цвет текста на окне с сообщением об ошибке
 52   E800              COLOR_INFOHEADER =  0E1h    ; Заголовок информационной панели
 53   E800              COLOR_INFONUMBER =  0E1h    ; Цифры на информационной панели
 54   E800              COLOR_INFOTEXT   =  0F1h    ; Текст на информационной панели
 55   E800              COLOR_HELP_F     =  060h    ; Цвет функциональных клавиш в строке подсказки
 56   E800              COLOR_HELP_TEXT  =  030h    ; Цвет текста в строке подсказки
 57   E800
 58   E800                  ELSE
 59   E800 ~
 60   E800 ~            COLOR_BORDER     =  0B1h    ; Цвет рамки
 61   E800 ~            COLOR_PANELNAME  =  0E1h    ; Цвет заголовка панели (NAME)
 62   E800 ~            COLOR_FILE       =  0B1h    ; Цвет файлов
 63   E800 ~            COLOR_INFOLINE   =  0B1h    ; Цвет строки информации о текущем файле
 64   E800 ~            COLOR_CURSOR     =  030h    ; Цвет выделенного файла (инверсный)
 65   E800 ~            COLOR_DIALOG     =  007h    ; Цвет окон диалогов F1-F9
 66   E800 ~            COLOR_DIALOG_ERR =  047h    ; Цвет текста на окне с сообщением об ошибке
 67   E800 ~            COLOR_INFOHEADER =  0B1h    ; Заголовок информационной панели
 68   E800 ~            COLOR_INFONUMBER =  0E1h    ; Цифры на информационной панели
 69   E800 ~            COLOR_INFOTEXT   =  0B1h    ; Текст на информационной панели
 70   E800 ~            COLOR_HELP_F     =  070h    ; Цвет функциональных клавиш в строке подсказки
 71   E800 ~            COLOR_HELP_TEXT  =  030h    ; Цвет текста в строке подсказки
 72   E800 ~
 73   E800                  ENDIF
 74   E800
 75   E800              ;---------------------------------------------------------------------------
 76   E800              ; Макросы
 77   E800              ;---------------------------------------------------------------------------
 78   E800
 79   E800              ; Когда цвет включен, макрос вставляет такой код
 80   E800                  MACRO COLOR x
 81   E800 ~                    IF ENABLE_COLOR
 82   E800 ~                        ld a, x
 83   E800 ~                        ld (IO_COLOR), a
 84   E800 ~                    ENDIF
 85   E800                  ENDM
 86   E800
 87   E800              ; Макрос для нахождения координат строки длиной W, отцентрированной горизонтально
 88   E800                  MACRO CENTER_LINE w, y
 89   E800 ~                    ld  hl, ((60h - w * 3 / 2) << 8) + y
 90   E800 ~                    ld  (bios_vars.cursorY), hl
 91   E800                  ENDM
 92   E800
 93   E800              ;---------------------------------------------------------------------------
 94   E800              ; Код
 95   E800              ;---------------------------------------------------------------------------
 96   E800
 97   E800                  INCLUDE "start.inc"     ; Продолжается в main
# file opened: D:\Projects\Specialist-OS\source\nc\start.inc
  1+  E800              ;----------------------------------------------------------------------------
  2+  E800              ; MXOS NC.COM
  3+  E800              ; Запуск
  4+  E800              ;
  5+  E800              ; 2013-12-18 Дизассемблировано vinxru
  6+  E800              ;----------------------------------------------------------------------------
  7+  E800
  8+  E800              Start:      ; Отключаем инверсию
  9+  E800 21 00 00                 ld      hl, 0
 10+  E803 22 FA 8F                 ld      (bios_vars.inverse), hl
 11+  E806
 12+  E806                          ; Загружаем состояние. Если ZF, значит, уже запускали NC.COM.
 13+  E806                          ; Иначе сохраняем состояние.
 14+  E806 CD 96 EA                 call    loadState
 15+  E809 CA 17 E8                 jp z,   formatCalled
 16+  E80C
 17+  E80C                          ; loadState оставляет побайтовый драйвер ДОЗУ при первом запуске.
 18+  E80C 06 00                    ld      b, 0
 19+  E80E CD 6F C8                 call    bios_setRAMDDriver
 20+  E811
 21+  E811                          ; H используется по умолчанию только при установленном драйвере.
 22+  E811 CD B0 EE                 call    initRightDrive
 23+  E814
 24+  E814                          ; Сохраняем исправленное начальное состояние.
 25+  E814 CD 7A EA                 call    saveState
 26+  E817
 27+  E817              ; ---------------------------------------------------------------------------
 28+  E817
 29+  E817              formatCalled:
 30+  E817                          ; Выводим строку с кнопками
 31+  E817                          COLOR   COLOR_HELP_F
 31+  E817             >        IF ENABLE_COLOR
 31+  E817 3E 60       >            ld a, COLOR_HELP_F
 31+  E819 32 F8 FF    >            ld (IO_COLOR), a
 31+  E81C             >        ENDIF
 32+  E81C 0E 1F                    ld      c, 1Fh  ; очистка экрана
 33+  E81E CD 09 C8                 call    bios_printChar
 34+  E821 21 FF 01                 ld      hl, 1FFh
 35+  E824 22 FC 8F                 ld      (bios_vars.cursorY), hl
 36+  E827 21 6B F5                 ld      hl, aF1LeftF2RighF3
 37+  E82A CD 18 C8                 call    bios_printString
 38+  E82D
 39+  E82D                          ; Раскрашиваем строку с кнопками
 40+  E82D                          COLOR   COLOR_HELP_TEXT
 40+  E82D             >        IF ENABLE_COLOR
 40+  E82D 3E 30       >            ld a, COLOR_HELP_TEXT
 40+  E82F 32 F8 FF    >            ld (IO_COLOR), a
 40+  E832             >        ENDIF
 41+  E832 21 F7 92                 ld      hl, 92F7h           ; адрес первого прямоугольника
 42+  E835 16 08                    ld      d, 8                ; количество прямоугольников
 43+  E837              colToolbarLoop:
 44+  E837 01 09 04                 ld      bc, (4 << 8) + 9    ; b = ширина = 4 байта, c = высота 9 пикселей
 45+  E83A CD 1D F1                 call    inverseRect
 46+  E83D 24                       inc     h
 47+  E83E 24                       inc     h
 48+  E83F 15                       dec     d
 49+  E840 C2 37 E8                 jp nz,  colToolbarLoop
 50+  E843
 51+  E843                          ; Очищаем командную строку
 52+  E843 CD 69 F0                 call    clearCmdLine
 53+  E846
# file closed: D:\Projects\Specialist-OS\source\nc\start.inc
 98   E846                  INCLUDE "main.inc"
# file opened: D:\Projects\Specialist-OS\source\nc\main.inc
  1+  E846              ;----------------------------------------------------------------------------
  2+  E846              ; MXOS NC.COM
  3+  E846              ; Основной цикл
  4+  E846              ;
  5+  E846              ; 2013-12-18 Дизассемблировано vinxru
  6+  E846              ;----------------------------------------------------------------------------
  7+  E846
  8+  E846              mainReload: ; Перерисовываем обе панели
  9+  E846 3A 4E F7                 ld      a, (state.activePanel)
 10+  E849 A7                       and     a
 11+  E84A C2 56 E8                 jp      nz, mainReload_0
 12+  E84D CD 5E F1                 call    loadAndPrintA
 13+  E850 CD 4F F1                 call    loadAndPrintB
 14+  E853 C3 5C E8                 jp      mainDriveChanged
 15+  E856
 16+  E856              mainReload_0:
 17+  E856 CD 4F F1                 call    loadAndPrintB
 18+  E859 CD 5E F1                 call    loadAndPrintA
 19+  E85C
 20+  E85C              mainDriveChanged:
 21+  E85C                          ; Вывод накопителя в ком строку
 22+  E85C                          COLOR   COLOR_CMDLINE
 22+  E85C             >        IF ENABLE_COLOR
 22+  E85C 3E 70       >            ld a, COLOR_CMDLINE
 22+  E85E 32 F8 FF    >            ld (IO_COLOR), a
 22+  E861             >        ENDIF
 23+  E861 21 F3 01                 ld      hl, 1F3h
 24+  E864 22 FC 8F                 ld      (bios_vars.cursorY), hl
 25+  E867 21 51 F7                 ld      hl, state.panelA_drive
 26+  E86A CD FC F3                 call    readBytePanel
 27+  E86D CD E0 F3                 call    printDrive
 28+  E870
 29+  E870                          ; Вывод информации о файле
 30+  E870 CD CB F0                 call    printInfoLine
 31+  E873
 32+  E873              mainLoop:   ; Рисуем курсор выбранного файла
 33+  E873                          COLOR   COLOR_CURSOR
 33+  E873             >        IF ENABLE_COLOR
 33+  E873 3E 30       >            ld a, COLOR_CURSOR
 33+  E875 32 F8 FF    >            ld (IO_COLOR), a
 33+  E878             >        ENDIF
 34+  E878 CD 90 F0                 call    drawCursor
 35+  E87B
 36+  E87B                          ; Положение курсора в ком строке
 37+  E87B 2A 59 F7                 ld      hl, (vars.cmdLinePos)
 38+  E87E 22 FC 8F                 ld      (bios_vars.cursorY), hl
 39+  E881
 40+  E881                          ; Ждем нажатия клавиши
 41+  E881                          COLOR   COLOR_CMDLINE
 41+  E881             >        IF ENABLE_COLOR
 41+  E881 3E 70       >            ld a, COLOR_CMDLINE
 41+  E883 32 F8 FF    >            ld (IO_COLOR), a
 41+  E886             >        ENDIF
 42+  E886 CD 03 C8                 call    bios_getch
 43+  E889
 44+  E889                          ; Стираем курсор выбранного файла
 45+  E889 F5                       push    af
 46+  E88A                          COLOR   COLOR_FILE
 46+  E88A             >        IF ENABLE_COLOR
 46+  E88A 3E B1       >            ld a, COLOR_FILE
 46+  E88C 32 F8 FF    >            ld (IO_COLOR), a
 46+  E88F             >        ENDIF
 47+  E88F CD 90 F0                 call    drawCursor
 48+  E892 F1                       pop     af
 49+  E893
 50+  E893                          ; Анализ нажатой клавиши
 51+  E893 4F                       ld      c, a
 52+  E894 DA 2F E9                 jp c,   but_ctrl
 53+  E897 A7                       and     a     ; F1 (00h)
 54+  E898 CA BB ED                 jp z,   but_F1
 55+  E89B 3D                       dec     a     ; F2 (01h)
 56+  E89C CA 89 ED                 jp z,   but_F2
 57+  E89F 3D                       dec     a     ; F3 (02h)
 58+  E8A0 CA A2 EF                 jp z,   but_F3
 59+  E8A3 3D                       dec     a     ; F4 (03h)
 60+  E8A4 CA 7F E9                 jp z,   but_F4
 61+  E8A7 3D                       dec     a     ; F5 (04h)
 62+  E8A8 CA 8C EB                 jp z,   but_F5
 63+  E8AB 3D                       dec     a     ; F6 (05h)
 64+  E8AC CA 49 EB                 jp z,   but_F6
 65+  E8AF 3D                       dec     a     ; F7 (06h)
 66+  E8B0 CA 46 EB                 jp z,   but_F7
 67+  E8B3 3D                       dec     a     ; F8 (07h)
 68+  E8B4 CA 0E ED                 jp z,   but_F8
 69+  E8B7 3D                       dec     a     ; стрелка влево (08h)
 70+  E8B8 CA 05 F0                 jp z,   but_Left
 71+  E8BB 3D                       dec     a     ; Tab/Таб (09h)
 72+  E8BC CA 7F EF                 jp z,   but_Tab
 73+  E8BF 3D                       dec     a     ; End/ПС (0Ah)
 74+  E8C0 CA 1B F0                 jp z,   but_End
 75+  E8C3 D6 02                    sub     2     ; Home/стрелка влево-вверх (0Ch)
 76+  E8C5 CA 14 F0                 jp z,   but_Home
 77+  E8C8 3D                       dec     a     ; Enter/ВК (0Dh)
 78+  E8C9 CA 8F E9                 jp z,   but_Enter
 79+  E8CC D6 0B                    sub     0Bh   ; стрелка вправо (18h)
 80+  E8CE CA ED EF                 jp z,   but_Right
 81+  E8D1 3D                       dec     a     ; стрелка вверх (19h)
 82+  E8D2 CA DF EF                 jp z,   but_Up
 83+  E8D5 3D                       dec     a     ; стрелка вниз (1Ah)
 84+  E8D6 CA CA EF                 jp z,   but_Down
 85+  E8D9 3D                       dec     a     ; Esc/АР2 (1Bh)
 86+  E8DA CA 29 E9                 jp z,   but_Esc
 87+  E8DD C6 1B                    add     1Bh
 88+  E8DF FE 7F                    cp      7Fh   ; Del/ЗБ (7Fh)
 89+  E8E1 CA 0E E9                 jp z,   but_Bkspc
 90+  E8E4 FE 8A                    cp      8Ah   ; F9 (8Ah)
 91+  E8E6 CA 73 E8                 jp z,   mainLoop
 92+  E8E9 FE 20        mainLoop_e: cp      20h   ; Пробел (20h)
 93+  E8EB DA 73 E8                 jp c,   mainLoop
 94+  E8EE
 95+  E8EE                          ; Вывод символов в ком строку
 96+  E8EE 2A 5B F7                 ld      hl, (vars.cmdLineEnd)
 97+  E8F1 4F                       ld      c, a
 98+  E8F2 77                       ld      (hl), a
 99+  E8F3
100+  E8F3                          ; Если ком строка переполнена, выходим
101+  E8F3 3E A5                    ld      a, vars.cmdLineCtrl & 0FFh
102+  E8F5 BD                       cp      l
103+  E8F6 CA 73 E8                 jp z,   mainLoop
104+  E8F9
105+  E8F9                          ; Увеличиваем длину
106+  E8F9 23                       inc     hl
107+  E8FA 22 5B F7                 ld      (vars.cmdLineEnd), hl
108+  E8FD
109+  E8FD                          ; Выводим символ на экран
110+  E8FD                          COLOR   COLOR_CMDLINE
110+  E8FD             >        IF ENABLE_COLOR
110+  E8FD 3E 70       >            ld a, COLOR_CMDLINE
110+  E8FF 32 F8 FF    >            ld (IO_COLOR), a
110+  E902             >        ENDIF
111+  E902 CD 09 C8                 call    bios_printChar
112+  E905
113+  E905              mainLoop_savePos: ; ?
114+  E905 2A FC 8F                 ld      hl, (bios_vars.cursorY)
115+  E908 22 59 F7                 ld      (vars.cmdLinePos), hl
116+  E90B
117+  E90B C3 73 E8                 jp      mainLoop
118+  E90E
119+  E90E              ; ---------------------------------------------------------------------------
120+  E90E
121+  E90E              but_Bkspc:  ; Если ком строка пустая, выходим
122+  E90E 2A 5B F7                 ld      hl, (vars.cmdLineEnd)
123+  E911 3E 6A                    ld      a, vars.cmdLine & 0FFh
124+  E913 BD                       cp      l
125+  E914 CA 73 E8                 jp z,   mainLoop
126+  E917
127+  E917                          ; Удаляем один символ
128+  E917 2B                       dec     hl
129+  E918 22 5B F7                 ld      (vars.cmdLineEnd), hl
130+  E91B
131+  E91B                          ; Стираем символ на экране
132+  E91B                          COLOR   070h
132+  E91B             >        IF ENABLE_COLOR
132+  E91B 3E 70       >            ld a, 070h
132+  E91D 32 F8 FF    >            ld (IO_COLOR), a
132+  E920             >        ENDIF
133+  E920 21 06 F6                 ld      hl, asc_DC17
134+  E923 CD 18 C8                 call    bios_printString
135+  E926
136+  E926 C3 05 E9                 jp    mainLoop_savePos
137+  E929
138+  E929              ; ---------------------------------------------------------------------------
139+  E929
140+  E929 CD 69 F0     but_Esc:    call    clearCmdLine
141+  E92C C3 73 E8                 jp      mainLoop
142+  E92F
143+  E92F              ; ---------------------------------------------------------------------------
144+  E92F
145+  E92F FE 0D        but_ctrl:   cp    0Dh
146+  E931 CA 37 E9                 jp z, ctrlEnter
147+  E934 C3 E9 E8                 jp    mainLoop_e
148+  E937
149+  E937              ; ---------------------------------------------------------------------------
150+  E937
151+  E937              ctrlEnter:  ; Если файл не выбран, выход
152+  E937 CD 31 F1                 call    getSelectedFile
153+  E93A 7E                       ld      a, (hl)
154+  E93B FE FF                    cp      0FFh
155+  E93D CA 73 E8                 jp z,   mainLoop
156+  E940
157+  E940 CD 66 E9                 call    selFileToCmdLine
158+  E943 C3 73 E8                 jp      mainLoop
159+  E946
# file closed: D:\Projects\Specialist-OS\source\nc\main.inc
 99   E946                  INCLUDE "selFileToCmdLine.inc"
# file opened: D:\Projects\Specialist-OS\source\nc\selFileToCmdLine.inc
  1+  E946              ;----------------------------------------------------------------------------
  2+  E946              ; MXOS NC.COM
  3+  E946              ; Сформировать строку пути выбраного файла
  4+  E946              ;
  5+  E946              ; вход:
  6+  E946              ;   hl - адрес дескриптора файла
  7+  E946              ;
  8+  E946              ; 2013-12-18 Дизассемблировано vinxru
  9+  E946              ;----------------------------------------------------------------------------
 10+  E946
 11+  E946              getSelFilePath:
 12+  E946 EB                   ex      de, hl
 13+  E947
 14+  E947                      ; Получаем текущий накопитель
 15+  E947 21 51 F7             ld      hl, state.panelA_drive
 16+  E94A CD FC F3             call    readBytePanel
 17+  E94D C6 41                add     'A'
 18+  E94F
 19+  E94F                      ; Выводим его в ком строку
 20+  E94F 2A 5B F7             ld      hl, (vars.cmdLineEnd)
 21+  E952 77                   ld      (hl), a
 22+  E953 23                   inc     hl
 23+  E954
 24+  E954                      ; Выводим двоеточние
 25+  E954 36 3A                ld      (hl), ':'
 26+  E956 23                   inc     hl
 27+  E957
 28+  E957                      ; Выводим имя файла
 29+  E957 EB                   ex      de, hl
 30+  E958 CD DD F4             call    compactName
 31+  E95B
 32+  E95B                      ; Ограничение длины
 33+  E95B 1B                   dec     de
 34+  E95C 3E A5                ld      a, vars.cmdLineCtrl & 0FFh
 35+  E95E BB                   cp      e
 36+  E95F D2 63 E9             jp nc,  loc_D146
 37+  E962 5F                   ld      e, a
 38+  E963              loc_D146:
 39+  E963                      ; Терминатор
 40+  E963 AF                   xor     a
 41+  E964 12                   ld      (de), a
 42+  E965 C9                   ret
 43+  E966
 44+  E966              ;----------------------------------------------------------------------------
 45+  E966              ; MXOS NC.COM
 46+  E966              ; Поместить выбранный файл в ком строку
 47+  E966              ;
 48+  E966              ; вход:
 49+  E966              ;   hl - адрес дескриптора файла
 50+  E966              ;
 51+  E966              ; 2013-12-18 Дизассемблировано vinxru
 52+  E966              ;----------------------------------------------------------------------------
 53+  E966
 54+  E966              selFileToCmdLine:
 55+  E966 CD 46 E9             call    getSelFilePath
 56+  E969
 57+  E969                      ; Вывод
 58+  E969                      COLOR   COLOR_CMDLINE
 58+  E969             >        IF ENABLE_COLOR
 58+  E969 3E 70       >            ld a, COLOR_CMDLINE
 58+  E96B 32 F8 FF    >            ld (IO_COLOR), a
 58+  E96E             >        ENDIF
 59+  E96E 2A 5B F7             ld      hl, (vars.cmdLineEnd)
 60+  E971 CD 18 C8             call    bios_printString
 61+  E974
 62+  E974                      ; Дописываем имя файла
 63+  E974 EB                   ex      de, hl
 64+  E975 22 5B F7             ld      (vars.cmdLineEnd), hl
 65+  E978
 66+  E978                      ; Сохраняем новое положение
 67+  E978 2A FC 8F             ld      hl, (bios_vars.cursorY)
 68+  E97B 22 59 F7             ld      (vars.cmdLinePos), hl
 69+  E97E C9                   ret
 70+  E97F
# file closed: D:\Projects\Specialist-OS\source\nc\selFileToCmdLine.inc
100   E97F                  INCLUDE "butF4.inc"
# file opened: D:\Projects\Specialist-OS\source\nc\butF4.inc
  1+  E97F              ;----------------------------------------------------------------------------
  2+  E97F              ; MXOS NC.COM
  3+  E97F              ; Клавиша F4 - запуск редактора
  4+  E97F              ;
  5+  E97F              ; 2013-12-18 Дизассемблировано vinxru
  6+  E97F              ;----------------------------------------------------------------------------
  7+  E97F
  8+  E97F              but_F4: ; Получение кол-ва файлов
  9+  E97F 21 53 F7             ld      hl, state.panelA_filesCnt
 10+  E982 CD FC F3             call    readBytePanel
 11+  E985
 12+  E985                      ; Если файлов нет, выходим
 13+  E985 A7                   and     a
 14+  E986 CA 73 E8             jp z,   mainLoop
 15+  E989
 16+  E989                      ; Запуск редактора
 17+  E989 11 E9 F6             ld      de, aEditor   ; "A:E.COM\r"
 18+  E98C C3 D3 E9             jp      Enter_5
 19+  E98F
# file closed: D:\Projects\Specialist-OS\source\nc\butF4.inc
101   E98F                  INCLUDE "butEnter.inc"
# file opened: D:\Projects\Specialist-OS\source\nc\butEnter.inc
  1+  E98F              ;----------------------------------------------------------------------------
  2+  E98F              ; MXOS NC.COM
  3+  E98F              ; Клавиша ENTER
  4+  E98F              ;
  5+  E98F              ; 2013-12-18 Дизассемблировано vinxru
  6+  E98F              ;----------------------------------------------------------------------------
  7+  E98F
  8+  E98F              but_Enter:  ; Если ком строка не пустая
  9+  E98F 2A 5B F7                 ld      hl, (vars.cmdLineEnd)
 10+  E992 3E 6A                    ld      a, vars.cmdLine & 0FFh
 11+  E994 BD                       cp      l
 12+  E995 C2 04 EA                 jp nz,  EnterCmdLine
 13+  E998
 14+  E998                          ; Запомнить текущий диск в регистре b
 15+  E998 1E 00                    ld      e, 0
 16+  E99A CD 42 C8                 call    bios_fileGetSetDrive
 17+  E99D 47                       ld      b, a
 18+  E99E
 19+  E99E                          ; Подготовить имя файла A:NC.EXT
 20+  E99E 21 E0 F6                 ld      hl, aNcExt
 21+  E9A1 11 D3 F7                 ld      de, vars.tempFileDescr; vars.tempFileDescr используется как буфер
 22+  E9A4 CD 5A C8                 call    bios_fileNamePrepare
 23+  E9A7 EB                       ex      de, hl
 24+  E9A8
 25+  E9A8                          ; Загрузить файл A:NC.EXT по адресу 0
 26+  E9A8 21 D3 F7                 ld      hl, vars.tempFileDescr
 27+  E9AB 11 00 00                 ld      de, 0
 28+  E9AE 0E 01                    ld      c, 1
 29+  E9B0 CD 54 C8                 call    bios_fileGetSetAddr ; изменить адрес загрузки файла на de = 0
 30+  E9B3 CD 48 C8                 call    bios_fileLoad
 31+  E9B6 DA F9 E9                 jp c,   Enter_stdExec
 32+  E9B9
 33+  E9B9                          ; Переключить диск обратно
 34+  E9B9                          ;mov    a, b
 35+  E9B9                          ;mvi    e, 1
 36+  E9B9                          ;call   bios_fileGetSetDrive
 37+  E9B9
 38+  E9B9                          ; Получить имя выбранного файла
 39+  E9B9 CD 31 F1                 call    getSelectedFile
 40+  E9BC 7E                       ld      a, (hl)
 41+  E9BD 3C                       inc     a
 42+  E9BE CA 73 E8                 jp z,   mainLoop ; Ничего не выбрано
 43+  E9C1
 44+  E9C1                          ; hl = указатель на расширение файла
 45+  E9C1 11 08 00                 ld      de, FILE_DESCRIPTOR.ext
 46+  E9C4 19                       add     hl, de
 47+  E9C5
 48+  E9C5 11 00 00                 ld      de, 0
 49+  E9C8
 50+  E9C8                          ; Сравниваем с расширеним из файла,
 51+  E9C8                          ; нечувствительно к регистру
 52+  E9C8              Enter_extLoop:
 53+  E9C8 E5                       push    hl
 54+  E9C9 0E 03                    ld      c, 3
 55+  E9CB CD 7B C8                 call    bios_stricmp
 56+  E9CE C2 6B EA                 jp nz,  Enter_nextExt
 57+  E9D1
 58+  E9D1                          ; Найдено расширение
 59+  E9D1 E1                       pop     hl
 60+  E9D2 13                       inc     de
 61+  E9D3
 62+  E9D3                          ; Копирование имени выбранного файла в ком строку
 63+  E9D3              Enter_5:
 64+  E9D3 21 6A F7                 ld      hl, vars.cmdLine
 65+  E9D6              Enter_4:
 66+  E9D6 1A                       ld      a, (de)
 67+  E9D7 77                       ld      (hl),a
 68+  E9D8 FE 0D                    cp      0Dh
 69+  E9DA CA E6 E9                 jp z,   Enter_3
 70+  E9DD 3C                       inc     a
 71+  E9DE CA E6 E9                 jp z,   Enter_3
 72+  E9E1 23                       inc     hl
 73+  E9E2 13                       inc     de
 74+  E9E3 C3 D6 E9                 jp      Enter_4
 75+  E9E6
 76+  E9E6              ; ---------------------------------------------------------------------------
 77+  E9E6
 78+  E9E6              Enter_3:
 79+  E9E6 36 20                    ld      (hl), ' '
 80+  E9E8 23                       inc     hl
 81+  E9E9 36 00                    ld      (hl), 0
 82+  E9EB 22 5B F7                 ld      (vars.cmdLineEnd), hl
 83+  E9EE
 84+  E9EE                          ; Вывод командной строки на экран
 85+  E9EE                          COLOR   COLOR_CMDSCREEN
 85+  E9EE             >        IF ENABLE_COLOR
 85+  E9EE 3E F0       >            ld a, COLOR_CMDSCREEN
 85+  E9F0 32 F8 FF    >            ld (IO_COLOR), a
 85+  E9F3             >        ENDIF
 86+  E9F3 21 6A F7                 ld      hl, vars.cmdLine
 87+  E9F6 CD 18 C8                 call    bios_printString
 88+  E9F9
 89+  E9F9              Enter_stdExec:
 90+  E9F9                          ; Получить выбранный файл
 91+  E9F9 CD 31 F1                 call     getSelectedFile
 92+  E9FC
 93+  E9FC                          ; Ничего не выбрано
 94+  E9FC 7E                       ld      a, (hl)
 95+  E9FD 3C                       inc     a
 96+  E9FE CA 73 E8                 jp z,   mainLoop
 97+  EA01
 98+  EA01                          ; ?
 99+  EA01 CD 66 E9                 call    selFileToCmdLine
100+  EA04
101+  EA04              EnterCmdLine:
102+  EA04                          ; Команда X: без имени переключает активную панель на диск X.
103+  EA04 2A 5B F7                 ld      hl, (vars.cmdLineEnd)
104+  EA07 11 6C F7                 ld      de, vars.cmdLine + 2
105+  EA0A CD 27 C4                 call    bios_cmp_hl_de
106+  EA0D C2 53 EA                 jp nz,  EnterExec
107+  EA10
108+  EA10 3A 6B F7                 ld      a, (vars.cmdLine + 1)
109+  EA13 FE 3A                    cp      ':'
110+  EA15 C2 53 EA                 jp nz,  EnterExec
111+  EA18
112+  EA18 3A 6A F7                 ld      a, (vars.cmdLine)
113+  EA1B E6 DF                    and     0DFh
114+  EA1D D6 41                    sub     'A'
115+  EA1F FE 08                    cp      8
116+  EA21 D2 53 EA                 jp nc,  EnterExec
117+  EA24 4F                       ld      c, a
118+  EA25
119+  EA25                          ; Не переключаться на букву без установленного драйвера.
120+  EA25 C5                       push    bc
121+  EA26 CD BF EE                 call    buildDriveList
122+  EA29 C1                       pop     bc
123+  EA2A CD 06 EF                 call    findDrive
124+  EA2D DA 53 EA                 jp c,   EnterExec
125+  EA30
126+  EA30 79                       ld      a, c
127+  EA31 21 51 F7                 ld      hl, state.panelA_drive
128+  EA34 CD EB F3                 call    writeBytePanel
129+  EA37 AF                       xor     a
130+  EA38 21 4F F7                 ld      hl, state.panelA_info
131+  EA3B CD EB F3                 call    writeBytePanel
132+  EA3E 21 55 F7                 ld      hl, state.panelA_firstFile
133+  EA41 CD EB F3                 call    writeBytePanel
134+  EA44 21 57 F7                 ld      hl, state.panelA_curFile
135+  EA47 CD EB F3                 call    writeBytePanel
136+  EA4A
137+  EA4A CD 69 F0                 call    clearCmdLine
138+  EA4D CD 7A EA                 call    saveState
139+  EA50 C3 46 E8                 jp      mainReload
140+  EA53
141+  EA53              EnterExec:
142+  EA53                          ; Очистка экрана
143+  EA53                          COLOR   COLOR_CMDSCREEN
143+  EA53             >        IF ENABLE_COLOR
143+  EA53 3E F0       >            ld a, COLOR_CMDSCREEN
143+  EA55 32 F8 FF    >            ld (IO_COLOR), a
143+  EA58             >        ENDIF
144+  EA58 0E 1F                    ld      c, 1Fh
145+  EA5A CD 09 C8                 call    bios_printChar
146+  EA5D
147+  EA5D                          ; Помещаем в конец ком строки 0Dh
148+  EA5D 2A 5B F7                 ld      hl, (vars.cmdLineEnd)
149+  EA60 36 0D                    ld      (hl), 0Dh
150+  EA62
151+  EA62                          ; Сохраняем состояние
152+  EA62 CD 7A EA                 call    saveState
153+  EA65
154+  EA65                          ; Запускаем файл
155+  EA65 21 6A F7                 ld      hl, vars.cmdLine
156+  EA68 C3 5D C8                 jp      bios_fileExec
157+  EA6B
158+  EA6B              ; ---------------------------------------------------------------------------
159+  EA6B
160+  EA6B              Enter_nextExt:
161+  EA6B E1                       pop     hl
162+  EA6C
163+  EA6C              Enter_2:
164+  EA6C 1A                       ld      a, (de)
165+  EA6D 13                       inc     de
166+  EA6E FE 0D                    cp      0Dh
167+  EA70 CA C8 E9                 jp z,   Enter_extLoop
168+  EA73 3C                       inc     a
169+  EA74 C2 6C EA                 jp      nz, Enter_2
170+  EA77 C3 F9 E9                 jp      Enter_stdExec
171+  EA7A
# file closed: D:\Projects\Specialist-OS\source\nc\butEnter.inc
102   EA7A                  INCLUDE "saveLoadState.inc"
# file opened: D:\Projects\Specialist-OS\source\nc\saveLoadState.inc
  1+  EA7A              ;----------------------------------------------------------------------------
  2+  EA7A              ; MXOS NC.COM
  3+  EA7A              ; Cохранение состояния в ДОЗУ
  4+  EA7A              ;
  5+  EA7A              ; 2013-12-18 Дизассемблировано vinxru
  6+  EA7A              ;----------------------------------------------------------------------------
  7+  EA7A
  8+  EA7A              saveState:
  9+  EA7A                          ; Устанавливаем побайтовый драйвер
 10+  EA7A 06 01                    ld      b, 1
 11+  EA7C CD 6F C8                 call    bios_setRAMDDriver
 12+  EA7F
 13+  EA7F 11 4D F7                 ld      de, state           ; откуда (в ОЗУ)
 14+  EA82 21 00 FF                 ld      hl, 0FF00h          ; куда (в ДОЗУ)
 15+  EA85 06 0C                    ld      b,  stateEnd-state  ; сколько байт
 16+  EA87
 17+  EA87              saveStateLoop:
 18+  EA87 1A                       ld      a, (de)
 19+  EA88 4F                       ld      c, a                ; записываемый байт в c
 20+  EA89 AF                       xor     a                   ; 0 страница ДОЗУ
 21+  EA8A CD D0 FF                 call    bios_RAMDWrite
 22+  EA8D 23                       inc     hl
 23+  EA8E 13                       inc     de
 24+  EA8F 05                       dec     b
 25+  EA90 C2 87 EA                 jp nz,  saveStateLoop
 26+  EA93
 27+  EA93                          ; Восстанавливаем блочный драйвер
 28+  EA93                          ; b уже 0 здесь
 29+  EA93 C3 6F C8                 jp      bios_setRAMDDriver
 30+  EA96
 31+  EA96
 32+  EA96              ;----------------------------------------------------------------------------
 33+  EA96              ; MXOS NC.COM
 34+  EA96              ; Загрузка состояния из ДОЗУ
 35+  EA96              ;
 36+  EA96              ; выход:
 37+  EA96              ;   флаг  z, если в ДОЗУ есть метка "запускалось"
 38+  EA96              ;   флаг nz, если в ДОЗУ нет  метки "запускалось"
 39+  EA96              ;   Дравер не восстанавливается!
 40+  EA96              ;
 41+  EA96              ; 2022-02-02 SpaceEngineer
 42+  EA96              ;----------------------------------------------------------------------------
 43+  EA96
 44+  EA96              loadState:
 45+  EA96                          ; Устанавливаем побайтовый драйвер
 46+  EA96 06 01                    ld      b, 1
 47+  EA98 CD 6F C8                 call    bios_setRAMDDriver
 48+  EA9B
 49+  EA9B                          ; Если в рам-диске по адресу 0FF00h (последний неполный сектор)
 50+  EA9B                          ; нет специальной метки, значит, не запускали форматирование.
 51+  EA9B 21 00 FF                 ld      hl, 0FF00h          ; адрес в странице
 52+  EA9E AF                       xor     a                   ; 0 страница ДОЗУ
 53+  EA9F CD C0 FF                 call    bios_RAMDRead
 54+  EAA2 79                       ld      a, c                ; считанный байт в c
 55+  EAA3 FE 5A                    cp      5Ah
 56+  EAA5 C0                       ret nz                      ; метки нет - выходим с флагом nz
 57+  EAA6
 58+  EAA6                          ; Иначе загружаем состояние
 59+  EAA6 11 4D F7                 ld      de, state           ; куда (в ОЗУ)
 60+  EAA9 21 00 FF                 ld      hl, 0FF00h          ; откуда (в ДОЗУ)
 61+  EAAC 06 0C                    ld      b,  stateEnd-state  ; сколько байт байт
 62+  EAAE
 63+  EAAE              loadStateLoop:
 64+  EAAE AF                       xor     a                   ; 0 страница ДОЗУ
 65+  EAAF CD C0 FF                 call    bios_RAMDRead
 66+  EAB2 79                       ld      a, c                ; считанный байт в c
 67+  EAB3 12                       ld      (de), a
 68+  EAB4 23                       inc     hl
 69+  EAB5 13                       inc     de
 70+  EAB6 05                       dec     b
 71+  EAB7 C2 AE EA                 jp nz,  loadStateLoop
 72+  EABA
 73+  EABA                          ; Восстанавливаем блочный драйвер
 74+  EABA                          ; b уже 0 здесь
 75+  EABA CD 6F C8                 call    bios_setRAMDDriver
 76+  EABD
 77+  EABD AF                       xor     a   ; для выхода с флагом z
 78+  EABE C9                       ret
 79+  EABF
# file closed: D:\Projects\Specialist-OS\source\nc\saveLoadState.inc
103   EABF                  INCLUDE "drawWindow.inc"
# file opened: D:\Projects\Specialist-OS\source\nc\drawWindow.inc
  1+  EABF              ;----------------------------------------------------------------------------
  2+  EABF              ; MXOS NC.COM
  3+  EABF              ; Рисование окошек
  4+  EABF              ;
  5+  EABF              ; 2013-12-18 Дизассемблировано vinxru
  6+  EABF              ;----------------------------------------------------------------------------
  7+  EABF
  8+  EABF              drawWindowIfSel:
  9+  EABF                      ; Получить кол-во файлов
 10+  EABF 21 53 F7             ld      hl, state.panelA_filesCnt
 11+  EAC2 CD FC F3             call    readBytePanel
 12+  EAC5
 13+  EAC5                      ; Если файлов нет, выходим
 14+  EAC5 A7                   and     a
 15+  EAC6 E1                   pop     hl ; Адрес возврата
 16+  EAC7 CA 5C E8             jp z,   mainDriveChanged
 17+  EACA E5                   push    hl
 18+  EACB
 19+  EACB
 20+  EACB              ; ---------------------------------------------------------------------------
 21+  EACB
 22+  EACB              drawWindow1:
 23+  EACB                      COLOR   COLOR_DIALOG
 23+  EACB             >        IF ENABLE_COLOR
 23+  EACB 3E 07       >            ld a, COLOR_DIALOG
 23+  EACD 32 F8 FF    >            ld (IO_COLOR), a
 23+  EAD0             >        ENDIF
 24+  EAD0
 25+  EAD0                      ; Рисуем окно
 26+  EAD0 21 35 F7             ld      hl, g_window1
 27+  EAD3 CD 47 F4             call    draw
 28+  EAD6
 29+  EAD6                      ; Рисуем прямоугольник
 30+  EAD6 21 65 9F             ld      hl, 9F65h           ; x=120 y=101
 31+  EAD9 01 0B 12             ld      bc, (18 << 8) + 11  ; w=144 h=11
 32+  EADC C3 1D F1             jp      inverseRect
 33+  EADF
 34+  EADF              ; ---------------------------------------------------------------------------
 35+  EADF
 36+  EADF              drawWindow2:
 37+  EADF                      COLOR   COLOR_DIALOG
 37+  EADF             >        IF ENABLE_COLOR
 37+  EADF 3E 07       >            ld a, COLOR_DIALOG
 37+  EAE1 32 F8 FF    >            ld (IO_COLOR), a
 37+  EAE4             >        ENDIF
 38+  EAE4
 39+  EAE4                      ; Рисуем окно
 40+  EAE4 21 41 F7             ld      hl, g_window2
 41+  EAE7 CD 47 F4             call    draw
 42+  EAEA
 43+  EAEA                      ; Рисуем прямоугольник
 44+  EAEA 21 87 9E             ld      hl, 9E87h           ; x=112 y=135
 45+  EAED 01 0B 14             ld      bc, (20 << 8) + 11  ; w=160 h=11
 46+  EAF0 C3 1D F1             jp      inverseRect
 47+  EAF3
# file closed: D:\Projects\Specialist-OS\source\nc\drawWindow.inc
104   EAF3                  INCLUDE "printStringInv.inc"
# file opened: D:\Projects\Specialist-OS\source\nc\printStringInv.inc
  1+  EAF3              ;----------------------------------------------------------------------------
  2+  EAF3              ; MXOS NC.COM
  3+  EAF3              ; Вывод инверсной строки
  4+  EAF3              ;
  5+  EAF3              ; 2013-12-18 Дизассемблировано vinxru
  6+  EAF3              ;----------------------------------------------------------------------------
  7+  EAF3
  8+  EAF3 3E 01        printStringInv:   ld    a, 1
  9+  EAF5 32 FA 8F                 ld    (bios_vars.inverse),a
 10+  EAF8 CD 18 C8                 call  bios_printString
 11+  EAFB AF                       xor   a
 12+  EAFC 32 FA 8F                 ld    (bios_vars.inverse),a
 13+  EAFF C9                       ret
 14+  EB00
# file closed: D:\Projects\Specialist-OS\source\nc\printStringInv.inc
105   EB00                  INCLUDE "inputForCopyMove.inc"
# file opened: D:\Projects\Specialist-OS\source\nc\inputForCopyMove.inc
  1+  EB00              ;----------------------------------------------------------------------------
  2+  EB00              ; MXOS NC.COM
  3+  EB00              ; Ввод строки в которой изначально содержится имя выбранного файла
  4+  EB00              ;
  5+  EB00              ; 2013-12-18 Дизассемблировано vinxru
  6+  EB00              ;----------------------------------------------------------------------------
  7+  EB00
  8+  EB00              inputForRename:
  9+  EB00                          ; Буква диска показана в заголовке и в поле не редактируется.
 10+  EB00 21 6E 3D                 ld      hl, 3D6Eh
 11+  EB03 22 FC 8F                 ld      (bios_vars.cursorY), hl
 12+  EB06 11 B3 F7                 ld      de, vars.input
 13+  EB09 C3 30 EB                 jp      inputForCopyMoveName
 14+  EB0C
 15+  EB0C              inputForCopyMove:
 16+  EB0C                          ; Положение курсора
 17+  EB0C 21 6E 3D                 ld      hl, 3D6Eh
 18+  EB0F 22 FC 8F                 ld      (bios_vars.cursorY), hl
 19+  EB12
 20+  EB12                          ; Строка для редактирования
 21+  EB12 11 B3 F7                 ld      de, vars.input
 22+  EB15
 23+  EB15                          ; Отображается ли панель?
 24+  EB15 21 4F F7                 ld      hl, state.panelA_info
 25+  EB18 3A 4E F7                 ld      a, (state.activePanel)
 26+  EB1B A7                       and     a
 27+  EB1C C2 20 EB                 jp nz,      loc_D255
 28+  EB1F 23                       inc     hl
 29+  EB20 7E           loc_D255:   ld      a, (hl)
 30+  EB21
 31+  EB21                          ; Если не отображается, то накопитель в стркоу не помещать
 32+  EB21 A7                       and     a
 33+  EB22 C2 30 EB                 jp nz,      loc_D265
 34+  EB25
 35+  EB25                          ; Записываем букву накопителя
 36+  EB25 23                       inc     hl
 37+  EB26 23                       inc     hl
 38+  EB27 7E                       ld      a, (hl)
 39+  EB28 C6 41                    add     'A'
 40+  EB2A 12                       ld      (de),a
 41+  EB2B 13                       inc     de
 42+  EB2C
 43+  EB2C                          ; Записываем ':'
 44+  EB2C 3E 3A                    ld      a, ':'
 45+  EB2E 12                       ld      (de),a
 46+  EB2F 13                       inc     de
 47+  EB30
 48+  EB30              loc_D265:
 49+  EB30              inputForCopyMoveName:
 50+  EB30                          ; Записать выбранный файл
 51+  EB30 CD 31 F1                 call    getSelectedFile
 52+  EB33 CD DD F4                 call    compactName
 53+  EB36
 54+  EB36                          ; Записать терминатор
 55+  EB36 1B                       dec     de  ; compactName добавляет в конец строки ' ', 0Dh
 56+  EB37 1B                       dec     de
 57+  EB38 AF                       xor     a
 58+  EB39 12                       ld      (de),a
 59+  EB3A
 60+  EB3A                          ; Перейти к редакированию
 61+  EB3A C3 1A F5                 jp      input
 62+  EB3D
# file closed: D:\Projects\Specialist-OS\source\nc\inputForCopyMove.inc
106   EB3D                  INCLUDE "printSelDrive.inc"
# file opened: D:\Projects\Specialist-OS\source\nc\printSelDrive.inc
  1+  EB3D              ;----------------------------------------------------------------------------
  2+  EB3D              ; MXOS NC.COM
  3+  EB3D              ; Вывод текущего накопителя
  4+  EB3D              ;
  5+  EB3D              ; 2013-12-18 Дизассемблировано vinxru
  6+  EB3D              ;----------------------------------------------------------------------------
  7+  EB3D
  8+  EB3D              ; Печать буквы активного диска
  9+  EB3D
 10+  EB3D 21 51 F7     printSelDrive:    ld    hl, state.panelA_drive
 11+  EB40 CD FC F3                 call  readBytePanel
 12+  EB43 C3 E0 F3                 jp    printDrive
 13+  EB46
# file closed: D:\Projects\Specialist-OS\source\nc\printSelDrive.inc
107   EB46                  INCLUDE "butF7.inc"
# file opened: D:\Projects\Specialist-OS\source\nc\butF7.inc
  1+  EB46              ;----------------------------------------------------------------------------
  2+  EB46              ; MXOS NC.COM
  3+  EB46              ; F7 - MkDir. Резерв для будущей реализации создания каталога.
  4+  EB46              ;----------------------------------------------------------------------------
  5+  EB46
  6+  EB46              but_F7:
  7+  EB46 C3 73 E8                 jp      mainLoop
# file closed: D:\Projects\Specialist-OS\source\nc\butF7.inc
108   EB49                  INCLUDE "butF6.inc"
# file opened: D:\Projects\Specialist-OS\source\nc\butF6.inc
  1+  EB49              ;----------------------------------------------------------------------------
  2+  EB49              ; MXOS NC.COM
  3+  EB49              ; F6 - переименование файла на исходном диске.
  4+  EB49              ;----------------------------------------------------------------------------
  5+  EB49
  6+  EB49              but_F6:
  7+  EB49 CD BF EA                 call    drawWindowIfSel
  8+  EB4C
  9+  EB4C                          CENTER_LINE 12, 5Eh
  9+  EB4C 21 5E 4E    >        ld  hl, ((60h - 12 * 3 / 2) << 8) + 5Eh
  9+  EB4F 22 FC 8F    >        ld  (bios_vars.cursorY), hl
 10+  EB52 21 3E F6                 ld      hl, aRenameOn
 11+  EB55 CD 18 C8                 call    bios_printString
 12+  EB58 CD 3D EB                 call    printSelDrive
 13+  EB5B
 14+  EB5B CD 00 EB                 call    inputForRename
 15+  EB5E FE 1B                    cp      1Bh
 16+  EB60 CA 46 E8                 jp z,   mainReload
 17+  EB63
 18+  EB63                          ; Поле содержит только имя. Явно выбрать диск активной панели:
 19+  EB63                          ; указать другой диск в строке переименования теперь невозможно.
 20+  EB63 21 51 F7                 ld      hl, state.panelA_drive
 21+  EB66 CD FC F3                 call    readBytePanel
 22+  EB69 1E 01                    ld      e, 1
 23+  EB6B CD 42 C8                 call    bios_fileGetSetDrive
 24+  EB6E
 25+  EB6E 21 B3 F7                 ld      hl, vars.input
 26+  EB71 11 D3 F7                 ld      de, vars.tempFileDescr
 27+  EB74 CD 5A C8                 call    bios_fileNamePrepare
 28+  EB77
 29+  EB77 CD 31 F1                 call    getSelectedFile
 30+  EB7A 11 D3 F7                 ld      de, vars.tempFileDescr
 31+  EB7D CD 4E C8                 call    bios_fileRename
 32+  EB80 DA 86 EB                 jp c,   renameFileError
 33+  EB83 C3 46 E8                 jp      mainReload
 34+  EB86
 35+  EB86              renameFileError:
 36+  EB86 21 2B F6                 ld      hl, aCantRenameFile
 37+  EB89 C3 C2 EC                 jp      copyFileShowError
# file closed: D:\Projects\Specialist-OS\source\nc\butF6.inc
109   EB8C                  INCLUDE "butF5.inc"
# file opened: D:\Projects\Specialist-OS\source\nc\butF5.inc
  1+  EB8C              ;----------------------------------------------------------------------------
  2+  EB8C              ; MXOS NC.COM
  3+  EB8C              ; Клавиша F5 - копирование
  4+  EB8C              ;
  5+  EB8C              ; 2013-12-18 Дизассемблировано vinxru
  6+  EB8C              ;----------------------------------------------------------------------------
  7+  EB8C
  8+  EB8C              but_F5: ; Рисуем окно
  9+  EB8C CD BF EA             call    drawWindowIfSel
 10+  EB8F
 11+  EB8F                      ; Выводм "COPYING FROM A: TO"
 12+  EB8F                      CENTER_LINE 15, 5Eh
 12+  EB8F 21 5E 4A    >        ld  hl, ((60h - 15 * 3 / 2) << 8) + 5Eh
 12+  EB92 22 FC 8F    >        ld  (bios_vars.cursorY), hl
 13+  EB95 22 FC 8F             ld      (bios_vars.cursorY), hl
 14+  EB98 21 0A F6             ld      hl, aCopyFromTo
 15+  EB9B CD 18 C8             call    bios_printString
 16+  EB9E CD 3D EB             call    printSelDrive
 17+  EBA1
 18+  EBA1 CD 0C EB             call    inputForCopyMove
 19+  EBA4 FE 1B                cp      1Bh
 20+  EBA6 CA 46 E8             jp z,   mainReload
 21+  EBA9
 22+  EBA9 CD AF EB             call    copyFileInt
 23+  EBAC C3 46 E8             jp      mainReload
 24+  EBAF
# file closed: D:\Projects\Specialist-OS\source\nc\butF5.inc
110   EBAF                  INCLUDE "copyFileInt.inc"
# file opened: D:\Projects\Specialist-OS\source\nc\copyFileInt.inc
  1+  EBAF              ;----------------------------------------------------------------------------
  2+  EBAF              ; MXOS NC.COM
  3+  EBAF              ; Потоковое копирование через ОЗУ пользователя 0000h-7FFFh.
  4+  EBAF              ;----------------------------------------------------------------------------
  5+  EBAF
  6+  EBAF              COPY_BUFFER         = 0000h
  7+  EBAF              COPY_BUFFER_SECTORS = 128
  8+  EBAF
  9+  EBAF              copyFileInt:
 10+  EBAF                          ; Выбрать диск-источник и запомнить выбранную запись каталога.
 11+  EBAF 21 51 F7                 ld      hl, state.panelA_drive
 12+  EBB2 CD FC F3                 call    readBytePanel
 13+  EBB5 32 66 F7                 ld      (vars.copySourceDrive), a
 14+  EBB8 1E 01                    ld      e, 1
 15+  EBBA CD 42 C8                 call    bios_fileGetSetDrive
 16+  EBBD
 17+  EBBD CD 31 F1                 call    getSelectedFile
 18+  EBC0 22 5E F7                 ld      (vars.copySourceName), hl
 19+  EBC3
 20+  EBC3                          ; Загрузить полный дескриптор источника во временную запись.
 21+  EBC3 11 D3 F7                 ld      de, vars.tempFileDescr
 22+  EBC6 0E 0B                    ld      c, FILE_NAME_LENGTH + 3
 23+  EBC8              copyFileNameLoop:
 24+  EBC8 7E                       ld      a, (hl)
 25+  EBC9 12                       ld      (de), a
 26+  EBCA 23                       inc     hl
 27+  EBCB 13                       inc     de
 28+  EBCC 0D                       dec     c
 29+  EBCD C2 C8 EB                 jp nz,  copyFileNameLoop
 30+  EBD0
 31+  EBD0 21 D3 F7                 ld      hl, vars.tempFileDescr
 32+  EBD3 CD 51 C8                 call    bios_fileLoadInfo
 33+  EBD6 DA BF EC                 jp c,   copyFileError
 34+  EBD9
 35+  EBD9 2A ED F7                 ld      hl, (vars.tempFileDescr + FILE_DESCRIPTOR.firstCluster)
 36+  EBDC 22 62 F7                 ld      (vars.copySourceCluster), hl
 37+  EBDF
 38+  EBDF                          ; Размер хранится как size-1. Число секторов должно помещаться
 39+  EBDF                          ; в 16-битное адресное пространство текущей DOS.
 40+  EBDF 21 F0 F7                 ld      hl, vars.tempFileDescr + FILE_DESCRIPTOR.size + 1
 41+  EBE2 5E                       ld      e, (hl)
 42+  EBE3 23                       inc     hl
 43+  EBE4 56                       ld      d, (hl)
 44+  EBE5 23                       inc     hl
 45+  EBE6 7E                       ld      a, (hl)
 46+  EBE7 B7                       or      a
 47+  EBE8 C2 BF EC                 jp nz,  copyFileError
 48+  EBEB 13                       inc     de
 49+  EBEC 7A                       ld      a, d
 50+  EBED B3                       or      e
 51+  EBEE CA BF EC                 jp z,   copyFileError
 52+  EBF1 EB                       ex      de, hl
 53+  EBF2 22 60 F7                 ld      (vars.copyBlocksLeft), hl
 54+  EBF5
 55+  EBF5                          ; Подготовить имя назначения. Явный префикс X: также выбирает
 56+  EBF5                          ; соответствующий диск.
 57+  EBF5 21 B3 F7                 ld      hl, vars.input
 58+  EBF8 11 D3 F7                 ld      de, vars.tempFileDescr
 59+  EBFB CD 5A C8                 call    bios_fileNamePrepare
 60+  EBFE
 61+  EBFE AF                       xor     a
 62+  EBFF 5F                       ld      e, a
 63+  EC00 CD 42 C8                 call    bios_fileGetSetDrive
 64+  EC03 32 67 F7                 ld      (vars.copyDestDrive), a
 65+  EC06
 66+  EC06                          ; Не позволять fileCreatePrepare удалить сам источник.
 67+  EC06 21 66 F7                 ld      hl, vars.copySourceDrive
 68+  EC09 BE                       cp      (hl)
 69+  EC0A C2 1B EC                 jp nz,  copyFileCheckDest
 70+  EC0D 2A 5E F7                 ld      hl, (vars.copySourceName)
 71+  EC10 11 D3 F7                 ld      de, vars.tempFileDescr
 72+  EC13 0E 0B                    ld      c, FILE_NAME_LENGTH + 3
 73+  EC15 CD 7B C8                 call    bios_stricmp
 74+  EC18 CA BF EC                 jp z,   copyFileError
 75+  EC1B
 76+  EC1B              copyFileCheckDest:
 77+  EC1B                          ; Введённый префикс может указывать на диск без драйвера.
 78+  EC1B 06 03                    ld      b, 3
 79+  EC1D CD 63 C8                 call    bios_diskDriver
 80+  EC20 7A                       ld      a, d
 81+  EC21 B3                       or      e
 82+  EC22 CA BF EC                 jp z,   copyFileError
 83+  EC25 11 22 00                 ld      de, DISK_INFO.isValid
 84+  EC28 19                       add     hl, de
 85+  EC29 7E                       ld      a, (hl)
 86+  EC2A FE 02                    cp      DISK_VALID
 87+  EC2C C2 BF EC                 jp nz,  copyFileError
 88+  EC2F
 89+  EC2F                          ; Создать запись каталога и выделить полную цепочку FAT.
 90+  EC2F AF                       xor     a
 91+  EC30 32 F9 8F                 ld      (bios_vars.diskWriteErr), a
 92+  EC33 2A 60 F7                 ld      hl, (vars.copyBlocksLeft)
 93+  EC36 EB                       ex      de, hl
 94+  EC37 21 D3 F7                 ld      hl, vars.tempFileDescr
 95+  EC3A CD 8A C8                 call    bios_fileCreatePrepare
 96+  EC3D DA B1 EC                 jp c,   copyFileCleanup
 97+  EC40 3A F9 8F                 ld      a, (bios_vars.diskWriteErr)
 98+  EC43 B7                       or      a
 99+  EC44 C2 B1 EC                 jp nz,  copyFileCleanup
100+  EC47
101+  EC47 2A ED F7                 ld      hl, (vars.tempFileDescr + FILE_DESCRIPTOR.firstCluster)
102+  EC4A 22 64 F7                 ld      (vars.copyDestCluster), hl
103+  EC4D
104+  EC4D              copyFileLoop:
105+  EC4D                          ; Один проход переносит до 32 КБ: в обычном случае диск
106+  EC4D                          ; переключается один раз для чтения и один раз для записи.
107+  EC4D 2A 60 F7                 ld      hl, (vars.copyBlocksLeft)
108+  EC50 0E 80                    ld      c, COPY_BUFFER_SECTORS
109+  EC52 7C                       ld      a, h
110+  EC53 B7                       or      a
111+  EC54 C2 5E EC                 jp nz,  copyFileBatchReady
112+  EC57 7D                       ld      a, l
113+  EC58 FE 81                    cp      COPY_BUFFER_SECTORS + 1
114+  EC5A D2 5E EC                 jp nc,  copyFileBatchReady
115+  EC5D 4F                       ld      c, a
116+  EC5E
117+  EC5E              copyFileBatchReady:
118+  EC5E 3A 66 F7                 ld      a, (vars.copySourceDrive)
119+  EC61 1E 01                    ld      e, 1
120+  EC63 CD 42 C8                 call    bios_fileGetSetDrive
121+  EC66 2A 62 F7                 ld      hl, (vars.copySourceCluster)
122+  EC69 EB                       ex      de, hl
123+  EC6A 21 00 00                 ld      hl, COPY_BUFFER
124+  EC6D 06 02                    ld      b, 2
125+  EC6F CD 8D C8                 call    bios_fileTransfer
126+  EC72 DA B1 EC                 jp c,   copyFileCleanup
127+  EC75 EB                       ex      de, hl
128+  EC76 22 62 F7                 ld      (vars.copySourceCluster), hl
129+  EC79
130+  EC79 3A 67 F7                 ld      a, (vars.copyDestDrive)
131+  EC7C 1E 01                    ld      e, 1
132+  EC7E CD 42 C8                 call    bios_fileGetSetDrive
133+  EC81 AF                       xor     a
134+  EC82 32 F9 8F                 ld      (bios_vars.diskWriteErr), a
135+  EC85 2A 64 F7                 ld      hl, (vars.copyDestCluster)
136+  EC88 EB                       ex      de, hl
137+  EC89 21 00 00                 ld      hl, COPY_BUFFER
138+  EC8C 06 01                    ld      b, 1
139+  EC8E CD 8D C8                 call    bios_fileTransfer
140+  EC91 DA B1 EC                 jp c,   copyFileCleanup
141+  EC94 EB                       ex      de, hl
142+  EC95 22 64 F7                 ld      (vars.copyDestCluster), hl
143+  EC98 3A F9 8F                 ld      a, (bios_vars.diskWriteErr)
144+  EC9B B7                       or      a
145+  EC9C C2 B1 EC                 jp nz,  copyFileCleanup
146+  EC9F
147+  EC9F 2A 60 F7                 ld      hl, (vars.copyBlocksLeft)
148+  ECA2 16 00                    ld      d, 0
149+  ECA4 59                       ld      e, c
150+  ECA5 CD 7E C8                 call    bios_sub_hl_de
151+  ECA8 22 60 F7                 ld      (vars.copyBlocksLeft), hl
152+  ECAB 7C                       ld      a, h
153+  ECAC B5                       or      l
154+  ECAD C2 4D EC                 jp nz,  copyFileLoop
155+  ECB0 C9                       ret
156+  ECB1
157+  ECB1              copyFileCleanup:
158+  ECB1 3A 67 F7                 ld      a, (vars.copyDestDrive)
159+  ECB4 1E 01                    ld      e, 1
160+  ECB6 CD 42 C8                 call    bios_fileGetSetDrive
161+  ECB9 21 D3 F7                 ld      hl, vars.tempFileDescr
162+  ECBC CD 4B C8                 call    bios_fileDelete
163+  ECBF
164+  ECBF              copyFileError:
165+  ECBF 21 1F F6                 ld      hl, aCopyFailed
166+  ECC2
167+  ECC2              copyFileShowError:
168+  ECC2 E5                       push    hl
169+  ECC3 CD DF EA                 call    drawWindow2
170+  ECC6                          COLOR   COLOR_DIALOG_ERR
170+  ECC6             >        IF ENABLE_COLOR
170+  ECC6 3E 47       >            ld a, COLOR_DIALOG_ERR
170+  ECC8 32 F8 FF    >            ld (IO_COLOR), a
170+  ECCB             >        ENDIF
171+  ECCB                          CENTER_LINE 20, 80h
171+  ECCB 21 80 42    >        ld  hl, ((60h - 20 * 3 / 2) << 8) + 80h
171+  ECCE 22 FC 8F    >        ld  (bios_vars.cursorY), hl
172+  ECD1 E1                       pop     hl
173+  ECD2 CD 18 C8                 call    bios_printString
174+  ECD5
175+  ECD5                          COLOR   COLOR_DIALOG
175+  ECD5             >        IF ENABLE_COLOR
175+  ECD5 3E 07       >            ld a, COLOR_DIALOG
175+  ECD7 32 F8 FF    >            ld (IO_COLOR), a
175+  ECDA             >        ENDIF
176+  ECDA 21 90 50                 ld      hl, 5090h
177+  ECDD 22 FC 8F                 ld      (bios_vars.cursorY), hl
178+  ECE0 21 B3 F7                 ld      hl, vars.input
179+  ECE3 CD F3 EA                 call    printStringInv
180+  ECE6
181+  ECE6              copyFileWaitRelease:
182+  ECE6 CD 1B C8                 call    bios_keyScan
183+  ECE9 3C                       inc     a
184+  ECEA C2 E6 EC                 jp nz,  copyFileWaitRelease
185+  ECED
186+  ECED              copyFileAnyKey:
187+  ECED CD 1B C8                 call    bios_keyScan
188+  ECF0 3C                       inc     a
189+  ECF1 CA ED EC                 jp z,   copyFileAnyKey
190+  ECF4 C3 46 E8                 jp      mainReload
# file closed: D:\Projects\Specialist-OS\source\nc\copyFileInt.inc
111   ECF7                  INCLUDE "printInvSelFile.inc"
# file opened: D:\Projects\Specialist-OS\source\nc\printInvSelFile.inc
  1+  ECF7              ;----------------------------------------------------------------------------
  2+  ECF7              ; MXOS NC.COM
  3+  ECF7              ; Инверсный вывод имени выбранного файла
  4+  ECF7              ;
  5+  ECF7              ; 2013-12-18 Дизассемблировано vinxru
  6+  ECF7              ;----------------------------------------------------------------------------
  7+  ECF7
  8+  ECF7              printInvSelFile:
  9+  ECF7 CD 31 F1                 call  getSelectedFile
 10+  ECFA EB                       ex    de, hl
 11+  ECFB 21 6E 50     printInvFile:     ld    hl, 506Eh
 12+  ECFE 22 FC 8F                 ld    (bios_vars.cursorY), hl
 13+  ED01 EB                       ex    de, hl
 14+  ED02 11 B3 F7                 ld    de, vars.input
 15+  ED05 CD DD F4                 call  compactName
 16+  ED08 21 B3 F7                 ld    hl, vars.input
 17+  ED0B C3 F3 EA                 jp    printStringInv
 18+  ED0E
# file closed: D:\Projects\Specialist-OS\source\nc\printInvSelFile.inc
112   ED0E                  INCLUDE "butF8.inc"
# file opened: D:\Projects\Specialist-OS\source\nc\butF8.inc
  1+  ED0E              ;----------------------------------------------------------------------------
  2+  ED0E              ; MXOS NC.COM
  3+  ED0E              ; Клавиша F8 - удаление файла
  4+  ED0E              ;
  5+  ED0E              ; 2013-12-18 Дизассемблировано vinxru
  6+  ED0E              ;----------------------------------------------------------------------------
  7+  ED0E
  8+  ED0E              but_F8:     ; Рисуем окно
  9+  ED0E CD BF EA                 call    drawWindowIfSel
 10+  ED11
 11+  ED11                          ; Выводим "DELETE FROM A:"
 12+  ED11                          CENTER_LINE 14, 5Eh
 12+  ED11 21 5E 4B    >        ld  hl, ((60h - 14 * 3 / 2) << 8) + 5Eh
 12+  ED14 22 FC 8F    >        ld  (bios_vars.cursorY), hl
 13+  ED17 21 F9 F5                 ld          hl, aDeleteFrom
 14+  ED1A CD 18 C8                 call        bios_printString
 15+  ED1D CD 3D EB                 call        printSelDrive
 16+  ED20
 17+  ED20 CD F7 EC                 call        printInvSelFile
 18+  ED23
 19+  ED23              loc_D54C:   ; Ждем нажатия Enter или ESC
 20+  ED23 CD 1B C8                 call        bios_keyScan
 21+  ED26 FE 1B                    cp          1Bh
 22+  ED28 CA 46 E8                 jp z,       mainReload
 23+  ED2B FE 0D                    cp          0Dh
 24+  ED2D C2 23 ED                 jp nz,      loc_D54C
 25+  ED30
 26+  ED30                          ; Если файл только для чтения
 27+  ED30 CD 31 F1                 call        getSelectedFile
 28+  ED33 11 0B 00                 ld          de, FILE_DESCRIPTOR.attrib
 29+  ED36 19                       add         hl, de
 30+  ED37 7E                       ld          a, (hl)
 31+  ED38 E6 01                    and         1
 32+  ED3A CA 76 ED                 jp z,       loc_D595
 33+  ED3D
 34+  ED3D CD DF EA                 call        drawWindow2
 35+  ED40
 36+  ED40                          ; Выводим текст "FILE IS READ-ONLY"
 37+  ED40                          COLOR       COLOR_DIALOG_ERR
 37+  ED40             >        IF ENABLE_COLOR
 37+  ED40 3E 47       >            ld a, COLOR_DIALOG_ERR
 37+  ED42 32 F8 FF    >            ld (IO_COLOR), a
 37+  ED45             >        ENDIF
 38+  ED45                          CENTER_LINE 18, 80h
 38+  ED45 21 80 45    >        ld  hl, ((60h - 18 * 3 / 2) << 8) + 80h
 38+  ED48 22 FC 8F    >        ld  (bios_vars.cursorY), hl
 39+  ED4B 21 D8 F5                 ld          hl, aFileIsReanOnly
 40+  ED4E CD 18 C8                 call        bios_printString
 41+  ED51
 42+  ED51                          ; Выводим vars.input
 43+  ED51                          COLOR       COLOR_DIALOG
 43+  ED51             >        IF ENABLE_COLOR
 43+  ED51 3E 07       >            ld a, COLOR_DIALOG
 43+  ED53 32 F8 FF    >            ld (IO_COLOR), a
 43+  ED56             >        ENDIF
 44+  ED56 21 90 50                 ld          hl, 5090h
 45+  ED59 22 FC 8F                 ld          (bios_vars.cursorY), hl
 46+  ED5C 21 B3 F7                 ld          hl, vars.input
 47+  ED5F CD F3 EA                 call        printStringInv
 48+  ED62
 49+  ED62              loc_D581:   ; Цикл ожидания нажатия любой клавиши
 50+  ED62 CD 1B C8                 call        bios_keyScan
 51+  ED65 3C                       inc         a
 52+  ED66 C2 62 ED                 jp nz,      loc_D581
 53+  ED69
 54+  ED69              loc_D588:   ; Цикл ожидания нажатия Esc или Enter
 55+  ED69 CD 1B C8                 call        bios_keyScan
 56+  ED6C FE 1B                    cp          1Bh             ; Esc
 57+  ED6E CA 46 E8                 jp z,       mainReload      ; Если Esc - выход
 58+  ED71 FE 0D                    cp          0Dh             ; Enter
 59+  ED73 C2 69 ED                 jp nz,      loc_D588        ; Если Enter - всё равно удалить
 60+  ED76
 61+  ED76              loc_D595:   ; Удаляем текущий файл
 62+  ED76 CD 31 F1                 call        getSelectedFile
 63+  ED79 CD 4B C8                 call        bios_fileDelete
 64+  ED7C
 65+  ED7C                          ; Уменьшаем счетчик файлов
 66+  ED7C 21 53 F7                 ld          hl, state.panelA_filesCnt
 67+  ED7F CD FC F3                 call        readBytePanel
 68+  ED82 3D                       dec         a
 69+  ED83 CD EB F3                 call        writeBytePanel
 70+  ED86
 71+  ED86 C3 46 E8                 jp          mainReload
 72+  ED89
# file closed: D:\Projects\Specialist-OS\source\nc\butF8.inc
113   ED89                  INCLUDE "butF2.inc"
# file opened: D:\Projects\Specialist-OS\source\nc\butF2.inc
  1+  ED89              ;----------------------------------------------------------------------------
  2+  ED89              ; MXOS NC.COM
  3+  ED89              ; Клавиши F1, F2. Выбор накопителя для панели
  4+  ED89              ;
  5+  ED89              ; 2013-12-18 Дизассемблировано vinxru
  6+  ED89              ;----------------------------------------------------------------------------
  7+  ED89
  8+  ED89              but_F2:     ; Временно устанавливаем state.activePanel=1
  9+  ED89 3A 4E F7                 ld    a, (state.activePanel)
 10+  ED8C F5                       push  af
 11+  ED8D 3E 01                    ld    a, 1
 12+  ED8F 32 4E F7                 ld    (state.activePanel), a
 13+  ED92
 14+  ED92                          ; Диалог
 15+  ED92 CD F0 ED                 call  chooseDrive
 16+  ED95
 17+  ED95                          ; Если выбрали устройство, то сохраняем его
 18+  ED95 FE FF                    cp    0FFh
 19+  ED97 CA A7 ED                 jp z, loc_D5C3
 20+  ED9A 32 52 F7                 ld    (state.panelB_drive), a
 21+  ED9D
 22+  ED9D                          ; А также делаем панель видимой и перемещаем курсор в начало
 23+  ED9D AF                       xor   a
 24+  ED9E 32 50 F7                 ld    (state.panelB_info), a
 25+  EDA1 32 58 F7                 ld    (state.panelB_curFile), a
 26+  EDA4 32 56 F7                 ld    (state.panelB_firstFile), a
 27+  EDA7
 28+  EDA7              loc_D5C3:   ; Восстанавливаем state.activePanel
 29+  EDA7 F1                       pop   af
 30+  EDA8 32 4E F7                 ld    (state.activePanel), a
 31+  EDAB
 32+  EDAB                          ; Перезагружаем и перерисовываем вторую панель
 33+  EDAB CD 4F F1                 call  loadAndPrintB
 34+  EDAE
 35+  EDAE                          ; Перезагружаем и перерисовываем первую панель, только если она в режиме информации
 36+  EDAE 3A 4F F7                 ld    a, (state.panelA_info)
 37+  EDB1 A7                       and   a
 38+  EDB2 CA EA ED                 jp z, saveStateAndReload
 39+  EDB5 CD 5E F1                 call  loadAndPrintA
 40+  EDB8
 41+  EDB8                          ; Сохраняем состояние и выходим
 42+  EDB8 C3 EA ED                 jp    saveStateAndReload
 43+  EDBB
 44+  EDBB              ; ---------------------------------------------------------------------------
 45+  EDBB
 46+  EDBB              but_F1:     ; Временно устанавливаем state.activePanel=2
 47+  EDBB 3A 4E F7                 ld    a, (state.activePanel)
 48+  EDBE F5                       push  af
 49+  EDBF 3E 00                    ld    a, 0
 50+  EDC1 32 4E F7                 ld    (state.activePanel), a
 51+  EDC4
 52+  EDC4                          ; Диалог
 53+  EDC4 CD F0 ED                 call  chooseDrive
 54+  EDC7
 55+  EDC7                          ; Если выбрали устройство, то сохраняем его
 56+  EDC7 FE FF                    cp    0FFh
 57+  EDC9 CA D9 ED                 jp z, loc_D5F2
 58+  EDCC 32 51 F7                 ld    (state.panelA_drive), a
 59+  EDCF
 60+  EDCF                          ; А также делаем панель видимой и перемещаем курсор в начало
 61+  EDCF AF                       xor   a
 62+  EDD0 32 4F F7                 ld    (state.panelA_info), a
 63+  EDD3 32 57 F7                 ld    (state.panelA_curFile), a
 64+  EDD6 32 55 F7                 ld    (state.panelA_firstFile), a
 65+  EDD9
 66+  EDD9              loc_D5F2:   ; Восстанавливаем state.activePanel
 67+  EDD9 F1                       pop   af
 68+  EDDA 32 4E F7                 ld    (state.activePanel), a
 69+  EDDD
 70+  EDDD                          ; Перезагружаем и перерисовываем первую панель
 71+  EDDD CD 5E F1                 call  loadAndPrintA
 72+  EDE0
 73+  EDE0                          ; Перезагружаем и перерисовываем вторую панель, только если она в режиме информации
 74+  EDE0 3A 50 F7                 ld    a, (state.panelB_info)
 75+  EDE3 A7                       and   a
 76+  EDE4 CA EA ED                 jp z, saveStateAndReload
 77+  EDE7 CD 4F F1                 call  loadAndPrintB
 78+  EDEA
 79+  EDEA              saveStateAndReload:
 80+  EDEA                          ; Сохраняем состояние и выходим
 81+  EDEA CD 7A EA                 call  saveState
 82+  EDED C3 5C E8                 jp    mainDriveChanged
 83+  EDF0
 84+  EDF0              ; ---------------------------------------------------------------------------
 85+  EDF0
 86+  EDF0              chooseDrive:
 87+  EDF0 CD BF EE                 call  buildDriveList
 88+  EDF3
 89+  EDF3                          COLOR   COLOR_DIALOG
 89+  EDF3             >        IF ENABLE_COLOR
 89+  EDF3 3E 07       >            ld a, COLOR_DIALOG
 89+  EDF5 32 F8 FF    >            ld (IO_COLOR), a
 89+  EDF8             >        ENDIF
 90+  EDF8
 91+  EDF8 21 29 F7                 ld    hl, g_chooseDrive
 92+  EDFB CD 47 F4                 call  draw
 93+  EDFE
 94+  EDFE                          ; Вывести заголовок и компактный список установленных драйверов.
 95+  EDFE 21 63 1E                 ld    hl, 1E63h
 96+  EE01 CD 34 F4                 call  setCursorPosPanel
 97+  EE04 21 EB F5                 ld    hl, aChooseDrive
 98+  EE07 CD 18 C8                 call  bios_printString
 99+  EE0A CD 24 EF                 call  printDriveList
100+  EE0D
101+  EE0D                          ; Отключить курсор BIOS на время выбора.
102+  EE0D 3A E9 8F                 ld    a, (bios_vars.cursorCfg)
103+  EE10 F5                       push  af
104+  EE11 AF                       xor   a
105+  EE12 32 E9 8F                 ld    (bios_vars.cursorCfg), a
106+  EE15
107+  EE15                          ; Найти текущий диск панели в компактном списке.
108+  EE15 21 51 F7                 ld    hl, state.panelA_drive
109+  EE18 CD FC F3                 call  readBytePanel
110+  EE1B 4F                       ld    c, a
111+  EE1C CD 06 EF                 call  findDrive
112+  EE1F D2 23 EE                 jp nc, cd_StoreChoice
113+  EE22 AF                       xor   a
114+  EE23              cd_StoreChoice:
115+  EE23 32 5D F7                 ld    (vars.chooseDrive), a
116+  EE26
117+  EE26              cd_Loop:
118+  EE26 3A A6 F7                 ld    a, (vars.driveCount)
119+  EE29 B7                       or    a
120+  EE2A C4 5E EF                 call  nz, chooseDrive_draw
121+  EE2D
122+  EE2D CD 03 C8                 call  bios_getch
123+  EE30
124+  EE30 F5                       push  af
125+  EE31 3A A6 F7                 ld    a, (vars.driveCount)
126+  EE34 B7                       or    a
127+  EE35 C4 5E EF                 call  nz, chooseDrive_draw
128+  EE38 F1                       pop   af
129+  EE39
130+  EE39                          ; В компактном списке вправо/вниз означает следующий диск,
131+  EE39                          ; влево/вверх — предыдущий.
132+  EE39 0E 01                    ld    c, 1
133+  EE3B FE 18                    cp    18h
134+  EE3D CA 8B EE                 jp z, cd_Arrows
135+  EE40 FE 1A                    cp    1Ah
136+  EE42 CA 8B EE                 jp z, cd_Arrows
137+  EE45 0E FF                    ld    c, 0FFh
138+  EE47 FE 08                    cp    8
139+  EE49 CA 8B EE                 jp z, cd_Arrows
140+  EE4C FE 19                    cp    19h
141+  EE4E CA 8B EE                 jp z, cd_Arrows
142+  EE51 FE 0D                    cp    0Dh
143+  EE53 CA 73 EE                 jp z, cd_Enter
144+  EE56 FE 1B                    cp    1Bh
145+  EE58 CA 6C EE                 jp z, cd_Esc
146+  EE5B
147+  EE5B                          ; Прямой выбор A-H разрешён только для найденного драйвера.
148+  EE5B D6 41                    sub   'A'
149+  EE5D FE 08                    cp    8
150+  EE5F D2 26 EE                 jp nc, cd_Loop
151+  EE62 4F                       ld    c, a
152+  EE63 CD 06 EF                 call  findDrive
153+  EE66 DA 26 EE                 jp c, cd_Loop
154+  EE69 C3 85 EE                 jp    cd_ReturnDrive
155+  EE6C
156+  EE6C              cd_Esc:
157+  EE6C F1                       pop   af
158+  EE6D 32 E9 8F                 ld    (bios_vars.cursorCfg), a
159+  EE70 3E FF                    ld    a, 0FFh
160+  EE72 C9                       ret
161+  EE73
162+  EE73              cd_Enter:
163+  EE73 3A A6 F7                 ld    a, (vars.driveCount)
164+  EE76 B7                       or    a
165+  EE77 CA 26 EE                 jp z, cd_Loop
166+  EE7A 3A 5D F7                 ld    a, (vars.chooseDrive)
167+  EE7D 5F                       ld    e, a
168+  EE7E 16 00                    ld    d, 0
169+  EE80 21 A7 F7                 ld    hl, vars.driveList
170+  EE83 19                       add   hl, de
171+  EE84 4E                       ld    c, (hl)
172+  EE85
173+  EE85              cd_ReturnDrive:
174+  EE85 F1                       pop   af
175+  EE86 32 E9 8F                 ld    (bios_vars.cursorCfg), a
176+  EE89 79                       ld    a, c
177+  EE8A C9                       ret
178+  EE8B
179+  EE8B              cd_Arrows:
180+  EE8B 3A A6 F7                 ld    a, (vars.driveCount)
181+  EE8E B7                       or    a
182+  EE8F CA 26 EE                 jp z, cd_Loop
183+  EE92
184+  EE92 3A 5D F7                 ld    a, (vars.chooseDrive)
185+  EE95 81                       add   a, c
186+  EE96 FE FF                    cp    0FFh
187+  EE98 CA A9 EE                 jp z, cd_ArrowLast
188+  EE9B 21 A6 F7                 ld    hl, vars.driveCount
189+  EE9E BE                       cp    (hl)
190+  EE9F DA A3 EE                 jp c, cd_ArrowStore
191+  EEA2 AF                       xor   a
192+  EEA3              cd_ArrowStore:
193+  EEA3 32 5D F7                 ld    (vars.chooseDrive), a
194+  EEA6 C3 26 EE                 jp    cd_Loop
195+  EEA9
196+  EEA9              cd_ArrowLast:
197+  EEA9 3A A6 F7                 ld    a, (vars.driveCount)
198+  EEAC 3D                       dec   a
199+  EEAD C3 A3 EE                 jp    cd_ArrowStore
200+  EEB0
201+  EEB0              ;----------------------------------------------------------------------------
202+  EEB0              ; Выбрать начальный диск правой панели. H имеет приоритет, если его драйвер
203+  EEB0              ; уже установлен; иначе используется встроенный RAM-диск B.
204+  EEB0
205+  EEB0              initRightDrive:
206+  EEB0 CD BF EE                 call  buildDriveList
207+  EEB3 0E 07                    ld    c, 7
208+  EEB5 CD 06 EF                 call  findDrive
209+  EEB8 D0                       ret nc
210+  EEB9 3E 01                    ld    a, 1
211+  EEBB 32 52 F7                 ld    (state.panelB_drive), a
212+  EEBE C9                       ret
213+  EEBF
214+  EEBF              ;----------------------------------------------------------------------------
215+  EEBF              ; Построить компактный список драйверов.
216+  EEBF              ;
217+  EEBF              ; Диск считается установленным, если функция 3 его драйвера возвращает
218+  EEBF              ; ненулевое число секторов. Текущий диск DOS восстанавливается.
219+  EEBF              ;
220+  EEBF              ; Разрушает: AF, BC, DE, HL.
221+  EEBF
222+  EEBF              buildDriveList:
223+  EEBF 1E 02                    ld    e, 2
224+  EEC1 CD 42 C8                 call  bios_fileGetSetDrive
225+  EEC4 F5                       push  af
226+  EEC5
227+  EEC5 AF                       xor   a
228+  EEC6 32 A6 F7                 ld    (vars.driveCount), a
229+  EEC9 32 5D F7                 ld    (vars.chooseDrive), a
230+  EECC
231+  EECC              bdl_Scan:
232+  EECC 3A 5D F7                 ld    a, (vars.chooseDrive)
233+  EECF 1E 01                    ld    e, 1
234+  EED1 CD 42 C8                 call  bios_fileGetSetDrive
235+  EED4 06 03                    ld    b, 3
236+  EED6 CD 63 C8                 call  bios_diskDriver
237+  EED9 7A                       ld    a, d
238+  EEDA B3                       or    e
239+  EEDB CA F3 EE                 jp z, bdl_Next
240+  EEDE
241+  EEDE 3A A6 F7                 ld    a, (vars.driveCount)
242+  EEE1 6F                       ld    l, a
243+  EEE2 26 00                    ld    h, 0
244+  EEE4 11 A7 F7                 ld    de, vars.driveList
245+  EEE7 19                       add   hl, de
246+  EEE8 3A 5D F7                 ld    a, (vars.chooseDrive)
247+  EEEB 77                       ld    (hl), a
248+  EEEC 3A A6 F7                 ld    a, (vars.driveCount)
249+  EEEF 3C                       inc   a
250+  EEF0 32 A6 F7                 ld    (vars.driveCount), a
251+  EEF3
252+  EEF3              bdl_Next:
253+  EEF3 3A 5D F7                 ld    a, (vars.chooseDrive)
254+  EEF6 3C                       inc   a
255+  EEF7 32 5D F7                 ld    (vars.chooseDrive), a
256+  EEFA FE 08                    cp    8
257+  EEFC DA CC EE                 jp c, bdl_Scan
258+  EEFF
259+  EEFF F1                       pop   af
260+  EF00 1E 01                    ld    e, 1
261+  EF02 CD 42 C8                 call  bios_fileGetSetDrive
262+  EF05 C9                       ret
263+  EF06
264+  EF06              ;----------------------------------------------------------------------------
265+  EF06              ; Найти диск в компактном списке.
266+  EF06              ;
267+  EF06              ; Вход:  C — номер диска 0-7.
268+  EF06              ; Выход: A — позиция в списке, CF=0; CF=1, если драйвера нет.
269+  EF06              ; Разрушает: B, E, HL.
270+  EF06
271+  EF06              findDrive:
272+  EF06 3A A6 F7                 ld    a, (vars.driveCount)
273+  EF09 47                       ld    b, a
274+  EF0A 21 A7 F7                 ld    hl, vars.driveList
275+  EF0D 1E 00                    ld    e, 0
276+  EF0F
277+  EF0F              fd_Loop:
278+  EF0F 78                       ld    a, b
279+  EF10 B7                       or    a
280+  EF11 CA 22 EF                 jp z, fd_NotFound
281+  EF14 7E                       ld    a, (hl)
282+  EF15 B9                       cp    c
283+  EF16 CA 1F EF                 jp z, fd_Found
284+  EF19 23                       inc   hl
285+  EF1A 1C                       inc   e
286+  EF1B 05                       dec   b
287+  EF1C C3 0F EF                 jp    fd_Loop
288+  EF1F
289+  EF1F              fd_Found:
290+  EF1F 7B                       ld    a, e
291+  EF20 B7                       or    a
292+  EF21 C9                       ret
293+  EF22
294+  EF22              fd_NotFound:
295+  EF22 37                       scf
296+  EF23 C9                       ret
297+  EF24
298+  EF24              ;----------------------------------------------------------------------------
299+  EF24              ; Вывести до восьми найденных букв в сетке 4x2.
300+  EF24              ;
301+  EF24              ; Разрушает: AF, BC, DE, HL.
302+  EF24
303+  EF24              printDriveList:
304+  EF24 21 74 1C                 ld    hl, 1C74h
305+  EF27 CD 34 F4                 call  setCursorPosPanel
306+  EF2A 21 A7 F7                 ld    hl, vars.driveList
307+  EF2D 3A A6 F7                 ld    a, (vars.driveCount)
308+  EF30 B7                       or    a
309+  EF31 C8                       ret z
310+  EF32 47                       ld    b, a
311+  EF33 16 04                    ld    d, 4
312+  EF35
313+  EF35              pdl_Loop:
314+  EF35 7E                       ld    a, (hl)
315+  EF36 23                       inc   hl
316+  EF37 C6 41                    add   a, 'A'
317+  EF39 4F                       ld    c, a
318+  EF3A CD 09 C8                 call  bios_printChar
319+  EF3D
320+  EF3D 05                       dec   b
321+  EF3E C8                       ret z
322+  EF3F 15                       dec   d
323+  EF40 CA 51 EF                 jp z, pdl_NewRow
324+  EF43
325+  EF43 0E 20                    ld    c, ' '
326+  EF45 CD 09 C8                 call  bios_printChar
327+  EF48 CD 09 C8                 call  bios_printChar
328+  EF4B CD 09 C8                 call  bios_printChar
329+  EF4E C3 35 EF                 jp    pdl_Loop
330+  EF51
331+  EF51              pdl_NewRow:
332+  EF51 16 04                    ld    d, 4
333+  EF53 E5                       push  hl
334+  EF54 21 7F 1C                 ld    hl, 1C7Fh
335+  EF57 CD 34 F4                 call  setCursorPosPanel
336+  EF5A E1                       pop   hl
337+  EF5B C3 35 EF                 jp    pdl_Loop
338+  EF5E
339+  EF5E              ;----------------------------------------------------------------------------
340+  EF5E
341+  EF5E              chooseDrive_draw:
342+  EF5E 3A 5D F7                 ld    a, (vars.chooseDrive)
343+  EF61 21 6C 97                 ld    hl, 976Ch
344+  EF64
345+  EF64 FE 04                    cp    4
346+  EF66 DA 71 EF                 jp c, chooseDrive_draw2
347+  EF69 D6 04                    sub   4
348+  EF6B 4F                       ld    c, a
349+  EF6C 7D                       ld    a, l
350+  EF6D C6 0B                    add   a, 0Bh
351+  EF6F 6F                       ld    l, a
352+  EF70 79                       ld    a, c
353+  EF71              chooseDrive_draw2:
354+  EF71 4F                       ld    c, a
355+  EF72 87                       add   a, a
356+  EF73 81                       add   a, c
357+  EF74 84                       add   a, h
358+  EF75 67                       ld    h, a
359+  EF76 CD 86 F4                 call  activePanelPos
360+  EF79 01 09 01                 ld    bc, (1 << 8) + 9
361+  EF7C C3 1D F1                 jp    inverseRect
362+  EF7F
# file closed: D:\Projects\Specialist-OS\source\nc\butF2.inc
114   EF7F                  INCLUDE "butTab.inc"
# file opened: D:\Projects\Specialist-OS\source\nc\butTab.inc
  1+  EF7F              ;----------------------------------------------------------------------------
  2+  EF7F              ; MXOS NC.COM
  3+  EF7F              ; Клавиша TAB - Смена активной панели
  4+  EF7F              ;
  5+  EF7F              ; 2013-12-18 Дизассемблировано vinxru
  6+  EF7F              ;----------------------------------------------------------------------------
  7+  EF7F
  8+  EF7F              but_Tab:    ; Получаем видимость панели
  9+  EF7F 21 4F F7                 ld      hl, state.panelA_info
 10+  EF82 3A 4E F7                 ld      a, (state.activePanel)
 11+  EF85 A7                       and     a
 12+  EF86 C2 8A EF                 jp nz,  loc_D6C7
 13+  EF89 23                       inc     hl
 14+  EF8A 4F           loc_D6C7:   ld      c, a
 15+  EF8B 7E                       ld      a, (hl)
 16+  EF8C
 17+  EF8C                          ; Панель не видима, выходим
 18+  EF8C A7                       and     a
 19+  EF8D C2 5C E8                 jp nz,  mainDriveChanged
 20+  EF90
 21+  EF90                          ; Меняем активную панель на противоположную
 22+  EF90 79                       ld      a, c
 23+  EF91 EE 01                    xor     1
 24+  EF93 32 4E F7                 ld      (state.activePanel),a
 25+  EF96
 26+  EF96                          ; Перезагружаем список файлов
 27+  EF96 21 51 F7                 ld      hl, state.panelA_drive
 28+  EF99 CD FC F3                 call    readBytePanel
 29+  EF9C CD 85 F1                 call    loadFiles   ; На входе нужен a=накопитель
 30+  EF9F
 31+  EF9F C3 EA ED                 jp      saveStateAndReload
 32+  EFA2
# file closed: D:\Projects\Specialist-OS\source\nc\butTab.inc
115   EFA2                  INCLUDE "butF3.inc"
# file opened: D:\Projects\Specialist-OS\source\nc\butF3.inc
  1+  EFA2              ;----------------------------------------------------------------------------
  2+  EFA2              ; MXOS NC.COM
  3+  EFA2              ; Клавиша F3 - отобразить информацию о накопителе
  4+  EFA2              ;
  5+  EFA2              ; 2013-12-18 Дизассемблировано vinxru
  6+  EFA2              ;----------------------------------------------------------------------------
  7+  EFA2
  8+  EFA2              but_F3:     ; Временный выбор противоположной панели
  9+  EFA2 3A 4E F7                 ld    a, (state.activePanel)
 10+  EFA5 F5                       push  af
 11+  EFA6 EE 01                    xor   1
 12+  EFA8 32 4E F7                 ld    (state.activePanel),a
 13+  EFAB
 14+  EFAB                          ; Меняем видимость панели
 15+  EFAB 21 4F F7                 ld    hl, state.panelA_info
 16+  EFAE CD FC F3                 call  readBytePanel
 17+  EFB1 EE 01                    xor   1
 18+  EFB3 CD EB F3                 call  writeBytePanel
 19+  EFB6
 20+  EFB6                          ; Восстанавлаием активную панель
 21+  EFB6 F1                       pop   af
 22+  EFB7 32 4E F7                 ld    (state.activePanel),a
 23+  EFBA A7                       and   a
 24+  EFBB CA C4 EF                 jp z, loc_D701
 25+  EFBE
 26+  EFBE                          ; Перерисовываем панель
 27+  EFBE CD 5E F1                 call  loadAndPrintA
 28+  EFC1
 29+  EFC1 C3 EA ED                 jp    saveStateAndReload
 30+  EFC4
 31+  EFC4              ; ---------------------------------------------------------------------------
 32+  EFC4
 33+  EFC4 CD 4F F1     loc_D701:   call  loadAndPrintB
 34+  EFC7 C3 EA ED                 jp    saveStateAndReload
 35+  EFCA
# file closed: D:\Projects\Specialist-OS\source\nc\butF3.inc
116   EFCA                  INCLUDE "butArrows.inc"
# file opened: D:\Projects\Specialist-OS\source\nc\butArrows.inc
  1+  EFCA              ;----------------------------------------------------------------------------
  2+  EFCA              ; MXOS NC.COM
  3+  EFCA              ; Клавиши перемещения курсора
  4+  EFCA              ;
  5+  EFCA              ; 2013-12-18 Дизассемблировано vinxru
  6+  EFCA              ; 2022-02-16 Доработано SpaceEngineer
  7+  EFCA              ;----------------------------------------------------------------------------
  8+  EFCA
  9+  EFCA              ; ---------------------------------------------------------------------------
 10+  EFCA              ; На один файл вперед
 11+  EFCA
 12+  EFCA              but_Down:   ; c = количество файлов
 13+  EFCA 21 53 F7                 ld      hl, state.panelA_filesCnt
 14+  EFCD CD FC F3                 call    readBytePanel
 15+  EFD0 4F                       ld      c, a
 16+  EFD1
 17+  EFD1                          ; a = файл, на котором курсор
 18+  EFD1 21 57 F7                 ld      hl, state.panelA_curFile
 19+  EFD4 CD FC F3                 call    readBytePanel
 20+  EFD7
 21+  EFD7                          ; курсор на следующий файл
 22+  EFD7 3C                       inc     a
 23+  EFD8
 24+  EFD8                          ; если курсор на последнем файле + 1, выходим
 25+  EFD8 B9                       cp      c
 26+  EFD9 CA 5C E8                 jp z,   mainDriveChanged
 27+  EFDC
 28+  EFDC                          ; иначе сохраняем новое положение курсора
 29+  EFDC                          ; и скроллим панель, если надо
 30+  EFDC C3 28 F0                 jp      scrollPanel
 31+  EFDF
 32+  EFDF              ; ---------------------------------------------------------------------------
 33+  EFDF              ; На один файл назад
 34+  EFDF
 35+  EFDF              but_Up:     ; a = файл, на котором курсор
 36+  EFDF 21 57 F7                 ld      hl, state.panelA_curFile
 37+  EFE2 CD FC F3                 call    readBytePanel
 38+  EFE5
 39+  EFE5                          ; если курсор на нулевом файле, выходим
 40+  EFE5 B7                       or      a
 41+  EFE6 CA 5C E8                 jp z,   mainDriveChanged
 42+  EFE9
 43+  EFE9                          ; курсор на предыдущий файл
 44+  EFE9 3D                       dec     a
 45+  EFEA
 46+  EFEA                          ; иначе сохраняем новое положение курсора
 47+  EFEA                          ; и скроллим панель, если надо
 48+  EFEA C3 28 F0                 jp      scrollPanel
 49+  EFED
 50+  EFED              ; ---------------------------------------------------------------------------
 51+  EFED              ; На FILE_LIST_SIZE/2 файлов вперед
 52+  EFED
 53+  EFED              but_Right:  ; c = количество файлов
 54+  EFED 21 53 F7                 ld      hl, state.panelA_filesCnt
 55+  EFF0 CD FC F3                 call    readBytePanel
 56+  EFF3 4F                       ld      c, a
 57+  EFF4 0D                       dec     c
 58+  EFF5
 59+  EFF5                          ; a = файл, на котором курсор
 60+  EFF5 21 57 F7                 ld      hl, state.panelA_curFile
 61+  EFF8 CD FC F3                 call    readBytePanel
 62+  EFFB
 63+  EFFB                          ; увеличиваем на FILE_LIST_SIZE/2 файлов, если не дошли до конца списка
 64+  EFFB C6 12                    add     FILE_LIST_SIZE/2
 65+  EFFD B9                       cp      c
 66+  EFFE
 67+  EFFE                          ; иначе устанавливаем курсор на последний файл
 68+  EFFE DA 28 F0                 jp c,   scrollPanel
 69+  F001 79                       ld      a, c
 70+  F002 C3 28 F0                 jp      scrollPanel
 71+  F005
 72+  F005              ; ---------------------------------------------------------------------------
 73+  F005              ; На FILE_LIST_SIZE/2 файлов назад
 74+  F005
 75+  F005              but_Left:   ; a = файл, на котором курсор
 76+  F005 21 57 F7                 ld      hl, state.panelA_curFile
 77+  F008 CD FC F3                 call    readBytePanel
 78+  F00B
 79+  F00B                          ; уменьшаем на FILE_LIST_SIZE/2, если не дошли до 0
 80+  F00B D6 12                    sub     FILE_LIST_SIZE/2
 81+  F00D
 82+  F00D                          ; иначе устанавливаем курсор на нулевой файл
 83+  F00D F2 28 F0                 jp p,   scrollPanel
 84+  F010 AF                       xor     a
 85+  F011 C3 28 F0                 jp      scrollPanel
 86+  F014
 87+  F014              ; ---------------------------------------------------------------------------
 88+  F014              ; На первый файл
 89+  F014
 90+  F014 21 57 F7     but_Home:   ld      hl, state.panelA_curFile
 91+  F017 AF                       xor     a
 92+  F018 C3 28 F0                 jp      scrollPanel
 93+  F01B
 94+  F01B              ; ---------------------------------------------------------------------------
 95+  F01B              ; На последний файл
 96+  F01B
 97+  F01B 21 53 F7     but_End:    ld      hl, state.panelA_filesCnt
 98+  F01E CD FC F3                 call    readBytePanel
 99+  F021 3D                       dec     a
100+  F022 21 57 F7                 ld      hl, state.panelA_curFile
101+  F025 C3 28 F0                 jp      scrollPanel
102+  F028
103+  F028              ; ---------------------------------------------------------------------------
104+  F028              ; Расчет нового положения указателей и скроллинг панели, если надо
105+  F028
106+  F028              scrollPanel:
107+  F028                          ; сначала сохраняем panelA_curFile
108+  F028 CD EB F3                 call    writeBytePanel
109+  F02B
110+  F02B                          ; c = количество файлов
111+  F02B 21 53 F7                 ld      hl, state.panelA_filesCnt
112+  F02E CD FC F3                 call    readBytePanel
113+  F031 4F                       ld      c, a
114+  F032 0D                       dec     c
115+  F033
116+  F033                          ; b = файл, с которого начинается спосок файлов панели
117+  F033 21 55 F7                 ld      hl, state.panelA_firstFile
118+  F036 CD FC F3                 call    readBytePanel
119+  F039 47                       ld      b, a
120+  F03A
121+  F03A                          ; a = файл, на котором курсор
122+  F03A 21 57 F7                 ld      hl, state.panelA_curFile
123+  F03D CD FC F3                 call    readBytePanel
124+  F040
125+  F040                          ; a = положение курсора относительно начала списка файлов панели
126+  F040 90                       sub     b
127+  F041
128+  F041                          ; если курсор выше первого файла панели, скроллим вниз
129+  F041 DA 4C F0                 jp c,   scrollDown
130+  F044
131+  F044                          ; если курсор ниже последнего файла панели, скроллим вверх
132+  F044 D6 24                    sub     FILE_LIST_SIZE
133+  F046 D2 55 F0                 jp nc,  scrollUp
134+  F049
135+  F049                          ; иначе выходим
136+  F049 C3 5C E8                 jp      mainDriveChanged
137+  F04C
138+  F04C              scrollDown: ; скроллинг списка вниз
139+  F04C 80                       add     a, b
140+  F04D
141+  F04D                          ; если скроллить некуда, выходим
142+  F04D D2 5C E8                 jp nc,  mainDriveChanged
143+  F050
144+  F050                          ; направление перерисовки списока файлов - сверху вниз
145+  F050 06 00                    ld      b, 0
146+  F052 C3 5D F0                 jp      scrollExit
147+  F055
148+  F055              scrollUp:   ; скроллинг списка вверх
149+  F055 04                       inc     b
150+  F056 80                       add     a, b
151+  F057
152+  F057                          ; если скроллить некуда, выходим
153+  F057 B9                       cp      c       ; c = количество файлов
154+  F058 D2 5C E8                 jp nc,  mainDriveChanged
155+  F05B
156+  F05B                          ; направление перерисовки списока файлов - снизу вверх
157+  F05B 06 01                    ld      b, 1
158+  F05D
159+  F05D              scrollExit: ; сохраняем новое значение panelA_firstFile
160+  F05D 21 55 F7                 ld      hl, state.panelA_firstFile
161+  F060 CD EB F3                 call    writeBytePanel
162+  F063
163+  F063                          ; перерисовываем только список файлов
164+  F063                          ; b = направление
165+  F063 CD 77 F3                 call    printFilePanel
166+  F066
167+  F066                          ; выходим
168+  F066 C3 5C E8                 jp      mainDriveChanged
169+  F069
170+  F069              ; ---------------------------------------------------------------------------
171+  F069
# file closed: D:\Projects\Specialist-OS\source\nc\butArrows.inc
117   F069                  INCLUDE "clearCmdLine.inc"    ; Продолжается в printSpaces
# file opened: D:\Projects\Specialist-OS\source\nc\clearCmdLine.inc
  1+  F069              ;----------------------------------------------------------------------------
  2+  F069              ; MXOS NC.COM
  3+  F069              ; Очистка ком строки
  4+  F069              ;
  5+  F069              ; 2013-12-18 Дизассемблировано vinxru
  6+  F069              ;----------------------------------------------------------------------------
  7+  F069
  8+  F069              clearCmdLine:
  9+  F069 21 F3 07                 ld    hl, 7F3h
 10+  F06C 22 FC 8F                 ld    (bios_vars.cursorY), hl
 11+  F06F
 12+  F06F 26 0A                    ld    h, 10
 13+  F071 22 59 F7                 ld    (vars.cmdLinePos), hl
 14+  F074
 15+  F074                          COLOR   COLOR_CMDLINE
 15+  F074             >        IF ENABLE_COLOR
 15+  F074 3E 70       >            ld a, COLOR_CMDLINE
 15+  F076 32 F8 FF    >            ld (IO_COLOR), a
 15+  F079             >        ENDIF
 16+  F079
 17+  F079 0E 5C                    ld    c, 92 ; '\'
 18+  F07B CD 09 C8                 call  bios_printChar
 19+  F07E
 20+  F07E 21 6A F7                 ld    hl, vars.cmdLine
 21+  F081 22 5B F7                 ld    (vars.cmdLineEnd), hl
 22+  F084
 23+  F084 06 3C                    ld    b, 60
 24+  F086
 25+  F086                          ; Продолжение на printSpaces
 26+  F086
# file closed: D:\Projects\Specialist-OS\source\nc\clearCmdLine.inc
118   F086                  INCLUDE "printSpaces.inc"
# file opened: D:\Projects\Specialist-OS\source\nc\printSpaces.inc
  1+  F086              ;----------------------------------------------------------------------------
  2+  F086              ; MXOS NC.COM
  3+  F086              ; Вывод пробелов
  4+  F086              ;
  5+  F086              ; b - кол-во пробелов
  6+  F086              ;
  7+  F086              ; 2013-12-18 Дизассемблировано vinxru
  8+  F086              ;----------------------------------------------------------------------------
  9+  F086
 10+  F086              printSpaces:
 11+  F086 0E 20                    ld    c, ' '
 12+  F088              printSpaces_1:
 13+  F088 CD 09 C8                 call  bios_printChar
 14+  F08B 05                       dec   b
 15+  F08C C2 88 F0                 jp nz,  printSpaces_1
 16+  F08F C9                       ret
 17+  F090
# file closed: D:\Projects\Specialist-OS\source\nc\printSpaces.inc
119   F090                  INCLUDE "drawCursor.inc"
# file opened: D:\Projects\Specialist-OS\source\nc\drawCursor.inc
  1+  F090              ;----------------------------------------------------------------------------
  2+  F090              ; MXOS NC.COM
  3+  F090              ; Рисование курсора
  4+  F090              ;
  5+  F090              ; 2013-12-18 Дизассемблировано vinxru
  6+  F090              ;----------------------------------------------------------------------------
  7+  F090
  8+  F090              drawCursor: ; Цвет устаналвиается перед выводом
  9+  F090
 10+  F090                          ; Если файлов нет, выходим
 11+  F090 21 53 F7                 ld    hl, state.panelA_filesCnt
 12+  F093 CD FC F3                 call  readBytePanel
 13+  F096 A7                       and   a
 14+  F097                  IF ENABLE_COLOR
 15+  F097 C8                       ret Z
 16+  F098                  ELSE
 17+  F098 ~                        jp z, drawCursor_0
 18+  F098                  ENDIF
 19+  F098                          ; C какого файла начинается список файлов на панели
 20+  F098 21 55 F7                 ld    hl, state.panelA_firstFile
 21+  F09B CD FC F3                 call  readBytePanel
 22+  F09E 4F                       ld    c, a
 23+  F09F
 24+  F09F                          ; Номер выбранного файла
 25+  F09F 21 57 F7                 ld    hl, state.panelA_curFile
 26+  F0A2 CD FC F3                 call  readBytePanel
 27+  F0A5 91                       sub   c
 28+  F0A6
 29+  F0A6                          ; Рассчиытваем координату X (точнее, адрес)
 30+  F0A6 26 91                    ld    h, 90h + (P_FILE_LIST_X1 * 2 / 8)
 31+  F0A8 FE 12                    cp    FILE_LIST_SIZE/2
 32+  F0AA DA B1 F0                 jp c, drawCursor_1
 33+  F0AD D6 12                    sub   FILE_LIST_SIZE/2
 34+  F0AF 26 9D                    ld    h, 90h + (P_FILE_LIST_X2 * 2 / 8)
 35+  F0B1
 36+  F0B1              drawCursor_1:
 37+  F0B1                          ; Рассчиытваем координату Y (точнее, адрес)
 38+  F0B1                          ; a = a * 10 + P_FILE_LIST_Y - 8
 39+  F0B1 87                       add   a, a
 40+  F0B2 4F                       ld    c, a
 41+  F0B3 87                       add   a, a
 42+  F0B4 87                       add   a, a
 43+  F0B5 81                       add   a, c
 44+  F0B6 C6 18                    add   P_FILE_LIST_Y - 8
 45+  F0B8 6F                       ld    l, a
 46+  F0B9
 47+  F0B9                          ; Ширина курсора в байтах, высота в пикселях
 48+  F0B9 01 0A 0A                 ld    bc, (10 << 8) + 10
 49+  F0BC
 50+  F0BC                          ; Если правая панель, сдвигаем курсор на пол экрана
 51+  F0BC              drawCursor_2:
 52+  F0BC 3A 4E F7                 ld    a, (state.activePanel)
 53+  F0BF A7                       and   a
 54+  F0C0 CA C5 F0                 jp z, drawCursor_3
 55+  F0C3 3E 18                    ld    a, 18h
 56+  F0C5              drawCursor_3:
 57+  F0C5 84                       add   a, h
 58+  F0C6 67                       ld    h, a
 59+  F0C7
 60+  F0C7                          ; Рисуем курсор (hl = адрес, b = ширина, c = высота)
 61+  F0C7 CD 1D F1                 call  inverseRect
 62+  F0CA C9                       ret
 63+  F0CB
 64+  F0CB              ; ---------------------------------------------------------------------------
 65+  F0CB
 66+  F0CB                  IF ENABLE_COLOR==0
 67+  F0CB ~            drawCursor_0:
 68+  F0CB ~                        ld    hl, 92D6h
 69+  F0CB ~                        ld    b, 2
 70+  F0CB ~                        jp    drawCursor_2
 71+  F0CB                  ENDIF
 72+  F0CB
# file closed: D:\Projects\Specialist-OS\source\nc\drawCursor.inc
120   F0CB                  INCLUDE "printInfoLine.inc"
# file opened: D:\Projects\Specialist-OS\source\nc\printInfoLine.inc
  1+  F0CB              ;----------------------------------------------------------------------------
  2+  F0CB              ; MXOS NC.COM
  3+  F0CB              ; Вывод инфомарции о файле внизу окна
  4+  F0CB              ;
  5+  F0CB              ; 2013-12-18 Дизассемблировано vinxru
  6+  F0CB              ;----------------------------------------------------------------------------
  7+  F0CB
  8+  F0CB              printInfoLine:
  9+  F0CB                      ; Если файлов нет, выходим
 10+  F0CB 21 53 F7             ld      hl, state.panelA_filesCnt
 11+  F0CE CD FC F3             call    readBytePanel
 12+  F0D1 A7                   and     a
 13+  F0D2 C8                   ret z
 14+  F0D3
 15+  F0D3                      COLOR   COLOR_INFOLINE
 15+  F0D3             >        IF ENABLE_COLOR
 15+  F0D3 3E B1       >            ld a, COLOR_INFOLINE
 15+  F0D5 32 F8 FF    >            ld (IO_COLOR), a
 15+  F0D8             >        ENDIF
 16+  F0D8
 17+  F0D8 21 DE 0F             ld      hl, (P_FILE_NAME_X << 8) + P_FILE_NAME_Y
 18+  F0DB CD 34 F4             call    setCursorPosPanel
 19+  F0DE
 20+  F0DE                      ; ld      c, '\'
 21+  F0DE                      ; call    bios_printChar
 22+  F0DE
 23+  F0DE                      ; Устанавливаем hl на описатель файла
 24+  F0DE CD 31 F1             call    getSelectedFile
 25+  F0E1 E5                   push    hl
 26+  F0E2
 27+  F0E2                      ; Печатаем имя файла в компактном виде
 28+  F0E2 11 D3 F7             ld      de, vars.tempFileDescr  ; буфер
 29+  F0E5 CD DD F4             call    compactName
 30+  F0E8 21 D3 F7             ld      hl, vars.tempFileDescr
 31+  F0EB 06 0E                ld      b, FILE_NAME_LENGTH + 6 ; макс длина строки (name.ext + ' ' + терминатор)
 32+  F0ED 0E 14                ld      c, 20                   ; терминатор - пробел или меньше
 33+  F0EF CD 1E F4             call    printString2
 34+  F0F2
 35+  F0F2                      ; После имени файла, если оно короткое, надо напечатать
 36+  F0F2                      ; пробелы, чтобы стереть предыдущий текст. После работы
 37+  F0F2                      ; printString2 у нас в b как раз количество символов,
 38+  F0F2                      ; оставшихся до FILE_NAME_LENGTH + 6
 39+  F0F2 CD 86 F0     		call    printSpaces	; b - кол-во пробелов
 40+  F0F5
 41+  F0F5                      ; Смещаем курсор
 42+  F0F5 21 DE 39             ld      hl, (P_FILE_DATA_X << 8) + P_FILE_DATA_Y
 43+  F0F8 CD 34 F4             call    setCursorPosPanel
 44+  F0FB
 45+  F0FB                      ; Устанавливаем hl на поле адреса загрузки
 46+  F0FB E1                   pop     hl
 47+  F0FC E5                   push    hl
 48+  F0FD 01 0D 00             ld      bc, FILE_INFO.loadAddress + 1 ; bc = смещение
 49+  F100 09                   add     hl, bc
 50+  F101
 51+  F101                      ; Читаем старший и младший байты адреса загрузки
 52+  F101                      ; и тут же печатаем их в HEX форме
 53+  F101 7E                   ld      a, (hl)
 54+  F102 CD 15 C8             call    bios_printHexByte
 55+  F105 2B                   dec     hl
 56+  F106 7E                   ld      a, (hl)
 57+  F107 CD 15 C8             call    bios_printHexByte
 58+  F10A
 59+  F10A                      ; Смещаем курсор
 60+  F10A 0E 18        		LD 	    c, 18h  ; код символа "вправо"
 61+  F10C CD 09 C8     		call	bios_printChar
 62+  F10F
 63+  F10F                      ; Устанавливаем hl на поле размера файла
 64+  F10F E1                   pop     hl
 65+  F110 01 0E 00             ld      bc, FILE_INFO.size ; bc = смещение
 66+  F113 09                   add     hl, bc
 67+  F114
 68+  F114                      ; Читаем размер файла в de и печатаем в десятичной форме
 69+  F114 5E                   ld      e, (hl)
 70+  F115 23                   inc     hl
 71+  F116 56                   ld      d, (hl)
 72+  F117 13                   inc     de          ; в дескрипторе файла хранится размер-1
 73+  F118 06 20                ld      b, 20h
 74+  F11A C3 6C C8             jp      bios_printDecWord
 75+  F11D
# file closed: D:\Projects\Specialist-OS\source\nc\printInfoLine.inc
121   F11D                  INCLUDE "inverseRect.inc"
# file opened: D:\Projects\Specialist-OS\source\nc\inverseRect.inc
  1+  F11D              ;----------------------------------------------------------------------------
  2+  F11D              ; MXOS NC.COM
  3+  F11D              ; Инвертирвоание прямоугольной области на экране
  4+  F11D              ;
  5+  F11D              ; вход:
  6+  F11D              ;   hl = адрес
  7+  F11D              ;   b = ширина в байтах
  8+  F11D              ;   c = высота всегда
  9+  F11D              ;
 10+  F11D              ; 2013-12-18 Дизассемблировано vinxru
 11+  F11D              ;----------------------------------------------------------------------------
 12+  F11D
 13+  F11D              inverseRect:
 14+  F11D D5                       push    de
 15+  F11E 59                       ld      e, c
 16+  F11F
 17+  F11F                          ; Цикл по горизонтали
 18+  F11F 4B           ir_loop_x:  ld      c, e    ; c = высота
 19+  F120 E5                       push    hl
 20+  F121
 21+  F121                          ; Цикл по вертикали
 22+  F121 7E           ir_loop_y:  ld      a, (hl)
 23+  F122 2F                       cpl
 24+  F123 77                       ld      (hl), a
 25+  F124
 26+  F124                          ; Повтор цикла по вертикали
 27+  F124 23                       inc     hl
 28+  F125 0D                       dec     c
 29+  F126 C2 21 F1                 jp nz,  ir_loop_y
 30+  F129
 31+  F129                          ; Повтор цикла по горизонтали
 32+  F129 E1                       pop     hl
 33+  F12A 24                       inc     h
 34+  F12B 05                       dec     b
 35+  F12C C2 1F F1                 jp nz,  ir_loop_x
 36+  F12F
 37+  F12F D1                       pop     de
 38+  F130 C9                       ret
 39+  F131
# file closed: D:\Projects\Specialist-OS\source\nc\inverseRect.inc
122   F131                  INCLUDE "getSelectedFile.inc"
# file opened: D:\Projects\Specialist-OS\source\nc\getSelectedFile.inc
  1+  F131              ;----------------------------------------------------------------------------
  2+  F131              ; MXOS NC.COM
  3+  F131              ; Получить информацию о выбранном файле (FILE_INFO)
  4+  F131              ;
  5+  F131              ; выход:
  6+  F131              ;   hl - адрес структуры FILE_INFO
  7+  F131              ;
  8+  F131              ; 2013-12-18 Дизассемблировано vinxru
  9+  F131              ;----------------------------------------------------------------------------
 10+  F131
 11+  F131              getSelectedFile:
 12+  F131 D5                   push    de
 13+  F132
 14+  F132                      ; С какого файла начинается список файлов панели
 15+  F132 21 55 F7             ld      hl, state.panelA_firstFile
 16+  F135 CD FC F3             call    readBytePanel
 17+  F138 5F                   ld      e, a
 18+  F139
 19+  F139                      ; Номер текущего файла
 20+  F139 21 57 F7             ld      hl, state.panelA_curFile
 21+  F13C CD FC F3             call    readBytePanel
 22+  F13F 93                   sub     e
 23+  F140
 24+  F140                      ; Адрес описателя текущего файла в буфере:
 25+  F140                      ; hl = FILE_LIST_BUFFER + FILE_INFO_SIZE * curFile[state.activePanel];
 26+  F140
 27+  F140 21 10 00             ld      hl, FILE_INFO_SIZE
 28+  F143 5F                   ld      e, a
 29+  F144 16 00                ld      d, 0
 30+  F146 CD 84 C8             call    bios_mul_hl_de
 31+  F149
 32+  F149 11 F3 F7             ld      de, FILE_LIST_BUFFER
 33+  F14C 19                   add     hl, de
 34+  F14D
 35+  F14D D1                   pop     de
 36+  F14E C9                   ret
 37+  F14F
# file closed: D:\Projects\Specialist-OS\source\nc\getSelectedFile.inc
123   F14F                  INCLUDE "loadAndPrint.inc"
# file opened: D:\Projects\Specialist-OS\source\nc\loadAndPrint.inc
  1+  F14F              ;----------------------------------------------------------------------------
  2+  F14F              ; MXOS NC.COM
  3+  F14F              ; Загрузить файлы и нарисовать
  4+  F14F              ;
  5+  F14F              ; 2013-12-18 Дизассемблировано vinxru
  6+  F14F              ;----------------------------------------------------------------------------
  7+  F14F
  8+  F14F              loadAndPrintB:
  9+  F14F                          ; Времено меняем активную панель на правую
 10+  F14F 3A 4E F7                 ld      a, (state.activePanel)
 11+  F152 F5                       push    af
 12+  F153 3E 01                    ld      a, 1
 13+  F155 32 4E F7                 ld      (state.activePanel),a
 14+  F158
 15+  F158                          ; Переходим к общему коду
 16+  F158 3A 50 F7                 ld      a, (state.panelB_info)
 17+  F15B C3 6A F1                 jp      loadAndPrint
 18+  F15E
 19+  F15E              ; ---------------------------------------------------------------------------
 20+  F15E
 21+  F15E              loadAndPrintA:
 22+  F15E                          ; Времено меняем активную панель на левую
 23+  F15E 3A 4E F7                 ld      a, (state.activePanel)
 24+  F161 F5                       push    af
 25+  F162 3E 00                    ld      a, 0
 26+  F164 32 4E F7                 ld      (state.activePanel),a
 27+  F167
 28+  F167                          ; Панель видима?
 29+  F167 3A 4F F7                 ld      a, (state.panelA_info)
 30+  F16A
 31+  F16A              loadAndPrint:
 32+  F16A A7                       and     a
 33+  F16B C2 74 F1                 jp nz,  loadAndPrint_2
 34+  F16E
 35+  F16E                          ; Выводим список файлов
 36+  F16E CD 39 F3                 call    redrawFilePanel
 37+  F171
 38+  F171 C3 77 F1                 jp      loadAndPrint_3
 39+  F174
 40+  F174              ; ---------------------------------------------------------------------------
 41+  F174
 42+  F174              loadAndPrint_2:   ; Рисуем панель информации
 43+  F174 CD A3 F1                 call    printInfoPanel
 44+  F177
 45+  F177              loadAndPrint_3:   ; Восстанавливаем активную панель
 46+  F177 F1                       pop     af
 47+  F178 32 4E F7                 ld      (state.activePanel),a
 48+  F17B
 49+  F17B                          ; Загружаем список файлов
 50+  F17B 21 51 F7                 ld      hl, state.panelA_drive
 51+  F17E CD FC F3                 call    readBytePanel
 52+  F181 CD 85 F1                 call    loadFiles   ; На входе a должен содержать номер накопителя
 53+  F184 C9                       ret
 54+  F185
# file closed: D:\Projects\Specialist-OS\source\nc\loadAndPrint.inc
124   F185                  INCLUDE "loadFiles.inc"
# file opened: D:\Projects\Specialist-OS\source\nc\loadFiles.inc
  1+  F185              ;----------------------------------------------------------------------------
  2+  F185              ; MXOS NC.COM
  3+  F185              ; Загрузить список файлов с накопителя
  4+  F185              ;
  5+  F185              ; вход:
  6+  F185              ;   a = номер накопителя
  7+  F185              ;
  8+  F185              ; 2013-12-18 Дизассемблировано vinxru
  9+  F185              ; 2022-02-16 Доработано SpaceEngineer
 10+  F185              ;----------------------------------------------------------------------------
 11+  F185
 12+  F185              loadFiles:  ; Получение спика файлов в буфере
 13+  F185
 14+  F185 1E 01                    ld      e, 1
 15+  F187 CD 42 C8                 call    bios_fileGetSetDrive  ; устанавливем активные накопитель
 16+  F18A
 17+  F18A                          ; bc = файл, с которого начинается спосок файлов панели
 18+  F18A 21 55 F7                 ld      hl, state.panelA_firstFile
 19+  F18D CD FC F3                 call    readBytePanel
 20+  F190 4F                       ld      c, a
 21+  F191 06 00                    ld      b, 0    ; считаем, что файлов в каталоге меньше 256
 22+  F193
 23+  F193                          ; Получаем список файлов в буфере и общее
 24+  F193                          ; количество файлов в каталоге в de
 25+  F193 21 F3 F7                 ld      hl, FILE_LIST_BUFFER  ; адрес буфера
 26+  F196 11 24 00                 ld      de, FILE_LIST_SIZE    ; размер буфера
 27+  F199 CD 3F C8                 call    bios_fileList
 28+  F19C
 29+  F19C                          ; Сохранение количествава файлов
 30+  F19C 7B                       ld      a, e                ; считаем, что файлов в каталоге меньше 256
 31+  F19D 21 53 F7                 ld      hl, state.panelA_filesCnt
 32+  F1A0 C3 EB F3                 jp      writeBytePanel
 33+  F1A3
# file closed: D:\Projects\Specialist-OS\source\nc\loadFiles.inc
125   F1A3                  INCLUDE "printInfoPanel.inc"
# file opened: D:\Projects\Specialist-OS\source\nc\printInfoPanel.inc
  1+  F1A3              ;----------------------------------------------------------------------------
  2+  F1A3              ; MXOS NC.COM
  3+  F1A3              ; Рисование информационной панели
  4+  F1A3              ;
  5+  F1A3              ; 2013-12-18 Дизассемблировано vinxru
  6+  F1A3              ;----------------------------------------------------------------------------
  7+  F1A3
  8+  F1A3              printInfoPanel:
  9+  F1A3                          COLOR   COLOR_BORDER
  9+  F1A3             >        IF ENABLE_COLOR
  9+  F1A3 3E F1       >            ld a, COLOR_BORDER
  9+  F1A5 32 F8 FF    >            ld (IO_COLOR), a
  9+  F1A8             >        ENDIF
 10+  F1A8
 11+  F1A8                          ; Рисуем панель
 12+  F1A8 21 17 F7                 ld      hl, g_infoPanel
 13+  F1AB CD 47 F4                 call    draw
 14+  F1AE
 15+  F1AE                          COLOR   COLOR_INFOHEADER
 15+  F1AE             >        IF ENABLE_COLOR
 15+  F1AE 3E E1       >            ld a, COLOR_INFOHEADER
 15+  F1B0 32 F8 FF    >            ld (IO_COLOR), a
 15+  F1B3             >        ENDIF
 16+  F1B3
 17+  F1B3                          ; Печать "COMMANDER VERSION XXX"
 18+  F1B3 21 10 11                 ld      hl, 1110h
 19+  F1B6 CD 34 F4                 call    setCursorPosPanel
 20+  F1B9 21 AA F5                 ld      hl, aCommanderVer
 21+  F1BC CD 18 C8                 call    bios_printString
 22+  F1BF
 23+  F1BF                          ; Печать "(C) OMSK 1992"
 24+  F1BF                          ;ld      hl, 1D1Ah
 25+  F1BF 21 1A 0E                 ld      hl, 0E1Ah
 26+  F1C2 CD 34 F4                 call    setCursorPosPanel
 27+  F1C5 21 C0 F5                 ld      hl, aCopyright
 28+  F1C8 CD 18 C8                 call    bios_printString
 29+  F1CB
 30+  F1CB                          ; Положение курсора
 31+  F1CB 21 30 0B                 ld      hl, 0B30h
 32+  F1CE CD 34 F4                 call    setCursorPosPanel
 33+  F1D1
 34+  F1D1                          ; Общий объем ОЗУ
 35+  F1D1 11 E0 FF                 ld      de, 65504   ; Специалист-MX/MX2
 36+  F1D4
 37+  F1D4                          ; Печать "XXXX BYTES MEMORY"
 38+  F1D4                          COLOR   COLOR_INFONUMBER
 38+  F1D4             >        IF ENABLE_COLOR
 38+  F1D4 3E E1       >            ld a, COLOR_INFONUMBER
 38+  F1D6 32 F8 FF    >            ld (IO_COLOR), a
 38+  F1D9             >        ENDIF
 39+  F1D9 06 20                    ld      b, 20h
 40+  F1DB CD 6C C8                 call    bios_printDecWord
 41+  F1DE                          COLOR   COLOR_INFOTEXT
 41+  F1DE             >        IF ENABLE_COLOR
 41+  F1DE 3E F1       >            ld a, COLOR_INFOTEXT
 41+  F1E0 32 F8 FF    >            ld (IO_COLOR), a
 41+  F1E3             >        ENDIF
 42+  F1E3 21 5D F6                 ld      hl, aKBytesMemory
 43+  F1E6 CD 18 C8                 call    bios_printString
 44+  F1E9
 45+  F1E9                          ; Положение курсора
 46+  F1E9 21 3C 0B                 ld      hl, 0B3Ch
 47+  F1EC CD 34 F4                 call    setCursorPosPanel
 48+  F1EF
 49+  F1EF                          ; Свободный объем ОЗУ
 50+  F1EF CD 30 C8                 call    bios_getMemTop
 51+  F1F2 23                       inc     hl  ; сободно на 1 байт больше, чем memTop
 52+  F1F3 EB                       ex      hl, de
 53+  F1F4
 54+  F1F4                          ; Печать "XXXX BYTES FREE"
 55+  F1F4                          COLOR   COLOR_INFONUMBER
 55+  F1F4             >        IF ENABLE_COLOR
 55+  F1F4 3E E1       >            ld a, COLOR_INFONUMBER
 55+  F1F6 32 F8 FF    >            ld (IO_COLOR), a
 55+  F1F9             >        ENDIF
 56+  F1F9 06 20                    ld      b, 20h
 57+  F1FB CD 6C C8                 call    bios_printDecWord
 58+  F1FE                          COLOR   COLOR_INFOTEXT
 58+  F1FE             >        IF ENABLE_COLOR
 58+  F1FE 3E F1       >            ld a, COLOR_INFOTEXT
 58+  F200 32 F8 FF    >            ld (IO_COLOR), a
 58+  F203             >        ENDIF
 59+  F203 21 6B F6                 ld      hl, aKBytesFree
 60+  F206 CD 18 C8                 call    bios_printString
 61+  F209
 62+  F209                          ; Положение курсора
 63+  F209 21 48 05                 ld      hl, 0548h
 64+  F20C CD 34 F4                 call    setCursorPosPanel
 65+  F20F
 66+  F20F                          ; Общий объем ДОЗУ в кб
 67+  F20F 3A F8 8F                 ld      a, (bios_vars.ramPageCount)
 68+  F212                          ; hl = a * 256
 69+  F212 67                       ld      h, a
 70+  F213 2E 00                    ld      l, 0
 71+  F215                          ; hl = hl / 4
 72+  F215 CD 81 C8                 call    bios_div_hl_2
 73+  F218 CD 81 C8                 call    bios_div_hl_2
 74+  F21B EB                       ex      hl, de
 75+  F21C
 76+  F21C                          ; Печать "XXXX KB EXTENDED MEMORY"
 77+  F21C                          COLOR   COLOR_INFONUMBER
 77+  F21C             >        IF ENABLE_COLOR
 77+  F21C 3E E1       >            ld a, COLOR_INFONUMBER
 77+  F21E 32 F8 FF    >            ld (IO_COLOR), a
 77+  F221             >        ENDIF
 78+  F221 06 20                    ld      b, 20h
 79+  F223 CD 6C C8                 call    bios_printDecWord
 80+  F226                          COLOR   COLOR_INFOTEXT
 80+  F226             >        IF ENABLE_COLOR
 80+  F226 3E F1       >            ld a, COLOR_INFOTEXT
 80+  F228 32 F8 FF    >            ld (IO_COLOR), a
 80+  F22B             >        ENDIF
 81+  F22B 21 49 F6                 ld      hl, aKBytesExtMemory
 82+  F22E CD 18 C8                 call    bios_printString
 83+  F231
 84+  F231                          ; Получить размер диска
 85+  F231 06 03                    ld      b, 3    ; режим
 86+  F233 CD 63 C8                 call    bios_diskDriver             ; de = количество кластеров на диске, hl = адрес DISK_INFO
 87+  F236 22 68 F7                 ld      (vars.diskInfoPtr), hl   ; cохраним адрес структуры DISK_INFO
 88+  F239
 89+  F239                          ; Проверяем, распознан ли диск
 90+  F239 01 22 00                 ld      bc, DISK_INFO.isValid
 91+  F23C 09                       add     hl, bc                  ; hl = адрес поля isValid
 92+  F23D 7E                       ld      a, (hl)                 ; a = isValid
 93+  F23E FE 02                    cp      DISK_VALID              ; если значение меньше, чем DISK_VALID (2)
 94+  F240 DA 15 F3                 jp c,   pip_printDiskError      ; то переходим сюда
 95+  F243
 96+  F243                          ;---------------------------------------------------------
 97+  F243
 98+  F243              pip_printDiskInfo:
 99+  F243                          ; Положение курсора
100+  F243 21 5C 05                 ld      hl, 055Ch
101+  F246 CD 34 F4                 call    setCursorPosPanel
102+  F249
103+  F249                          ; Считаем объем в килобайтах
104+  F249                          ; de = de * 256 / 1024 = hl / 4
105+  F249 EB                       ex      hl, de
106+  F24A CD 81 C8                 call    bios_div_hl_2
107+  F24D CD 81 C8                 call    bios_div_hl_2
108+  F250 EB                       ex      hl, de
109+  F251 D5                       push    de  ; в стеке - объем диска в кб
110+  F252
111+  F252                          ; Печать "XXXX KBYTES TOTAL ON DRIVE A:"
112+  F252                          COLOR   COLOR_INFONUMBER
112+  F252             >        IF ENABLE_COLOR
112+  F252 3E E1       >            ld a, COLOR_INFONUMBER
112+  F254 32 F8 FF    >            ld (IO_COLOR), a
112+  F257             >        ENDIF
113+  F257 06 20                    ld      b, 20h
114+  F259 CD 6C C8                 call    bios_printDecWord
115+  F25C                          COLOR   COLOR_INFOTEXT
115+  F25C             >        IF ENABLE_COLOR
115+  F25C 3E F1       >            ld a, COLOR_INFOTEXT
115+  F25E 32 F8 FF    >            ld (IO_COLOR), a
115+  F261             >        ENDIF
116+  F261 21 77 F6                 ld      hl, aKBytesTotalOnDrv
117+  F264 CD 18 C8                 call    bios_printString
118+  F267                          COLOR   COLOR_INFONUMBER
118+  F267             >        IF ENABLE_COLOR
118+  F267 3E E1       >            ld a, COLOR_INFONUMBER
118+  F269 32 F8 FF    >            ld (IO_COLOR), a
118+  F26C             >        ENDIF
119+  F26C CD DB F3                 call    printCurDrive
120+  F26F                          COLOR   COLOR_INFOTEXT
120+  F26F             >        IF ENABLE_COLOR
120+  F26F 3E F1       >            ld a, COLOR_INFOTEXT
120+  F271 32 F8 FF    >            ld (IO_COLOR), a
120+  F274             >        ENDIF
121+  F274
122+  F274                          ; Положение курсора
123+  F274 21 98 0B                 ld      hl, 0B98h
124+  F277 CD 34 F4                 call    setCursorPosPanel
125+  F27A
126+  F27A                          ; Печать "Volume label: XXXXXXXXXXX"
127+  F27A                          COLOR   COLOR_INFOTEXT
127+  F27A             >        IF ENABLE_COLOR
127+  F27A 3E F1       >            ld a, COLOR_INFOTEXT
127+  F27C 32 F8 FF    >            ld (IO_COLOR), a
127+  F27F             >        ENDIF
128+  F27F 21 B3 F6                 ld      hl, aVolumeLabel
129+  F282 CD 18 C8                 call    bios_printString
130+  F285                          COLOR   COLOR_INFONUMBER
130+  F285             >        IF ENABLE_COLOR
130+  F285 3E E1       >            ld a, COLOR_INFONUMBER
130+  F287 32 F8 FF    >            ld (IO_COLOR), a
130+  F28A             >        ENDIF
131+  F28A                          ; hl = адрес поля v_diskInfo.volumeLabel
132+  F28A 2A 68 F7                 ld      hl, (vars.diskInfoPtr)
133+  F28D 11 16 00                 ld      de, DISK_INFO.volumeLabel
134+  F290 19                       add     hl, de
135+  F291 CD 18 C8                 call    bios_printString
136+  F294
137+  F294                          ; Положение курсора
138+  F294 21 68 05                 ld      hl, 0568h
139+  F297 CD 34 F4                 call    setCursorPosPanel
140+  F29A
141+  F29A                          ; Подсчет свободного места на диске.
142+  F29A                          ; Эта п/п может работать довольно долго,
143+  F29A                          ; в зависимости от размера fat на диске
144+  F29A                          ; Результат: de = количество свободных кластеров
145+  F29A CD 72 C8                 call    bios_getDriveFreeSpace
146+  F29D
147+  F29D                          ; Считаем объем в килобайтах
148+  F29D                          ; hl = hl * 256 / 1024 = hl / 4
149+  F29D EB                       ex      hl, de
150+  F29E CD 81 C8                 call    bios_div_hl_2
151+  F2A1 CD 81 C8                 call    bios_div_hl_2
152+  F2A4 EB                       ex      hl, de
153+  F2A5 D5                       push    de  ; в стеке - объем свободного места в кб
154+  F2A6
155+  F2A6                          ; Печать "XXXX KBYTES FREE ON DRIVE A:"
156+  F2A6                          COLOR   COLOR_INFONUMBER
156+  F2A6             >        IF ENABLE_COLOR
156+  F2A6 3E E1       >            ld a, COLOR_INFONUMBER
156+  F2A8 32 F8 FF    >            ld (IO_COLOR), a
156+  F2AB             >        ENDIF
157+  F2AB 06 20                    ld      b, 20h
158+  F2AD CD 6C C8                 call    bios_printDecWord
159+  F2B0                          COLOR   COLOR_INFOTEXT
159+  F2B0             >        IF ENABLE_COLOR
159+  F2B0 3E F1       >            ld a, COLOR_INFOTEXT
159+  F2B2 32 F8 FF    >            ld (IO_COLOR), a
159+  F2B5             >        ENDIF
160+  F2B5 21 8B F6                 ld      hl, aKBytesFreeOnDrv
161+  F2B8 CD 18 C8                 call    bios_printString
162+  F2BB                          COLOR   COLOR_INFONUMBER
162+  F2BB             >        IF ENABLE_COLOR
162+  F2BB 3E E1       >            ld a, COLOR_INFONUMBER
162+  F2BD 32 F8 FF    >            ld (IO_COLOR), a
162+  F2C0             >        ENDIF
163+  F2C0 CD DB F3                 call    printCurDrive
164+  F2C3
165+  F2C3                          ; Положение курсора
166+  F2C3 21 74 05                 ld      hl, 0574h
167+  F2C6 CD 34 F4                 call    setCursorPosPanel
168+  F2C9
169+  F2C9                          ; de = кол-во файлов
170+  F2C9 21 53 F7                 ld      hl, state.panelA_filesCnt
171+  F2CC 3A 4E F7                 ld      a, (state.activePanel)
172+  F2CF A7                       and     a
173+  F2D0 C2 D4 F2                 jp nz,  pip_filesPresent
174+  F2D3 23                       inc     hl
175+  F2D4              pip_filesPresent:
176+  F2D4 5E                       ld      e, (hl)
177+  F2D5 16 00                    ld      d, 0
178+  F2D7
179+  F2D7                          ; Печать "XX FILES USE"
180+  F2D7                          COLOR   COLOR_INFONUMBER
180+  F2D7             >        IF ENABLE_COLOR
180+  F2D7 3E E1       >            ld a, COLOR_INFONUMBER
180+  F2D9 32 F8 FF    >            ld (IO_COLOR), a
180+  F2DC             >        ENDIF
181+  F2DC 06 20                    ld      b, 20h
182+  F2DE CD 6C C8                 call    bios_printDecWord
183+  F2E1                          COLOR   COLOR_INFOTEXT
183+  F2E1             >        IF ENABLE_COLOR
183+  F2E1 3E F1       >            ld a, COLOR_INFOTEXT
183+  F2E3 32 F8 FF    >            ld (IO_COLOR), a
183+  F2E6             >        ENDIF
184+  F2E6 21 9F F6                 ld      hl, aFilesUse
185+  F2E9 CD 18 C8                 call    bios_printString
186+  F2EC
187+  F2EC D1                       pop     de  ; из стека - объем свободного места в кб
188+  F2ED E1                       pop     hl  ; из стека - объем диска в кб
189+  F2EE CD 7E C8                 call    bios_sub_hl_de
190+  F2F1 EB                       ex      hl, de
191+  F2F2
192+  F2F2                          ; Печать "XXXX BYTES IN"
193+  F2F2                          COLOR   COLOR_INFONUMBER
193+  F2F2             >        IF ENABLE_COLOR
193+  F2F2 3E E1       >            ld a, COLOR_INFONUMBER
193+  F2F4 32 F8 FF    >            ld (IO_COLOR), a
193+  F2F7             >        ENDIF
194+  F2F7 06 00                    ld      b, 0    ; не дополнять пробелами
195+  F2F9 CD 6C C8                 call    bios_printDecWord
196+  F2FC                          COLOR   COLOR_INFOTEXT
196+  F2FC             >        IF ENABLE_COLOR
196+  F2FC 3E F1       >            ld a, COLOR_INFOTEXT
196+  F2FE 32 F8 FF    >            ld (IO_COLOR), a
196+  F301             >        ENDIF
197+  F301 21 AB F6                 ld      hl, aKBytesIn
198+  F304 CD 18 C8                 call    bios_printString
199+  F307
200+  F307                          ; Положение курсора
201+  F307 21 80 2C                 ld      hl, 2C80h
202+  F30A CD 34 F4                 call    setCursorPosPanel
203+  F30D
204+  F30D                          ; Печать "A:"
205+  F30D                          ; Здесь будет печататься путь к текущей папке...
206+  F30D                          COLOR   COLOR_INFONUMBER
206+  F30D             >        IF ENABLE_COLOR
206+  F30D 3E E1       >            ld a, COLOR_INFONUMBER
206+  F30F 32 F8 FF    >            ld (IO_COLOR), a
206+  F312             >        ENDIF
207+  F312 C3 DB F3                 jp      printCurDrive
208+  F315
209+  F315                          ; ^^^ выход
210+  F315
211+  F315                          ;---------------------------------------------------------
212+  F315
213+  F315              pip_printDiskError:
214+  F315                          ; Панель без драйвера теперь недостижима: выбор дисков и
215+  F315                          ; начальная инициализация оставляют только установленные драйверы.
216+  F315
217+  F315                          ; Положение курсора
218+  F315 21 5C 0B                 ld      hl, 0B5Ch
219+  F318 CD 34 F4                 call    setCursorPosPanel
220+  F31B
221+  F31B                          ; Печать "DRIVE A: IS NOT FORMATTED"
222+  F31B                          COLOR   COLOR_INFOTEXT
222+  F31B             >        IF ENABLE_COLOR
222+  F31B 3E F1       >            ld a, COLOR_INFOTEXT
222+  F31D 32 F8 FF    >            ld (IO_COLOR), a
222+  F320             >        ENDIF
223+  F320 21 C2 F6                 ld      hl, aDrive
224+  F323 CD 18 C8                 call    bios_printString
225+  F326                          COLOR   COLOR_INFONUMBER
225+  F326             >        IF ENABLE_COLOR
225+  F326 3E E1       >            ld a, COLOR_INFONUMBER
225+  F328 32 F8 FF    >            ld (IO_COLOR), a
225+  F32B             >        ENDIF
226+  F32B CD DB F3                 call    printCurDrive
227+  F32E                          COLOR   COLOR_INFOTEXT
227+  F32E             >        IF ENABLE_COLOR
227+  F32E 3E F1       >            ld a, COLOR_INFOTEXT
227+  F330 32 F8 FF    >            ld (IO_COLOR), a
227+  F333             >        ENDIF
228+  F333 21 C9 F6                 ld      hl, aNotFormatted
229+  F336 C3 18 C8                 jp      bios_printString
230+  F339
231+  F339                          ; ^^^ выход
232+  F339
# file closed: D:\Projects\Specialist-OS\source\nc\printInfoPanel.inc
126   F339                  INCLUDE "printFilePanel.inc"
# file opened: D:\Projects\Specialist-OS\source\nc\printFilePanel.inc
  1+  F339              ;----------------------------------------------------------------------------
  2+  F339              ; MXOS NC.COM
  3+  F339              ; Вывод списка файлов на панель
  4+  F339              ;
  5+  F339              ; 2013-12-18 Дизассемблировано vinxru
  6+  F339              ;----------------------------------------------------------------------------
  7+  F339
  8+  F339              ;----------------------------------------------------------------------------
  9+  F339              ; Перерисовка всей панели
 10+  F339
 11+  F339              redrawFilePanel:
 12+  F339                      COLOR   COLOR_BORDER
 12+  F339             >        IF ENABLE_COLOR
 12+  F339 3E F1       >            ld a, COLOR_BORDER
 12+  F33B 32 F8 FF    >            ld (IO_COLOR), a
 12+  F33E             >        ENDIF
 13+  F33E
 14+  F33E                      ; Рисование панели
 15+  F33E 21 06 F7             ld      hl, g_filePanel
 16+  F341 CD 47 F4             call    draw
 17+  F344
 18+  F344                      ; Вывод буквы диска
 19+  F344                      COLOR   COLOR_INFOLINE
 19+  F344             >        IF ENABLE_COLOR
 19+  F344 3E B1       >            ld a, COLOR_INFOLINE
 19+  F346 32 F8 FF    >            ld (IO_COLOR), a
 19+  F349             >        ENDIF
 20+  F349 21 51 F7             ld      hl, state.panelA_drive
 21+  F34C CD FC F3             call    readBytePanel
 22+  F34F 21 DE 09             ld      hl, (P_DRIVE_LETTER_X << 8) + P_DRIVE_LETTER_Y
 23+  F352 CD 34 F4             call    setCursorPosPanel
 24+  F355 CD E0 F3             call    printDrive
 25+  F358
 26+  F358                      ; Вывод NAME
 27+  F358                  IF FULL_PANELS==0
 28+  F358                      COLOR   COLOR_PANELNAME
 28+  F358             >        IF ENABLE_COLOR
 28+  F358 3E E1       >            ld a, COLOR_PANELNAME
 28+  F35A 32 F8 FF    >            ld (IO_COLOR), a
 28+  F35D             >        ENDIF
 29+  F35D 21 10 11             ld      hl, (P_NAME_X1 << 8) + P_NAME_Y
 30+  F360 CD 34 F4             call    setCursorPosPanel
 31+  F363 21 DB F6             ld      hl, aNameName
 32+  F366 CD 18 C8             call    bios_printString
 33+  F369
 34+  F369 21 10 41             ld      hl, (P_NAME_X2 << 8) + P_NAME_Y
 35+  F36C CD 34 F4             call    setCursorPosPanel
 36+  F36F 21 DB F6             ld      hl, aNameName
 37+  F372 CD 18 C8             call    bios_printString
 38+  F375                  ENDIF
 39+  F375
 40+  F375                      ; Выодим список файлов сверху вниз
 41+  F375 06 00                ld      b, 0
 42+  F377
 43+  F377              ;----------------------------------------------------------------------------
 44+  F377              ; Перерисовка списка файлов
 45+  F377              ; вход:
 46+  F377              ;   b - направление (0 - сверху вниз, 1 - снизу вверх)
 47+  F377
 48+  F377              printFilePanel:
 49+  F377                      ; Рисуем сверху вниз или снизу вверх?
 50+  F377 78                   ld      a, b
 51+  F378 B7                   or      a
 52+  F379 F5                   push    af
 53+  F37A
 54+  F37A                      ; Загрузка списка файлов
 55+  F37A 21 51 F7             ld      hl, state.panelA_drive
 56+  F37D CD FC F3             call    readBytePanel   ; a = номер накопителя
 57+  F380 CD 85 F1             call    loadFiles
 58+  F383
 59+  F383                      ; Цвет для печати списка файлов
 60+  F383                      COLOR   COLOR_FILE
 60+  F383             >        IF ENABLE_COLOR
 60+  F383 3E B1       >            ld a, COLOR_FILE
 60+  F385 32 F8 FF    >            ld (IO_COLOR), a
 60+  F388             >        ENDIF
 61+  F388
 62+  F388 F1                   pop     af
 63+  F389 C2 B4 F3             jp nz,  printFilesDownUp
 64+  F38C
 65+  F38C              ;----------------------------------------------------------------------------
 66+  F38C              ; Цикл печати сверху вниз
 67+  F38C
 68+  F38C              printFilesUpDown:
 69+  F38C                      ; Указатель списка файлов - на нулевой файл
 70+  F38C 21 F3 F7             ld      hl, FILE_LIST_BUFFER
 71+  F38F
 72+  F38F                      ; Положение курсора - на нулевой файл
 73+  F38F 11 20 06             ld      de, (P_FILE_LIST_X1 << 8) + P_FILE_LIST_Y
 74+  F392
 75+  F392              pfud_Loop:
 76+  F392                      ; Прерываем цикл по достижении конца списка файлов
 77+  F392                      ; (первый символ имени = FF)
 78+  F392 7E                   ld      a, (hl)
 79+  F393 3C                   inc     a
 80+  F394 C8                   ret z
 81+  F395
 82+  F395                      ; Установка положения курсора
 83+  F395 EB                   ex      de, hl
 84+  F396 CD 34 F4             call    setCursorPosPanel
 85+  F399 EB                   ex      de, hl
 86+  F39A
 87+  F39A                      ; Печать имени файла
 88+  F39A CD 08 F4             call    printFileNamOnPanel
 89+  F39D
 90+  F39D                      ; Следующий файл
 91+  F39D 01 10 00             ld      bc, FILE_INFO_SIZE
 92+  F3A0 09                   add     hl, bc
 93+  F3A1
 94+  F3A1                      ; Курсор на следующую строку
 95+  F3A1 7B                   ld      a, e
 96+  F3A2 C6 0A                add     10
 97+  F3A4 5F                   ld      e, a
 98+  F3A5
 99+  F3A5                      ; Курсор на следующий столбец
100+  F3A5 FE D4                cp      P_FILE_LIST_Y_MAX
101+  F3A7 DA 92 F3             jp c,   pfud_Loop
102+  F3AA 7A                   ld      a, d
103+  F3AB 11 20 36             ld      de, (P_FILE_LIST_X2 << 8) + P_FILE_LIST_Y
104+  F3AE FE 14                cp      20
105+  F3B0 DA 92 F3             jp c,   pfud_Loop
106+  F3B3
107+  F3B3 C9                   ret
108+  F3B4
109+  F3B4              ;----------------------------------------------------------------------------
110+  F3B4              ; Цикл печати снизу вверх
111+  F3B4
112+  F3B4              printFilesDownUp:
113+  F3B4                      ; Указатель списка файлов - на последний файл
114+  F3B4 21 23 FA             ld      hl, FILE_LIST_BUFFER + (FILE_LIST_SIZE-1) * FILE_INFO_SIZE
115+  F3B7
116+  F3B7                      ; Положение курсора - на последний файл
117+  F3B7 11 CA 36             ld      de, (P_FILE_LIST_X2 << 8) + P_FILE_LIST_Y_MAX - 10
118+  F3BA
119+  F3BA              pfdu_Loop:
120+  F3BA                      ; Установка положения курсора
121+  F3BA EB                   ex      de, hl
122+  F3BB CD 34 F4             call    setCursorPosPanel
123+  F3BE EB                   ex      de, hl
124+  F3BF
125+  F3BF                      ; Печать имени файла
126+  F3BF CD 08 F4             call    printFileNamOnPanel
127+  F3C2
128+  F3C2                      ; Предыдущий файл
129+  F3C2 C5                   push    bc
130+  F3C3 01 F0 FF             ld      bc, -FILE_INFO_SIZE
131+  F3C6 09                   add     hl, bc
132+  F3C7 C1                   pop     bc
133+  F3C8
134+  F3C8                      ; Курсор на предыдущую строку
135+  F3C8 7B                   ld      a, e
136+  F3C9 D6 0A                sub     10
137+  F3CB 5F                   ld      e, a
138+  F3CC
139+  F3CC                      ; Курсор на предыдущий столбец
140+  F3CC FE 20                cp      P_FILE_LIST_Y
141+  F3CE D2 BA F3             jp nc,  pfdu_Loop
142+  F3D1 7A                   ld      a, d
143+  F3D2 11 CA 06             ld      de, (P_FILE_LIST_X1 << 8) + P_FILE_LIST_Y_MAX - 10
144+  F3D5 FE 14                cp      20
145+  F3D7 D2 BA F3             jp nc,  pfdu_Loop
146+  F3DA
147+  F3DA C9                   ret
148+  F3DB
# file closed: D:\Projects\Specialist-OS\source\nc\printFilePanel.inc
127   F3DB                  INCLUDE "printCurDrive.inc"
# file opened: D:\Projects\Specialist-OS\source\nc\printCurDrive.inc
  1+  F3DB              ;----------------------------------------------------------------------------
  2+  F3DB              ; MXOS NC.COM
  3+  F3DB              ; Вывод текущего накопителя
  4+  F3DB              ;
  5+  F3DB              ; 2013-12-18 Дизассемблировано vinxru
  6+  F3DB              ;----------------------------------------------------------------------------
  7+  F3DB
  8+  F3DB              printCurDrive:    ; Узнаем активное устройство
  9+  F3DB 1E 02                    ld    e, 2
 10+  F3DD CD 42 C8                 call  bios_fileGetSetDrive
 11+  F3E0
 12+  F3E0              printDrive: ; Выводим его букву на экран
 13+  F3E0 C6 41                    add   a, 'A'
 14+  F3E2 4F                       ld    c, a
 15+  F3E3 CD 09 C8                 call  bios_printChar
 16+  F3E6
 17+  F3E6                          ; Выводим ':'
 18+  F3E6 0E 3A                    ld    c, ':'
 19+  F3E8 C3 09 C8                 jp    bios_printChar
 20+  F3EB
# file closed: D:\Projects\Specialist-OS\source\nc\printCurDrive.inc
128   F3EB                  INCLUDE "rwBytePanel.inc"
# file opened: D:\Projects\Specialist-OS\source\nc\rwBytePanel.inc
  1+  F3EB              ;----------------------------------------------------------------------------
  2+  F3EB              ; MXOS NC.COM
  3+  F3EB              ; Запись значения в переменную панели
  4+  F3EB              ; [hl + state.activePanel] = a
  5+  F3EB              ;
  6+  F3EB              ; вход:
  7+  F3EB              ;   hl = адрес переменной панели A (state.panelA_info, state.panelA_drive и т.п.)
  8+  F3EB              ;   a  = значение переменной
  9+  F3EB              ;
 10+  F3EB              ; 2013-12-18 Дизассемблировано vinxru
 11+  F3EB              ;----------------------------------------------------------------------------
 12+  F3EB
 13+  F3EB              writeBytePanel:
 14+  F3EB C5                       push  bc
 15+  F3EC E5                       push  hl
 16+  F3ED F5                       push  af
 17+  F3EE 4F                       ld    c, a
 18+  F3EF 3A 4E F7                 ld    a, (state.activePanel)
 19+  F3F2 A7                       and   a
 20+  F3F3 CA F7 F3                 jp z, loc_D97E
 21+  F3F6 23                       inc   hl
 22+  F3F7 71           loc_D97E:   ld    (hl), c
 23+  F3F8 F1                       pop   af
 24+  F3F9 E1                       pop   hl
 25+  F3FA C1                       pop   bc
 26+  F3FB C9                       ret
 27+  F3FC
 28+  F3FC              ;----------------------------------------------------------------------------
 29+  F3FC              ; MXOS NC.COM
 30+  F3FC              ; Чтение значения из переменной панели
 31+  F3FC              ; a = [hl + state.activePanel]
 32+  F3FC              ;
 33+  F3FC              ; вход:
 34+  F3FC              ;   hl = адрес переменной панели A (state.panelA_info, state.panelA_drive и т.п.)
 35+  F3FC              ;
 36+  F3FC              ; выход:
 37+  F3FC              ;   a = значение переменной
 38+  F3FC              ;
 39+  F3FC              ; 2013-12-18 Дизассемблировано vinxru
 40+  F3FC              ;----------------------------------------------------------------------------
 41+  F3FC
 42+  F3FC              readBytePanel:
 43+  F3FC E5                       push  hl
 44+  F3FD 3A 4E F7                 ld    a, (state.activePanel)
 45+  F400 A7                       and   a
 46+  F401 CA 05 F4                 jp z, loc_D98C
 47+  F404 23                       inc   hl
 48+  F405 7E           loc_D98C:   ld    a, (hl)
 49+  F406 E1                       pop   hl
 50+  F407 C9                       ret
 51+  F408
# file closed: D:\Projects\Specialist-OS\source\nc\rwBytePanel.inc
129   F408                  INCLUDE "printFileName.inc"
# file opened: D:\Projects\Specialist-OS\source\nc\printFileName.inc
  1+  F408              ;----------------------------------------------------------------------------
  2+  F408              ; MXOS NC.COM
  3+  F408              ; Вывод имени файла в обычном виде с точкой
  4+  F408              ;
  5+  F408              ; вход:
  6+  F408              ;   hl - адрес дескриптора файла
  7+  F408              ;
  8+  F408              ; выход:
  9+  F408              ;   hl - указывает на следующее за расширением поле в дескрипторе файла
 10+  F408              ;
 11+  F408              ; 2022-01-31 SpaceEngineer
 12+  F408              ;----------------------------------------------------------------------------
 13+  F408
 14+  F408              ;printFileName:
 15+  F408              ;        push  bc
 16+  F408              ;        ld    c, ' '               ; прерываем печать имени по пробелу
 17+  F408              ;        ld    b, FILE_NAME_LENGTH  ; длина имени
 18+  F408              ;        call  printString2
 19+  F408              ;        ld    c, '.'
 20+  F408              ;        call  bios_printChar       ; печатаем точку
 21+  F408              ;        ld    b, 3                 ; длина расширения
 22+  F408              ;        call  printString2
 23+  F408              ;        pop   bc
 24+  F408              ;        ret
 25+  F408              ;
 26+  F408
 27+  F408              ;----------------------------------------------------------------------------
 28+  F408              ; MXOS NC.COM
 29+  F408              ; Вывод имени файла - 8 символов, путое место, 3 символа.
 30+  F408              ; Короткие имена дополняются пробелами, чтобы стереть предыдущий текст.
 31+  F408              ; Выводит только реальные символы, чтобы не портить экран при
 32+  F408              ; неотформатированном или повреждённом диске.
 33+  F408              ;
 34+  F408              ; вход:
 35+  F408              ;   hl - адрес дескриптора файла
 36+  F408              ;
 37+  F408              ; 2022-02-16 SpaceEngineer
 38+  F408              ;----------------------------------------------------------------------------
 39+  F408
 40+  F408              printFileNamOnPanel:
 41+  F408 E5                   push    hl
 42+  F409 C5                   push    bc
 43+  F40A 01 00 08             ld      bc, FILE_NAME_LENGTH << 8   ; b = длина имени, с = 0 (без терминатора)
 44+  F40D CD 1E F4             call    printString2
 45+  F410 0E 18                ld      c, 18h                      ; курсор вправо
 46+  F412 CD 09 C8             call    bios_printChar
 47+  F415 01 00 03             ld      bc, 3 << 8                  ; b = длина расширения, с = 0 (без терминатора)
 48+  F418 CD 1E F4             call    printString2
 49+  F41B C1                   pop     bc
 50+  F41C E1                   pop     hl
 51+  F41D C9                   ret
 52+  F41E
# file closed: D:\Projects\Specialist-OS\source\nc\printFileName.inc
130   F41E                  INCLUDE "printString2.inc"
# file opened: D:\Projects\Specialist-OS\source\nc\printString2.inc
  1+  F41E              ;----------------------------------------------------------------------------
  2+  F41E              ; MXOS NC.COM
  3+  F41E              ; Вывод строки по адресу hl длиной b или до терминатора.
  4+  F41E              ; Выводит только реальные символы, чтобы не портить экран при
  5+  F41E              ; неотформатированном или повреждённом диске.
  6+  F41E              ;
  7+  F41E              ; вход:
  8+  F41E              ;   hl = адрес строки
  9+  F41E              ;   b  = макс. длина печати
 10+  F41E              ;   c  = терминатор
 11+  F41E              ;
 12+  F41E              ; выход:
 13+  F41E              ;   hl = адрес конца строки + 1
 14+  F41E              ;
 15+  F41E              ; 2022-01-31 SpaceEngineer
 16+  F41E              ;----------------------------------------------------------------------------
 17+  F41E
 18+  F41E              printString2:
 19+  F41E F5               push    af
 20+  F41F D5               push    de
 21+  F420
 22+  F420              printString2loop:
 23+  F420 7E               ld      a, (hl)
 24+  F421 B9               cp      c
 25+  F422 DA 31 F4         jp c,   printString2exit
 26+  F425
 27+  F425 C5               push    bc
 28+  F426 E5               push    hl
 29+  F427
 30+  F427 CD 69 C8         call    bios_printCharReal
 31+  F42A
 32+  F42A E1               pop     hl
 33+  F42B C1               pop     bc
 34+  F42C
 35+  F42C 23               inc     hl
 36+  F42D 05               dec     b
 37+  F42E C2 20 F4         jp nz,  printString2loop
 38+  F431
 39+  F431              printString2exit:
 40+  F431 D1               pop     de
 41+  F432 F1               pop     af
 42+  F433 C9               ret
 43+  F434
# file closed: D:\Projects\Specialist-OS\source\nc\printString2.inc
131   F434                  INCLUDE "setCursorPosPanel.inc"
# file opened: D:\Projects\Specialist-OS\source\nc\setCursorPosPanel.inc
  1+  F434              ;----------------------------------------------------------------------------
  2+  F434              ; MXOS NC.COM
  3+  F434              ; Установка положения курсора с учетом активной панели
  4+  F434              ; вход:
  5+  F434              ;   hl - координаты курсора на панели
  6+  F434              ;
  7+  F434              ; 2013-12-18 Дизассемблировано vinxru
  8+  F434              ;----------------------------------------------------------------------------
  9+  F434
 10+  F434              setCursorPosPanel:
 11+  F434                          ; Сохраняем регистры
 12+  F434 E5                       push  hl
 13+  F435 F5                       push  af
 14+  F436
 15+  F436 3A 4E F7                 ld    a, (state.activePanel)
 16+  F439 A7                       and   a
 17+  F43A CA 3F F4                 jp z, loc_D9BA
 18+  F43D 3E 60                    ld    a, 96       ; Половина экрана
 19+  F43F 84           loc_D9BA:   add   a, h
 20+  F440 67                       ld    h, a
 21+  F441 22 FC 8F                 ld    (bios_vars.cursorY), hl
 22+  F444
 23+  F444                          ; Восстанавливаем регистры
 24+  F444 F1                       pop   af
 25+  F445 E1                       pop   hl
 26+  F446 C9                       ret
 27+  F447
# file closed: D:\Projects\Specialist-OS\source\nc\setCursorPosPanel.inc
132   F447                  INCLUDE "draw.inc"
# file opened: D:\Projects\Specialist-OS\source\nc\draw.inc
  1+  F447              ;----------------------------------------------------------------------------
  2+  F447              ; MXOS NC.COM
  3+  F447              ; Рисование окошек
  4+  F447              ;
  5+  F447              ; 2013-12-18 Дизассемблировано vinxru
  6+  F447              ;----------------------------------------------------------------------------
  7+  F447
  8+  F447              draw:       ; Читаем 5 байт из hl в a, hl, c, b.
  9+  F447                          ; При этом de = hl+5
 10+  F447 7E                       ld    a, (hl)
 11+  F448 23                       inc   hl
 12+  F449 5E                       ld    e, (hl)
 13+  F44A 23                       inc   hl
 14+  F44B 56                       ld    d, (hl)
 15+  F44C 23                       inc   hl
 16+  F44D 4E                       ld    c, (hl)
 17+  F44E 23                       inc   hl
 18+  F44F 46                       ld    b, (hl)
 19+  F450 23                       inc   hl
 20+  F451 EB                       ex    de, hl
 21+  F452
 22+  F452                          ; Если a=0 (первый байт), то выйти
 23+  F452 A7                       and   a
 24+  F453 C8                       ret z
 25+  F454
 26+  F454                          ; Если не установлен 7-ой бит и активная панель правая, то X += 192
 27+  F454 FA 5A F4                 jp M, draw_0
 28+  F457 CD 86 F4                 call  activePanelPos
 29+  F45A              draw_0:
 30+  F45A
 31+  F45A                          ; Если a&0xF==3, то заполнить c байт памяти байтом b
 32+  F45A E6 0F                    and   0Fh
 33+  F45C FE 03                    cp    3
 34+  F45E CA 6D F4                 jp z, draw3
 35+  F461
 36+  F461                          ; Если a&0xF==1, то нарисовать веритикальную линию
 37+  F461                          ; b-первый байт, c-средняя длина, *de++ - последний байт
 38+  F461 FE 01                    cp    1
 39+  F463 CA 74 F4                 jp z, draw1
 40+  F466
 41+  F466                          ; Нарисовать окно
 42+  F466 CD 94 F4                 call  draw_window
 43+  F469
 44+  F469              draw_next:  ; hl=de и следующий цикл
 45+  F469 EB                       ex    de, hl
 46+  F46A C3 47 F4                 jp    draw
 47+  F46D
 48+  F46D              ; ---------------------------------------------------------------------------
 49+  F46D              ; Заполнить c байт памяти байтом b
 50+  F46D
 51+  F46D 78           draw3:      ld    a, b
 52+  F46E CD D6 F4                 call  memset_hl_a_c
 53+  F471 C3 69 F4                 jp    draw_next
 54+  F474
 55+  F474              ; ---------------------------------------------------------------------------
 56+  F474              ; Линия hl-адрес, b-первый байт, c-средняя длина, *de++ - последний байт
 57+  F474
 58+  F474              draw1:      ; *hl++ |= b
 59+  F474 78                       ld    a, b
 60+  F475 B6                       or    (hl)
 61+  F476 77                       ld    (hl), a
 62+  F477 24                       inc   h
 63+  F478
 64+  F478              loc_D9F3:
 65+  F478 36 FF                    ld    (hl), 0FFh
 66+  F47A 24                       inc   h
 67+  F47B 0D                       dec   c
 68+  F47C C2 78 F4                 jp nz, loc_D9F3
 69+  F47F
 70+  F47F                          ; hl |= *de++
 71+  F47F 1A                       ld    a, (de)
 72+  F480 13                       inc   de
 73+  F481 B6                       or    (hl)
 74+  F482 77                       ld    (hl), a
 75+  F483
 76+  F483 C3 69 F4                 jp    draw_next
 77+  F486
 78+  F486              ; ---------------------------------------------------------------------------
 79+  F486              ; Если активная правая панель, сдвинуть адрес на пол экрана
 80+  F486
 81+  F486              activePanelPos:
 82+  F486 F5                       push  af
 83+  F487 3A 4E F7                 ld    a, (state.activePanel)
 84+  F48A A7                       and   a
 85+  F48B CA 90 F4                 jp z, loc_DA0B
 86+  F48E 3E 18                    ld    a, 24
 87+  F490 84           loc_DA0B:   add   a, h
 88+  F491 67                       ld    h, a
 89+  F492 F1                       pop   af
 90+  F493 C9                       ret
 91+  F494
 92+  F494              ; ---------------------------------------------------------------------------
 93+  F494              ; Рисуем окно (b=ширина-2, с=высота-6)
 94+  F494
 95+  F494              draw_window:
 96+  F494                          ; Если h - 90h + b >= 0x2F, то есть X + b + 2 > ширина экрана, то выйти
 97+  F494 7C                       ld    a, h
 98+  F495 D6 90                    sub   90h
 99+  F497 80                       add   a, b
100+  F498 FE 2F                    cp    2Fh
101+  F49A D0                       ret nc
102+  F49B
103+  F49B                          ; Сохранить регистры
104+  F49B E5                       push  hl
105+  F49C C5                       push  bc
106+  F49D D5                       push  de
107+  F49E
108+  F49E                          ; Линия
109+  F49E 11 F1 F6                 ld    de, v_window
110+  F4A1 CD B8 F4                 call  line313
111+  F4A4
112+  F4A4                          ; Повтор b раз
113+  F4A4              draw_window_2:
114+  F4A4 D5                       push  de
115+  F4A5 CD B8 F4                 call  line313
116+  F4A8 05                       dec   b
117+  F4A9 CA B0 F4                 jp z, draw_window_3
118+  F4AC D1                       pop   de
119+  F4AD C3 A4 F4                 jp    draw_window_2
120+  F4B0
121+  F4B0              ; ---------------------------------------------------------------------------
122+  F4B0
123+  F4B0              draw_window_3:
124+  F4B0 F1                       pop   af
125+  F4B1
126+  F4B1                          ; Линия
127+  F4B1 CD B8 F4                 call  line313
128+  F4B4
129+  F4B4                          ; Восстановить регистры и выйти
130+  F4B4 D1                       pop   de
131+  F4B5 C1                       pop   bc
132+  F4B6 E1                       pop   hl
133+  F4B7 C9                       ret
134+  F4B8
135+  F4B8              ; ---------------------------------------------------------------------------
136+  F4B8              ; Вертикальная линия. Задается три верхних байта, заполнитель и три нижних
137+  F4B8
138+  F4B8              line313:    ; Сохраняем регистры
139+  F4B8 C5                       push  bc
140+  F4B9 E5                       push  hl
141+  F4BA
142+  F4BA                          ; Копируем 3 байта (сверху-вниз)
143+  F4BA CD C9 F4                 call  memcpy_hl_de_3
144+  F4BD
145+  F4BD                          ; 4 ый байт повторяем С-раз (сверху-вниз)
146+  F4BD 1A                       ld    a, (de)
147+  F4BE CD D6 F4                 call  memset_hl_a_c
148+  F4C1 13                       inc   de
149+  F4C2
150+  F4C2                          ; Копируем 3 байта (сверху-вниз)
151+  F4C2 CD C9 F4                 call  memcpy_hl_de_3
152+  F4C5
153+  F4C5                          ; Восстаналиваем регистры
154+  F4C5 E1                       pop   hl
155+  F4C6 C1                       pop   bc
156+  F4C7
157+  F4C7                          ; Вправо
158+  F4C7 24                       inc   h
159+  F4C8 C9                       ret
160+  F4C9
# file closed: D:\Projects\Specialist-OS\source\nc\draw.inc
133   F4C9                  INCLUDE "tools.inc"
# file opened: D:\Projects\Specialist-OS\source\nc\tools.inc
  1+  F4C9              ;----------------------------------------------------------------------------
  2+  F4C9              ; MXOS NC.COM
  3+  F4C9              ; Копирвоание 3-х байт из адреса de в адрес hl
  4+  F4C9              ;
  5+  F4C9              ; 2013-12-18 Дизассемблировано vinxru
  6+  F4C9              ;----------------------------------------------------------------------------
  7+  F4C9
  8+  F4C9              memcpy_hl_de_3:
  9+  F4C9 1A                   ld    a, (de)
 10+  F4CA 77                   ld    (hl), a
 11+  F4CB 23                   inc   hl
 12+  F4CC 13                   inc   de
 13+  F4CD
 14+  F4CD 1A                   ld    a, (de)
 15+  F4CE 77                   ld    (hl), a
 16+  F4CF 23                   inc   hl
 17+  F4D0 13                   inc   de
 18+  F4D1
 19+  F4D1 1A                   ld    a, (de)
 20+  F4D2 77                   ld    (hl), a
 21+  F4D3 23                   inc   hl
 22+  F4D4 13                   inc   de
 23+  F4D5
 24+  F4D5 C9                   ret
 25+  F4D6
 26+  F4D6              ;----------------------------------------------------------------------------
 27+  F4D6              ; MXOS NC.COM
 28+  F4D6              ; Заполнение памяти по адресу hl байтом a длинной c
 29+  F4D6              ;
 30+  F4D6              ; 2013-12-18 Дизассемблировано vinxru
 31+  F4D6              ;----------------------------------------------------------------------------
 32+  F4D6
 33+  F4D6              memset_hl_a_c:
 34+  F4D6 77                   ld      (hl), a
 35+  F4D7 23                   inc     hl
 36+  F4D8 0D                   dec     c
 37+  F4D9 C2 D6 F4             jp nz,  memset_hl_a_c
 38+  F4DC C9                   ret
 39+  F4DD
# file closed: D:\Projects\Specialist-OS\source\nc\tools.inc
134   F4DD                  INCLUDE "compactName.inc"
# file opened: D:\Projects\Specialist-OS\source\nc\compactName.inc
  1+  F4DD              ;----------------------------------------------------------------------------
  2+  F4DD              ; MXOS NC.COM
  3+  F4DD              ; Убрать из имени пробелы
  4+  F4DD              ;
  5+  F4DD              ; вход:
  6+  F4DD              ;   hl - откуда
  7+  F4DD              ;   de - куда
  8+  F4DD              ;
  9+  F4DD              ; сохраняемые регистры:
 10+  F4DD              ;   hl, bc
 11+  F4DD              ;
 12+  F4DD              ; 2013-12-18 Дизассемблировано vinxru
 13+  F4DD              ;----------------------------------------------------------------------------
 14+  F4DD
 15+  F4DD              compactName:
 16+  F4DD                          ; Сохраняем регистры
 17+  F4DD E5                       push    hl
 18+  F4DE C5                       push    bc
 19+  F4DF
 20+  F4DF                          ; Копируем до пробела, но не более FILE_NAME_LENGTH букв
 21+  F4DF 01 08 00                 ld      bc, FILE_NAME_LENGTH
 22+  F4E2 7E           compactName_1:      ld  a, (hl)
 23+  F4E3 FE 20                    cp      ' '
 24+  F4E5 CA EF F4                 jp z,   compactName_2
 25+  F4E8 12                       ld      (de),a
 26+  F4E9 23                       inc     hl
 27+  F4EA 13                       inc     de
 28+  F4EB 0D                       dec     c
 29+  F4EC C2 E2 F4                 jp nz,  compactName_1
 30+  F4EF
 31+  F4EF              compactName_2:
 32+  F4EF                          ; Пропущенные символы исходной строки
 33+  F4EF 09                       add     hl, bc
 34+  F4F0
 35+  F4F0                          ; Точка
 36+  F4F0 3E 2E                    ld      a, '.'
 37+  F4F2 12                       ld      (de),a
 38+  F4F3 13                       inc     de
 39+  F4F4
 40+  F4F4                          ; Копируем до пробела, но не более 3 букв
 41+  F4F4 0E 03                    ld      c, 3
 42+  F4F6              compactName_3:
 43+  F4F6 7E                       ld      a, (hl)
 44+  F4F7 FE 20                    cp      ' '
 45+  F4F9 CA 03 F5                 jp z,   compactName_4
 46+  F4FC 12                       ld      (de),a
 47+  F4FD 23                       inc     hl
 48+  F4FE 13                       inc     de
 49+  F4FF 0D                       dec     c
 50+  F500 C2 F6 F4                 jp nz,  compactName_3
 51+  F503
 52+  F503              compactName_4:
 53+  F503 EB                       ex      de, hl
 54+  F504 F5                       push    af
 55+  F505
 56+  F505                          ; Если последний символ '.', то удаляем его
 57+  F505 2B                       dec     hl
 58+  F506 7E                       ld      a, (hl)
 59+  F507 FE 2E                    cp      '.'
 60+  F509 CA 0D F5                 jp z,   compactName_5
 61+  F50C 23                       inc     hl
 62+  F50D
 63+  F50D              compactName_5:
 64+  F50D                          ; Добавляем пробел и конец строки
 65+  F50D 36 20                    ld      (hl), ' '
 66+  F50F 23                       inc     hl
 67+  F510 36 0D                    ld      (hl), 0Dh
 68+  F512 23                       inc     hl
 69+  F513 36 00                    ld      (hl), 0
 70+  F515
 71+  F515                          ; Результат в de
 72+  F515 EB                       ex    de, hl
 73+  F516
 74+  F516                          ; Восстаналиваем регистры и выходим
 75+  F516 F1                       pop   af
 76+  F517 C1                       pop   bc
 77+  F518 E1                       pop   hl
 78+  F519 C9                       ret
 79+  F51A
# file closed: D:\Projects\Specialist-OS\source\nc\compactName.inc
135   F51A                  INCLUDE "input.inc"
# file opened: D:\Projects\Specialist-OS\source\nc\input.inc
  1+  F51A              ;----------------------------------------------------------------------------
  2+  F51A              ; MXOS NC.COM
  3+  F51A              ; Ввод строки
  4+  F51A              ;
  5+  F51A              ; 2013-12-18 Дизассемблировано vinxru
  6+  F51A              ;----------------------------------------------------------------------------
  7+  F51A
  8+  F51A              input:      ; Вывод строки
  9+  F51A E5                       push    hl
 10+  F51B 21 B3 F7                 ld      hl, vars.input
 11+  F51E CD F3 EA                 call    printStringInv
 12+  F521 E1                       pop     hl
 13+  F522
 14+  F522                          ; Включаем инверсию
 15+  F522 3E 01                    ld      a, 1
 16+  F524 32 FA 8F                 ld      (bios_vars.inverse),a
 17+  F527
 18+  F527              input_loop: ; Ввод символа
 19+  F527 CD 03 C8                 call  bios_getch
 20+  F52A
 21+  F52A                          ; Enter или ESC
 22+  F52A FE 0D                    cp      0Dh
 23+  F52C CA 5F F5                 jp z,   input_exit
 24+  F52F FE 1B                    cp      1Bh
 25+  F531 CA 5F F5                 jp z,   input_exit
 26+  F534
 27+  F534                          ; Если служебная клавиша или пробел, то пропускаем
 28+  F534 FE 21                    cp      21h
 29+  F536 DA 27 F5                 jp c,   input_loop
 30+  F539
 31+  F539                          ; Сохраняем для вывода
 32+  F539 4F                       ld      c, a
 33+  F53A
 34+  F53A                          ; Помещаем символ в буфер
 35+  F53A 12                       ld      (de),a
 36+  F53B
 37+  F53B                          ; Удаление
 38+  F53B FE 7F                    cp      7Fh
 39+  F53D CA 4D F5                 jp z,   input_bkspc
 40+  F540
 41+  F540                          ; Если переполнение
 42+  F540 3E CA                    ld      a, (vars.input + P_INPUT_WIDTH) & 0FFh  ; a = младший байт адреса пследнего байта буфера
 43+  F542 BB                       cp      e
 44+  F543 CA 27 F5                 jp z,   input_loop
 45+  F546
 46+  F546                          ; Вывод символа на экран
 47+  F546 CD 09 C8                 call    bios_printChar
 48+  F549
 49+  F549                          ; Увеличение длины строки
 50+  F549 13                       inc     de
 51+  F54A
 52+  F54A C3 27 F5                 jp      input_loop
 53+  F54D
 54+  F54D              ; ---------------------------------------------------------------------------
 55+  F54D
 56+  F54D              input_bkspc:
 57+  F54D                          ; Если это начало строки, выходим
 58+  F54D 3E B3                    ld      a, vars.input & 0FFh
 59+  F54F BB                       cp      e
 60+  F550 CA 27 F5                 jp z,   input_loop
 61+  F553
 62+  F553                          ; Уменьшаем длину строки
 63+  F553 1D                       dec     e
 64+  F554
 65+  F554                          ; Стираем символ с экрана
 66+  F554 E5                       push    hl
 67+  F555 21 06 F6                 ld      hl, asc_DC17
 68+  F558 CD 18 C8                 call    bios_printString
 69+  F55B E1                       pop     hl
 70+  F55C
 71+  F55C C3 27 F5                 jp      input_loop
 72+  F55F
 73+  F55F              ; ---------------------------------------------------------------------------
 74+  F55F
 75+  F55F              input_exit:
 76+  F55F                          ; Сохраняем ESC или Enter для выхода
 77+  F55F 4F                       ld      c, a
 78+  F560
 79+  F560                          ; Записываем в конец строки 0Dh, 0
 80+  F560 EB                       ex      de, hl
 81+  F561 36 0D                    ld      (hl), 0Dh
 82+  F563 23                       inc     hl
 83+  F564 AF                       xor     a
 84+  F565 77                       ld      (hl), a
 85+  F566
 86+  F566                          ; Восстанавливаем инверсию
 87+  F566 32 FA 8F                 ld      (bios_vars.inverse),a
 88+  F569
 89+  F569                          ; Выход
 90+  F569 79                       ld      a, c
 91+  F56A C9                       ret
 92+  F56B
# file closed: D:\Projects\Specialist-OS\source\nc\input.inc
136   F56B
137   F56B              ;---------------------------------------------------------------------------
138   F56B              ; Константы и переменные
139   F56B              ;---------------------------------------------------------------------------
140   F56B
141   F56B 46 31 20 4C  aF1LeftF2RighF3:    DB "F1 Left F2 Rght F3 Info F4 Edit F5 Copy F6 Ren  F7 MkDr F8 Del",0
141   F56F 65 66 74 20
141   F573 46 32 20 52
141   F577 67 68 74 20
141   F57B 46 33 20 49
141   F57F 6E 66 6F 20
141   F583 46 34 20 45
141   F587 64 69 74 20
141   F58B 46 35 20 43
141   F58F 6F 70 79 20
141   F593 46 36 20 52
141   F597 65 6E 20 20
141   F59B 46 37 20 4D
141   F59F 6B 44 72 20
141   F5A3 46 38 20 44
141   F5A7 65 6C 00
142   F5AA 43 6F 6D 6D  aCommanderVer:      DB "Commander version 2.0",0
142   F5AE 61 6E 64 65
142   F5B2 72 20 76 65
142   F5B6 72 73 69 6F
142   F5BA 6E 20 32 2E
142   F5BE 30 00
143   F5C0 28 43 29 20  aCopyright:         DB "(C) Omsk 1992, SPb 2022",0
143   F5C4 4F 6D 73 6B
143   F5C8 20 31 39 39
143   F5CC 32 2C 20 53
143   F5D0 50 62 20 32
143   F5D4 30 32 32 00
144   F5D8 46 69 6C 65  aFileIsReanOnly:    DB "File is read-only!",0
144   F5DC 20 69 73 20
144   F5E0 72 65 61 64
144   F5E4 2D 6F 6E 6C
144   F5E8 79 21 00
145   F5EB 43 68 6F 6F  aChooseDrive:       DB "Choose drive:",0
145   F5EF 73 65 20 64
145   F5F3 72 69 76 65
145   F5F7 3A 00
146   F5F9 44 65 6C 65  aDeleteFrom:        DB "Delete from ",0
146   F5FD 74 65 20 66
146   F601 72 6F 6D 20
146   F605 00
147   F606 08 20 08 00  asc_DC17:           DB 8, ' ',8, 0
148   F60A 43 6F 70 79  aCopyFromTo:        DB "Copy from    to",8,8,8,8,8, 0
148   F60E 20 66 72 6F
148   F612 6D 20 20 20
148   F616 20 74 6F 08
148   F61A 08 08 08 08
148   F61E 00
149   F61F 43 6F 70 79  aCopyFailed:        DB "Copy failed",0
149   F623 20 66 61 69
149   F627 6C 65 64 00
150   F62B 43 61 6E 27  aCantRenameFile:    DB "Can",39,"t rename file!",0
150   F62F 74 20 72 65
150   F633 6E 61 6D 65
150   F637 20 66 69 6C
150   F63B 65 21 00
151   F63E 52 65 6E 61  aRenameOn:          DB "Rename on ",0
151   F642 6D 65 20 6F
151   F646 6E 20 00
152   F649 18 4B 42 20  aKBytesExtMemory:   DB 18h,"KB extended memory",0   ; здесь и далее 18h вместо ведущего пробела,
152   F64D 65 78 74 65
152   F651 6E 64 65 64
152   F655 20 6D 65 6D
152   F659 6F 72 79 00
153   F65D 18 62 79 74  aKBytesMemory:      DB 18h,"bytes Memory",0         ; чтобы не портить цвет предыдущего символа
153   F661 65 73 20 4D
153   F665 65 6D 6F 72
153   F669 79 00
154   F66B 18 62 79 74  aKBytesFree:        DB 18h,"bytes Free",0
154   F66F 65 73 20 46
154   F673 72 65 65 00
155   F677 18 4B 42 20  aKBytesTotalOnDrv:  DB 18h,"KB total on drive ",0
155   F67B 74 6F 74 61
155   F67F 6C 20 6F 6E
155   F683 20 64 72 69
155   F687 76 65 20 00
156   F68B 18 4B 42 20  aKBytesFreeOnDrv:   DB 18h,"KB free  on drive ",0
156   F68F 66 72 65 65
156   F693 20 20 6F 6E
156   F697 20 64 72 69
156   F69B 76 65 20 00
157   F69F 18 66 69 6C  aFilesUse:          DB 18h,"files use ",0
157   F6A3 65 73 20 75
157   F6A7 73 65 20 00
158   F6AB 18 4B 42 20  aKBytesIn:          DB 18h,"KB in ",0
158   F6AF 69 6E 20 00
159   F6B3 56 6F 6C 75  aVolumeLabel:       DB "Volume label: ",0
159   F6B7 6D 65 20 6C
159   F6BB 61 62 65 6C
159   F6BF 3A 20 00
160   F6C2 44 72 69 76  aDrive:             DB "Drive ",0
160   F6C6 65 20 00
161   F6C9 18 69 73 20  aNotFormatted:      DB 18h,"is not formatted",0
161   F6CD 6E 6F 74 20
161   F6D1 66 6F 72 6D
161   F6D5 61 74 74 65
161   F6D9 64 00
162   F6DB
163   F6DB                  IF FULL_PANELS==0
164   F6DB 4E 61 6D 65  aNameName:          DB "Name",0
164   F6DF 00
165   F6E0                  ENDIF
166   F6E0
167   F6E0 41 3A 4E 43  aNcExt:             DB "A:NC.EXT",0
167   F6E4 2E 45 58 54
167   F6E8 00
168   F6E9 41 3A 45 2E  aEditor:            DB "A:E.COM",0Dh      ; терминатором тут должно быть 0Dh
168   F6ED 43 4F 4D 0D
169   F6F1
170   F6F1              ;-----------------------------------------------------------------------
171   F6F1              ; Описания окон
172   F6F1
173   F6F1 7F           v_window:   DB 01111111b            ; Верхний левый угол
174   F6F2 40                       DB 01000000b
175   F6F3 5F                       DB 01011111b
176   F6F4 50                       DB 01010000b            ; Левый край
177   F6F5 5F                       DB 01011111b            ; Нижний левый угол
178   F6F6 40                       DB 01000000b
179   F6F7 7F                       DB 01111111b
180   F6F8
181   F6F8 FF                       DB 11111111b            ; Верх окна
182   F6F9 00                       DB 00000000b
183   F6FA FF                       DB 11111111b
184   F6FB
185   F6FB 00                       DB 00000000b            ; Содержимое окна
186   F6FC
187   F6FC FF                       DB 11111111b            ; Низ окна
188   F6FD 00                       DB 00000000b
189   F6FE FF                       DB 11111111b
190   F6FF
191   F6FF FE                       DB 11111110b            ; Правый верхний угол
192   F700 02                       DB 00000010b
193   F701 FA                       DB 11111010b
194   F702 0A                       DB 00001010b            ; Правая граница
195   F703 FA                       DB 11111010b            ; Правый нижний угол
196   F704 02                       DB 00000010b
197   F705 FE                       DB 11111110b
198   F706
199   F706                          MACRO G_WINDOW A,X,Y,W,H
200   F706 ~                            DB A|2, Y, 90h+(X>>3), H-6, (W>>3)-2
201   F706                          ENDM
202   F706
203   F706                          MACRO G_LINE A,X,Y,W
204   F706 ~                            DB A|1, Y, 90h+(X>>3), (((X&7)+W+7)>>3)-2, 0FFh>>(X&7), (0FF00h>>((W+X)&7)) & 0FFh
205   F706                          ENDM
206   F706
207   F706                          MACRO G_VLINE A,X,Y,H
208   F706 ~                            DB A|3, Y, 90h+(X>>3), H, 80h>>(X&7)
209   F706                          ENDM
210   F706
211   F706              g_filePanel:
212   F706                          G_WINDOW 0, 0, 0, 192, 230        ; 2, 0, 90h, 0E0h, 16h
212   F706 02 00 90 E0 >                DB 0|2, 0, 90h+(0>>3), 230-6, (192>>3)-2
212   F70A 16          >
213   F70B                          G_LINE   0, 4, 208, 184           ; 1, 0D0h, 90h, 16h, 0Fh, 0F0h
213   F70B 01 D0 90 16 >                DB 0|1, 208, 90h+(4>>3), (((4&7)+184+7)>>3)-2, 0FFh>>(4&7), (0FF00h>>((184+4)&7)) & 0FFh
213   F70F 0F F0       >
214   F711                          G_VLINE  0, 96, 3, 205            ; 3, ?, 9Ch, 0CDh, 80h
214   F711 03 03 9C CD >                DB 0|3, 3, 90h+(96>>3), 205, 80h>>(96&7)
214   F715 80          >
215   F716 00                       DB 0
216   F717
217   F717              g_infoPanel:
218   F717                          G_WINDOW 0, 0, 0, 192, 230        ; 2, 0, 90h, 0E0h, 16h
218   F717 02 00 90 E0 >                DB 0|2, 0, 90h+(0>>3), 230-6, (192>>3)-2
218   F71B 16          >
219   F71C                          G_LINE   0, 4, 31, 184            ; 1, 1Fh, 90h, 16h, 0Fh, 0F0h
219   F71C 01 1F 90 16 >                DB 0|1, 31, 90h+(4>>3), (((4&7)+184+7)>>3)-2, 0FFh>>(4&7), (0FF00h>>((184+4)&7)) & 0FFh
219   F720 0F F0       >
220   F722                          G_LINE   0, 4, 136, 184           ; 1, 70h, 90h, 16h, 0Fh, 0F0h
220   F722 01 88 90 16 >                DB 0|1, 136, 90h+(4>>3), (((4&7)+184+7)>>3)-2, 0FFh>>(4&7), (0FF00h>>((184+4)&7)) & 0FFh
220   F726 0F F0       >
221   F728 00                       DB 0
222   F729
223   F729              g_chooseDrive:
224   F729                          G_WINDOW 0, 40, 85, 112, 50       ; 2, 55h, 95h, 02Ch, 0Ch
224   F729 02 55 95 2C >                DB 0|2, 85, 90h+(40>>3), 50-6, (112>>3)-2
224   F72D 0C          >
225   F72E                          G_LINE   0, 44, 103, 104          ; 1, 67h, 95h, 0Ch, 0Fh, 0F0h
225   F72E 01 67 95 0C >                DB 0|1, 103, 90h+(44>>3), (((44&7)+104+7)>>3)-2, 0FFh>>(44&7), (0FF00h>>((104+44)&7)) & 0FFh
225   F732 0F F0       >
226   F734 00                       DB 0
227   F735
228   F735              g_window1:
229   F735                          G_WINDOW 80h, 112, 80, 160, 37    ; 82h, 50h, 9Eh, 1Fh, 12h
229   F735 82 50 9E 1F >                DB 80h|2, 80, 90h+(112>>3), 37-6, (160>>3)-2
229   F739 12          >
230   F73A                          G_LINE   80h, 116, 98, 152        ; 81h, 62h, 9Eh, 12h, 0Fh, 0F0h
230   F73A 81 62 9E 12 >                DB 80h|1, 98, 90h+(116>>3), (((116&7)+152+7)>>3)-2, 0FFh>>(116&7), (0FF00h>>((152+116)&7)) & 0FFh
230   F73E 0F F0       >
231   F740 00                       DB 0
232   F741
233   F741              g_window2:
234   F741                          G_WINDOW 80h, 104, 114, 176, 37   ; 82h, 72h, 9Dh, 1Fh, 14h
234   F741 82 72 9D 1F >                DB 80h|2, 114, 90h+(104>>3), 37-6, (176>>3)-2
234   F745 14          >
235   F746                          G_LINE   80h, 108, 132, 168       ; 81h, 84h, 9Dh, 14h, 0Fh, 0F0h
235   F746 81 84 9D 14 >                DB 80h|1, 132, 90h+(108>>3), (((108&7)+168+7)>>3)-2, 0FFh>>(108&7), (0FF00h>>((168+108)&7)) & 0FFh
235   F74A 0F F0       >
236   F74C 00                       DB 0
237   F74D
238   F74D              ;-----------------------------------------------------------------------
239   F74D              ; Размер буфера для листинга директории (штук дескрипторов файлов)
240   F74D
241   F74D                  IF FULL_PANELS
242   F74D ~            FILE_LIST_SIZE    = 40
243   F74D                  ELSE
244   F74D              FILE_LIST_SIZE    = 36
245   F74D                  ENDIF
246   F74D
247   F74D              ;-----------------------------------------------------------------------
248   F74D              ; Коодинаты элементов панелей от левого верхнего угла экрана
249   F74D              ; x - удвоенные пиксели, y - пиксели
250   F74D
251   F74D              P_NAME_X1         = 17  ; Заголовок панели "NAME" (2 колонки)
252   F74D              P_NAME_X2         = 65
253   F74D              P_NAME_Y          = 16
254   F74D
255   F74D              P_FILE_LIST_X1    = 6   ; Файловая таблица (2 колонки)
256   F74D              P_FILE_LIST_X2    = 54
257   F74D
258   F74D                  IF FULL_PANELS
259   F74D ~            P_FILE_LIST_Y     = 12
260   F74D                  ELSE
261   F74D              P_FILE_LIST_Y     = 32
262   F74D                  ENDIF
263   F74D
264   F74D              P_FILE_LIST_H     = FILE_LIST_SIZE / 2  ; Высота файловой таблицы в строках
265   F74D              P_FILE_LIST_Y_MAX = P_FILE_LIST_H * 10 + P_FILE_LIST_Y
266   F74D
267   F74D              P_DRIVE_LETTER_X  = 9   ; Буква имени диска внизу панели
268   F74D              P_DRIVE_LETTER_Y  = 222
269   F74D              P_FILE_NAME_X     = 15  ; Имя файла внизу панели
270   F74D              P_FILE_NAME_Y     = 222
271   F74D              P_FILE_DATA_X     = 57  ; Данные о файле (адрес загрузки, размер)
272   F74D              P_FILE_DATA_Y     = 222
273   F74D
274   F74D              P_INPUT_WIDTH     = 23  ; Длина поля ввода имени файла в символах
275   F74D
276   F74D              ;-----------------------------------------------------------------------
277   F74D              ; Переменные
278   F74D              ;-----------------------------------------------------------------------
279   F74D
280   F74D              ; Блок переменных состояния
281   F74D              ; Сохраняется в неиспользуемом секторе нулевой страницs RAM-диска
282   F74D
283   F74D                  STRUCT NC_STATE
284   F74D ~            initState           DB    5Ah   ; признак, что NC.COM уже запускался
285   F74D ~            activePanel         DB    0     ; номер активной панели
286   F74D ~            panelA_info         DB    0     ; 1 = панель A в режиме информации
287   F74D ~            panelB_info         DB    0     ; 1 = панель B в режиме информации
288   F74D ~            panelA_drive        DB    0     ; номер диска панели A
289   F74D ~            panelB_drive        DB    7     ; номер диска панели B
290   F74D ~            panelA_filesCnt     DB    0     ; количество файлов на панели A
291   F74D ~            panelB_filesCnt     DB    0     ; количество файлов на панели B
292   F74D ~            panelA_firstFile    DB    0     ; c какого файла начинается панель A
293   F74D ~            panelB_firstFile    DB    0     ; c какого файла начинается панель B
294   F74D ~            panelA_curFile      DB    0     ; на каком файле курсор на панели A
295   F74D ~            panelB_curFile      DB    0     ; на каком файле курсор на панели B
296   F74D                  ENDS
297   F74D
298   F74D 5A 00 00 00  state   NC_STATE
298   F751 00 07 00 00
298   F755 00 00 00 00
299   F759              stateEnd:           ; адрес конца блока переменных состояния
300   F759
301   F759              ; Другие переменные - не включены в бинарник (машинный код не
302   F759              ; генерируется, при первом запуске переменные могут содержать мусор)
303   F759
304   F759                  STRUCT NC_VARIABLES
305   F759 ~            cmdLinePos      DW    0
306   F759 ~            cmdLineEnd      DW    0
307   F759 ~            chooseDrive     DB    0
308   F759 ~            copySourceName    DW    0
309   F759 ~            copyBlocksLeft    DW    0
310   F759 ~            copySourceCluster DW    0
311   F759 ~            copyDestCluster   DW    0
312   F759 ~            copySourceDrive   DB    0
313   F759 ~            copyDestDrive     DB    0
314   F759 ~            diskInfoPtr     DW    0         ; адрес структуны DISK_INFO
315   F759 ~            cmdLine         BLOCK 59, 0FFh  ; командная строка
316   F759 ~            cmdLineCtrl     DB    0FFh      ; контроль переполнения командной строки
317   F759 ~            driveCount     DB    0         ; число установленных дисковых драйверов
318   F759 ~            driveList      BLOCK 8, 0     ; номера дисков с установленным драйвером
319   F759 ~                            BLOCK 4, 0FFh ; резерв внутри прежнего блока переменных
320   F759 ~
321   F759 ~            input           BLOCK 21, 0FFh
322   F759 ~                            BLOCK 11
323   F759 ~            tempFileDescr   FILE_DESCRIPTOR
324   F759                  ENDS
325   F759
326   F759              vars    NC_VARIABLES = $        ; адрес начала блока переменнных
327   F759              varsEnd = vars + NC_VARIABLES   ; адрес конца  блока переменнных
328   F759
329   F759              ; Адрес буфера для листинга директории (FILE_LIST_SIZE структур FILE_INFO + 1 = 577 байт)
330   F759              ;FILE_LIST_BUFFER = 8800h
331   F759              FILE_LIST_BUFFER      = varsEnd
332   F759              FILE_LIST_BUFFER_SIZE = FILE_LIST_SIZE * FILE_INFO_SIZE + 1
333   F759
334   F759              ;-----------------------------------------------------------------------
335   F759              ; Проверяем, что программа помещается в память вместе со своими буферами
336   F759              ;-----------------------------------------------------------------------
337   F759
338   F759              ; Конец NC.COM после разворачивания в памяти
339   F759              NC_END = FILE_LIST_BUFFER + FILE_LIST_BUFFER_SIZE
340   F759
341   F759              ; Максимальный допустимый размер NC.COM. Последняя страница перед FAT-кэшем
342   F759              ; зарезервирована как секторный буфер потокового копирования.
343   F759
344   F759                  IF NEW_MEMORY_MAP
345   F759              NC_END_MAX = FAT_CACHE_ADDR  ; до дискового кэша
346   F759                  ELSE
347   F759 ~            NC_END_MAX = 0E200h          ; до адреса 0E200h
348   F759                  ENDIF
349   F759
350   F759              ; Проверка
351   F759                  IF NC_END >= NC_END_MAX
352   F759 ~                    ASSERT 0
353   F759 ~                    DISPLAY /l, "Error! NC.COM did not fit (", NC_END, " > ", NC_END_MAX, ")"
354   F759                  ENDIF
355   F759
356   F759                  END
# file closed: D:\Projects\Specialist-OS\source\nc\NC.asm
