  1   0000              ;----------------------------------------------------------------------------
  2   0000              ; MXOS - Файловый менеджер NC.COM
  3   0000              ;
  4   0000              ; 2013-12-18 Дизассемблировано и доработано vinxru
  5   0000              ; 2022-01-31 Доработано SpaceEngineer
  6   0000              ;----------------------------------------------------------------------------
  7   0000
  8   0000                  INCLUDE "../include/mxos.inc"
  1+  0000              ;-----------------------------------------------------------------------
  2+  0000              ; MXOS
  3+  0000              ; Точки входа и настройки сборки MXOS
  4+  0000              ;
  5+  0000              ; Новая карта памяти:
  6+  0000              ;   8FDF-8FFF - [  32 B] Переменные
  7+  0000              ;   9000-BFFF - [12  KB] Экран
  8+  0000              ;   C000-DBFF - [7168 B] DOS.SYS
  9+  0000              ;   DC00-DDFF - [ 512 B] драйверные расширения (например, FlashSys.com)
 10+  0000              ;   DE00-DFFF - [ 512 B] Драйвер флеш-диска
 11+  0000              ;   E000-E7FF - [2048 B] Шрифт
 12+  0000              ;   E800-FAFF - [4864 B] Системные программы (NC.COM, E.COM, DL-RED.COM, FORMAT.COM, MON2.COM, ...)
 13+  0000              ;   FB00-FEFF - [1024 B] Дисковый кэш (fat + каталог)
 14+  0000              ;   FF00-FF81 - [ 130 B] Командная строка
 15+  0000              ;   FF82-FFBF - [  62 B] Стек
 16+  0000              ;   FFC0-FFEF - [  32 B] Непереключаемое ОЗУ, драйвер обмена с RAM диском
 17+  0000              ;   FFE0-FFFF - [  32 B] Оборудование
 18+  0000              ;
 19+  0000              ; Старая карта памяти:
 20+  0000              ;   8FDF-8FFF - [  32 B] Переменные
 21+  0000              ;   9000-BFFF - [12  KB] Экран
 22+  0000              ;   C000-CFFF - [4096 B] DOS.SYS
 23+  0000              ;   D000-E1FF - [4607 B] Системные программы (NC.COM, E.COM, DL-RED.COM)
 24+  0000              ;   E200-E5FF - [1024 B] Свободно (1024 байт)
 25+  0000              ;   E600-E7FF - [ 512 B] Драйвер магнитофона
 26+  0000              ;   E800-E8FF - [ 256 B] Свободно (256 байт)
 27+  0000              ;   E900-F0FF - [2048 B] Шрифт (можно отключить запуском ROMFNT.COM или опцией LOAD_FONT=0)
 28+  0000              ;   F100-F8FF - [2048 B] Системные программы (FORMAT.COM, MON2.COM, ...)
 29+  0000              ;   F900-F9FF - [ 256 B] Свободно (256 байт)
 30+  0000              ;   FA00-FAFF - [ 256 B] Драйвер флеш-диска
 31+  0000              ;   FB00-FEFF - [1024 B] Дисковый буфер (fat + каталог)
 32+  0000              ;   FF00-FF81 - [ 130 B] Командная строка
 33+  0000              ;   FF82-FFBF - [  62 B] Стек
 34+  0000              ;   FFC0-FFEF - [  32 B] Непереключаемое ОЗУ, драйвер обмена с RAM диском
 35+  0000              ;   FFE0-FFFF - [  32 B] Оборудование
 36+  0000              ;-----------------------------------------------------------------------
 37+  0000
 38+  0000
 39+  0000              ;-----------------------------------------------------------------------
 40+  0000              ; Конфигурация сборки
 41+  0000              ;-----------------------------------------------------------------------
 42+  0000
 43+  0000              NEW_MEMORY_MAP       =  1       ; Новая карта памяти
 44+  0000              RAMD_MAX_PAGE        =  16      ; Максимальное количество страниц RAM диска
 45+  0000              RAMD_PAGE_END        =  0FFBBh  ; Включить поддержку ДОЗУ большего чем 64 Кб
 46+  0000              ROM_64K              =  1       ; Включить поддержку ПЗУ 64 Кб Специалиста МХ2
 47+  0000              ENABLE_COLOR         =  1       ; Включить поддержку цвета
 48+  0000              EMBED_FONT           =  0       ; Встроить шрифт в программу (при запуске шрифт копируется на FONT_ADDR)
 49+  0000              LOAD_FONT            =  1       ; Загружать шрифт в ОЗУ
 50+  0000              COLOR_BIOS           =  0F0h    ; Цвет командной строки
 51+  0000              RAMFOS_COMPATIBILITY =  1       ; Совместимость с RAMFOS (WIP)
 52+  0000              BOOT_FROM_TAPE       =  0       ; Включить загрузку с ленты при нажатой клавише после сброса
 53+  0000
 54+  0000                  IF  NEW_MEMORY_MAP
 55+  0000              FONT_ADDR = 0E000h  ; Адрес шрфита
 56+  0000                  ELSE
 57+  0000 ~            FONT_ADDR = 0E900h  ; Адрес шрфита
 58+  0000                  ENDIF
 59+  0000
 60+  0000                  IF  LOAD_FONT
 61+  0000              FONT_ADDR_DIV_8 = FONT_ADDR/8
 62+  0000                  ELSE
 63+  0000 ~            FONT_ADDR_DIV_8 = -1
 64+  0000                  ENDIF
 65+  0000
 66+  0000              ;-----------------------------------------------------------------------
 67+  0000              ; Переменные ОС в подэкранном пространстве и их начальные значения
 68+  0000              ; Доступ к переменным из программ польователя:
 69+  0000              ; ld a, bios_vars.lastKey
 70+  0000              ;-----------------------------------------------------------------------
 71+  0000
 72+  0000                  STRUCT BIOS_VARIABLES
 73+  0000 ~            _reserv_1     DW      -1              ; 8FDFh -
 74+  0000 ~            tapeError     DW      0C800h          ; 8FE1h - Адрес, куда происходит переход при ошибке чтения с ленты
 75+  0000 ~            tapeAddr      DW      -1              ; 8FE3h - Адрес программы, загруженной с ленты
 76+  0000 ~            _reserv_2     DW      -1              ; 8FE5h -
 77+  0000 ~            charGen       DW      FONT_ADDR_DIV_8 ; 8FE7h - Адрес альтернативного знакогенератора / 8
 78+  0000 ~            cursorCfg     DB       21h ; 0A9h     ; 8FE9h - Внешний вид курсора (биты: 7 - мигание (если 0), 654 - положение (Y) от низа строки, 3210 - размер по высоте)
 79+  0000 ~            koi7          DB       0   ; 0FFh     ; 8FEAh - 0FFh = включен KOI-7, 0 = включен KOI-8
 80+  0000 ~            escMode       DB      -1              ; 8FEBh - Обработка ESC-последовательности
 81+  0000 ~            keyLocks      DB      0BAh ; 3Ah      ; 8FECh - Caps Lock или Рус/Lat (3A - прописные анг, BA - строчные анг, BB - прописные рус, 3B - строчные рус)
 82+  0000 ~            _reserv_3     DW      -1              ; 8FEDh -
 83+  0000 ~            lastLastKey   DB      -1              ; 8FEFh - Предпоследняя нажатая клавиша
 84+  0000 ~            lastKey       DB      -1              ; 8FF0h - Последняя нажатая клавиша
 85+  0000 ~            beepFreq      DB       5Fh            ; 8FF1h - Частота звукового сигнала (также влияет на длительность)
 86+  0000 ~            beepDuration  DB       20h            ; 8FF2h - Длительность звукового сигнала (сколько раз повторять посылку)
 87+  0000 ~            tapeInverse   DB      0FFh            ; 8FF3h - Признак инверсии данных с ленты
 88+  0000 ~            cursorDelay   DB       20h            ; 8FF4h - Задержка мигания курсора
 89+  0000 ~            antiBsDelay   DB      0E0h            ; 8FF5h - Задержка защиты от дребезга контактов клавиш
 90+  0000 ~            oldSP         DW      -1              ; 8FF6h - Используется для сохранения SP некоторыми функциями
 91+  0000 ~            ramPageCount  DB      RAMD_MAX_PAGE   ; 8FF8h - Количество детектированных 64кб страниц RAM-диска
 92+  0000 ~            diskWriteErr  DB       0              ; 8FF9h - Признак ошибки записи диска
 93+  0000 ~            inverse       DW       0              ; 8FFAh - Инвертирование текста (0=нормальный текст, 0FFFFh=инверсный)
 94+  0000 ~            cursorY       DB      -1              ; 8FFCh - Положение курсора по вертикали в пикселях
 95+  0000 ~            cursorX       DB      -1              ; 8FFDh - Положение курсора по горизонтали в пикселях / 2
 96+  0000 ~            writeDelay    DB      28h             ; 8FFEh - Скорость при записи на ленту
 97+  0000 ~            readDelay     DB      3Ch             ; 8FFFh - Скорость при чтении с ленты
 98+  0000                  ENDS
 99+  0000
100+  0000              ; Блок переменных BIOS начинается с адреса 8FDFh
101+  0000              bios_vars   BIOS_VARIABLES = 8FDFh
102+  0000
103+  0000              ;-----------------------------------------------------------------------
104+  0000              ; Стандартные точки входа ОС
105+  0000              ; Отмеченные [OLD] применять не рекомендуется
106+  0000              ; Отмеченные [MXOS2] - новые в MXOS 2
107+  0000              ;-----------------------------------------------------------------------
108+  0000
109+  0000              bios_init               = 0C000h ; Теплая перезагрузка
110+  0000
111+  0000              ; Устаревшие точки, лечше не применять
112+  0000              bios_keyScanOld         = 0C003h ; [OLD] Получить код нажатой клавиши, = bios_keyScan
113+  0000              bios_drawCursorOld      = 0C006h ; [OLD] Нарисовать/стереть курсор
114+  0000              bios_clearScreenOld     = 0C010h ; [OLD] Оистка экрана
115+  0000              bios_printCharOld       = 0C037h ; [OLD] Вывод символа на экран
116+  0000              bios_beep_Old           = 0C170h ; [OLD] Звуковой сигнал
117+  0000              bios_delay_l            = 0C18Fh ; [OLD] Задержка l циклов
118+  0000              bios_delay_b            = 0C190h ; [OLD] Задержка b циклов
119+  0000              bios_getchOld           = 0C337h ; [OLD] Ожидание ввода с клавиатуры
120+  0000              bios_tapeReadOld        = 0C377h ; [OLD] Чтение байта с магнитофона
121+  0000              bios_tapeWriteOld       = 0C3D0h ; [OLD] Запись байта на магнитофон
122+  0000              bios_cmp_hl_de          = 0C427h ; [OLD] Сравнить hl и de
123+  0000              bios_memcpy_bc_hl       = 0C42Dh ; [OLD] Скопировать блок памяти
124+  0000              bios_printStringOld     = 0C438h ; [OLD] Вывод строки на экран
125+  0000
126+  0000              ; Стандартные точки C800h
127+  0000              bios_reboot             = 0C800h ; Запустить NC.COM
128+  0000              bios_getch              = 0C803h ; Ожидание ввода с клавиатуры
129+  0000              bios_tapeRead           = 0C806h ; Чтение байта с магнитофона
130+  0000              bios_printChar          = 0C809h ; Вывод символа на экран
131+  0000              bios_tapeWrite          = 0C80Ch ; Запись байта на магнитофон
132+  0000              bios_input              = 0C80Fh ; Ввод строки с клавиатуры
133+  0000              bios_keyCheck           = 0C812h ; Получить код нажатой клавиши, = bios_keyScan
134+  0000              bios_printHexByte       = 0C815h ; Вывод HEX числа на экран (байт)
135+  0000              bios_printString        = 0C818h ; Вывод строки на экран
136+  0000              bios_keyScan            = 0C81Bh ; Получить код нажатой клавиши
137+  0000              bios_getCursorPos       = 0C81Eh ; Получить координаты курсора в hl (координаты в пикселях)
138+  0000              bios_setCursorPos       = 0C821h ; Установить координаты курсора из hl (координаты в пикселях)
139+  0000              bios_tapeLoad           = 0C824h ; Загрузить программу с магнитофона
140+  0000              bios_tapeSave           = 0C827h ; Сохранить программу на магнитофон
141+  0000              bios_calcCS             = 0C82Ah ; Расчет контрольной суммы
142+  0000              bios_printHexWord       = 0C82Dh ; Вывод HEX числа на экран (слово)
143+  0000              bios_getMemTop          = 0C830h ; Получить объем доступной памяти
144+  0000              bios_setMemTop          = 0C833h ; Установить объем доступной памяти
145+  0000              bios_printer            = 0C836h ; Напечатать байт на принтере
146+  0000                  IF RAMFOS_COMPATIBILITY
147+  0000              bios_strToHex           = 0C839h ; [MXOS2] Преобразвоние строки в HEX формате в число
148+  0000                  ELSE
149+  0000 ~            bios_rebootAlt          = 0C839h ; Запустить NC.COM
150+  0000                  ENDIF
151+  0000              bios_rebootAlt2         = 0C83Ch ; Запустить NC.COM
152+  0000              bios_fileList           = 0C83Fh ; Получить список файлов
153+  0000              bios_fileGetSetDrive    = 0C842h ; Получить/установить активное устройство
154+  0000              bios_fileCreate         = 0C845h ; Создать файл
155+  0000              bios_fileLoad           = 0C848h ; Загрузить файл по адресу из заголовка этого файла
156+  0000              bios_fileDelete         = 0C84Bh ; Удалить файл
157+  0000              bios_fileRename         = 0C84Eh ; Переименовать файл
158+  0000              bios_fileLoadInfo       = 0C851h ; Загрузить информацию о файле
159+  0000              bios_fileGetSetAddr     = 0C854h ; Получить/установить адрес загрузки файла
160+  0000              bios_fileGetSetAttr     = 0C857h ; Получить/установить атрибуты файла
161+  0000              bios_fileNamePrepare    = 0C85Ah ; Преобразовать имя файла во внутренний формат
162+  0000              bios_fileExec           = 0C85Dh ; Запустить файл
163+  0000              bios_installDriver      = 0C860h ; Установить драйвер накопителя
164+  0000              bios_diskDriver         = 0C863h ; Драйвер выбранного диска
165+  0000              bios_fileLoad2          = 0C866h ; Загрузить файл по адресу de
166+  0000
167+  0000              ; Новые точки C800h MXOS2
168+  0000              bios_printCharReal      = 0C869h ; [MXOS2] Вывод символа на экран (только реальные символы)
169+  0000              bios_printDecWord       = 0C86Ch ; [MXOS2] Вывод числа экран в десятичной форме
170+  0000              bios_setRAMDDriver      = 0C86Fh ; [MXOS2] Установить драйвр рам-диска
171+  0000              bios_getDriveFreeSpace  = 0C872h ; [MXOS2] Получить оставшийся свободный объем диска
172+  0000              bios_upperCase          = 0C875h ; [MXOS2] Перевод кода символа КОИ-8 в верхний регистр
173+  0000              bios_strcmp             = 0C878h ; [MXOS2] Сравнение строк, чувствительное к регистру
174+  0000              bios_stricmp            = 0C87Bh ; [MXOS2] Сравнение строк, нечувствительное к регистру
175+  0000              bios_sub_hl_de          = 0C87Eh ; [MXOS2] Вычитание hl и de: hl = hl - de
176+  0000              bios_div_hl_2           = 0C881h ; [MXOS2] Деление hl на 2: hl = hl / 2
177+  0000              bios_mul_hl_de          = 0C884h ; [MXOS2] Умножение hl на de: hl = hl * de
178+  0000              bios_div_hl_de          = 0C887h ; [MXOS2] Деление hl на de: hl = hl / de, de = hl % de
179+  0000
180+  0000              ;-----------------------------------------------------------------------
181+  0000              ; Адрес таблицы переходов драйвера магнитофона
182+  0000              ;-----------------------------------------------------------------------
183+  0000
184+  0000              TAPE_DRIVER_JUMPS = bios_tapeReadOld    ; старая таблица переходов магнитофона, сохранена для ABI
185+  0000
186+  0000              ;-----------------------------------------------------------------------
187+  0000              ; Непереключаемое ОЗУ ПК "Специалист-MX" (0FFC0h-0FFDF, 32 байта)
188+  0000              ;-----------------------------------------------------------------------
189+  0000
190+  0000              bios_RAMDRead   = 0FFC0h ; п/п чтения из ДОЗУ
191+  0000              bios_RAMDWrite  = 0FFD0h ; п/п записи в  ДОЗУ
192+  0000
193+  0000              ;-----------------------------------------------------------------------
194+  0000              ; Порты устройств ПК "Специалист-MX2" (0FFE0h-0FFFF, 32 байта)
195+  0000              ;-----------------------------------------------------------------------
196+  0000
197+  0000              IO_KEYB_A       =  0FFE0h   ; ВВ55 клавиатуры
198+  0000              IO_KEYB_B       =  0FFE1h
199+  0000              IO_KEYB_C       =  0FFE2h
200+  0000              IO_KEYB_MODE    =  0FFE3h
201+  0000              IO_PROG_A       =  0FFE4h   ; ВВ55 программатора/флеш диска
202+  0000              IO_PROG_B       =  0FFE5h
203+  0000              IO_PROG_C       =  0FFE6h
204+  0000              IO_PROG_MODE    =  0FFE7h
205+  0000              IO_FDD_CMD      =  0FFE8h   ; контроллер дисковода ВГ93
206+  0000              IO_FDD_TRACK    =  0FFE9h
207+  0000              IO_FDD_SECTOR   =  0FFEAh
208+  0000              IO_FDD_DATA     =  0FFEBh
209+  0000              IO_TIMER_CH0    =  0FFECh   ; таймер ВИ53
210+  0000              IO_TIMER_CH1    =  0FFEDh
211+  0000              IO_TIMER_CH2    =  0FFEEh
212+  0000              IO_TIMER_MODE   =  0FFEFh
213+  0000              IO_FDD_REQ      =  0FFF0h   ; контроллер дисковода
214+  0000              IO_FDD_MOTOR    =  0FFF1h
215+  0000              IO_FDD_SIDE     =  0FFF2h
216+  0000              IO_FDD_DRIVE    =  0FFF3h
217+  0000              IO_COLOR        =  0FFF8h   ; регистр цвета
218+  0000              IO_PAGE_RAM     =  0FFFCh   ; порт включения основного ОЗУ
219+  0000              IO_PAGE_RAMD    =  0FFFDh   ; порт включения ОЗУ RAM-дисков
220+  0000              IO_PAGE_ROM     =  0FFFEh   ; порт включения ПЗУ
221+  0000              IO_PAGE_STD     =  0FFFFh   ; порт включения STD режима
222+  0000
223+  0000              ;-----------------------------------------------------------------------
224+  0000              ; Структура файловой системы
225+  0000              ;-----------------------------------------------------------------------
226+  0000
227+  0000              ; Структура каталога
228+  0000              FILE_DESCR_SIZE  = 32   ; размер дескриптора файла в каталоге (байт)
229+  0000              FILE_NAME_LENGTH = 8    ; длина имени файла  (байт)
230+  0000              FAT_ITEM_SIZE    = 2    ; размер записи в таблице FAT (байт)
231+  0000
232+  0000              SECTOR_SIZE  = 00100h   ; размер сектора 256 байт
233+  0000              CLUSTER_SIZE = 00100h   ; размер кластера 256 байт
234+  0000
235+  0000              ; Специальные коды кластеров FAT
236+  0000              FAT12_BAD = 00FF7h  ; плохой кластер
237+  0000              FAT16_BAD = 0FFF7h
238+  0000              FAT12_EOC = 00FFFh  ; последний кластер файла
239+  0000              FAT16_EOC = 0FFFFh
240+  0000              FAT12_RES = 00FFFh  ; зарезервированный кластер
241+  0000              FAT16_RES = 0FFFFh
242+  0000
243+  0000              ;-----------------------------------------------------------------------
244+  0000              ; Десткриптор файла (одна запись в каталоге) FAT12/16/32
245+  0000              ;-----------------------------------------------------------------------
246+  0000
247+  0000                  STRUCT FILE_DESCRIPTOR  ; 32 байта
248+  0000 ~            name            BLOCK   FILE_NAME_LENGTH    ; смещение 00h, 8 байт  - имя файла
249+  0000 ~            ext             BLOCK   3                   ; смещение 08h, 3 байта - расширение имени файла
250+  0000 ~            attrib          BLOCK   1                   ; смещение 0Bh, 1 байт  - атрибуты файла
251+  0000 ~            ntReserved      BLOCK   1                   ; смещение 0Ch, 1 байт  - используются в Windows NT
252+  0000 ~            createTimeTenth BLOCK   1                   ; смещение 0Dh, 1 байт  - (только FAT32) время создания файла, десятки миллисекунд (0-199)
253+  0000 ~            createTime      BLOCK   2                   ; смещение 0Eh, 2 байта - (только FAT32) время создания файла, секунды*2 (0-43200)
254+  0000 ~            createDate      BLOCK   2                   ; смещение 10h, 2 байта - (только FAT32) дата  создания файла
255+  0000 ~            loadAddress     BLOCK   2  ; accDate        ; смещение 12h, 2 байта - начальный адрес загрузки в ОЗУ, он же и стартовый (!!! временный костыль, в FAT32 это accDate - дата доступа к файлу !!!)
256+  0000 ~            firstClusterHi  BLOCK   2                   ; смещение 14h, 2 байта - номер первого кластера в FAT, старшее слово
257+  0000 ~            writeTime       BLOCK   2                   ; смещение 16h, 2 байта - время модификации файла, секунды*2 (0-43200)
258+  0000 ~            writeDate       BLOCK   2                   ; смещение 18h, 2 байта - дата  модификации файла
259+  0000 ~            firstCluster    BLOCK   2                   ; смещение 1Ah, 2 байта - номер первого кластера в FAT, младшее слово
260+  0000 ~            size            BLOCK   4                   ; смещение 1Ch, 4 байта - размер файла в байтах
261+  0000                  ENDS
262+  0000
263+  0000              ;-----------------------------------------------------------------------
264+  0000              ; Информация о файле (компактный вариант дескриптора)
265+  0000              ; Почти совместимо с дескриптором оригинального Коммандера
266+  0000              ;-----------------------------------------------------------------------
267+  0000
268+  0000              FILE_INFO_SIZE = 16     ; размер структуры (байт)
269+  0000
270+  0000                  STRUCT FILE_INFO    ; 16 байт
271+  0000 ~            name            BLOCK   FILE_NAME_LENGTH    ; смещение 00h, 8 байт  - имя файла
272+  0000 ~            ext             BLOCK   3                   ; смещение 08h, 3 байта - расширение имени файла
273+  0000 ~            attrib          BLOCK   1                   ; смещение 0Bh, 1 байт  - атрибуты файла
274+  0000 ~            loadAddress     BLOCK   2                   ; смещение 0Eh, 2 байта - начальный адрес загрузки в ОЗУ, он же и стартовый
275+  0000 ~            size            BLOCK   2                   ; смещение 0Ch, 2 байта - размер файла в байтах
276+  0000                  ENDS
277+  0000
278+  0000              ;-----------------------------------------------------------------------
279+  0000              ; Информация об активном накопителе (диске)
280+  0000              ;-----------------------------------------------------------------------
281+  0000
282+  0000                  STRUCT DISK_INFO
283+  0000 ~            sectorSize          BLOCK   2   ; размер сектора, байт (256, 512, 1024)
284+  0000 ~            sectorsPerCluster   BLOCK   2   ; размер кластера, секторов (1, 2, 4, 8)
285+  0000 ~            resSectors          BLOCK   2   ; сколько секторов занимает зарезервированная область = первый сектор таблицы fat
286+  0000 ~            fatSectors          BLOCK   2   ; сколько секторов занимает таблица fat
287+  0000 ~            dirSectors          BLOCK   2   ; сколько секторов занимает корневой каталог
288+  0000 ~            totalSectors        BLOCK   2   ; сколько всего секторов на диске
289+  0000 ~            rootDirMaxFiles     BLOCK   2   ; максимум файлов в корневом каталоге
290+  0000 ~            descrPerSector      BLOCK   2   ; сколько дескрипторов файлов вмещается в один сектор
291+  0000 ~            fatNumCells         BLOCK   2   ; количество ячеек в таблице fat (= fatSectors * sectorSize / 2)
292+  0000 ~            dirStartSector      BLOCK   2   ; первый сектор корневого каталога
293+  0000 ~            dataStartSector     BLOCK   2   ; первый сектор области данных
294+  0000 ~            volumeLabel         BLOCK  12   ; метка тома и 0 в конце
295+  0000 ~            isValid             BLOCK   1   ; 0 = нет драйвера, 1 = диск не распознан, 2 = диск распознан, корректно отформатирован
296+  0000                  ENDS
297+  0000
298+  0000              DISK_NO_DRIVER = 0
299+  0000              DISK_INVALID   = 1
300+  0000              DISK_VALID     = 2
301+  0000
302+  0000              ;-----------------------------------------------------------------------
303+  0000              ; Буферы в памяти
304+  0000              ;-----------------------------------------------------------------------
305+  0000
306+  0000              ; Дисковый кэш
307+  0000              FAT_CACHE_ADDR = 0FB00h ; адрес кэша секторов fat в памяти
308+  0000              FAT_CACHE_SIZE = 1024   ; размер кэша в байтах
309+  0000              FAT_CACHE_CAPACITY = FAT_CACHE_SIZE / SECTOR_SIZE   ; сколько секторов вмещается в кэш
310+  0000
311+  0000              ; Буфер для загрузки BAT файла
312+  0000                  IF NEW_MEMORY_MAP
313+  0000              BAT_BUFFER = 0E800h
314+  0000                  ELSE
315+  0000 ~            BAT_BUFFER = 0FC00h
316+  0000                  ENDIF
317+  0000
318+  0000              ; Командная строка и стек
319+  0000              CMD_LINE   = 0FF00h  ; 192 байта, но в конце стек
320+  0000              STACK_ADDR = 0FFC0h  ; стек
321+  0000
322+  0000              ;-----------------------------------------------------------------------
323+  0000              ; Всякие полезности
324+  0000              ;-----------------------------------------------------------------------
325+  0000
326+  0000              ; Макрос для заполнения памяти от текущего адреса до указанного
327+  0000                  MACRO ORG_PAD adr
328+  0000 ~                     IF $ > adr
329+  0000 ~                       ; вывод сообщения об ошибке
330+  0000 ~                       ASSERT 0
331+  0000 ~                       DISPLAY /l, "Error! ORG_PAD failed! ", $, " is more than ", adr
332+  0000 ~                     ELSE
333+  0000 ~                       ; заполнение памяти
334+  0000 ~                       BLOCK adr-$, 0FFh
335+  0000 ~                     ENDIF
336+  0000 ~                     ORG adr
337+  0000                  ENDM
338+  0000
339+  0000                  MACRO ORG_PAD0 adr
340+  0000 ~                     IF $ > adr
341+  0000 ~                       ; вывод сообщения об ошибке
342+  0000 ~                       ASSERT 0
343+  0000 ~                       DISPLAY /l, "Error! ORG_PAD0 failed! ", $, " is more than ", adr
344+  0000 ~                     ELSE
345+  0000 ~                       ; заполнение памяти
346+  0000 ~                       BLOCK adr-$, 0
347+  0000 ~                     ENDIF
348+  0000 ~                     ORG adr
349+  0000                  ENDM
350+  0000
351+  0000              ; Макросы для проверки текущего адреса
352+  0000                  MACRO ASSERT_EQUAL adr
353+  0000 ~                     IF $ != adr
354+  0000 ~                       ASSERT 0
355+  0000 ~                       DISPLAY /l, "Error! Entry point has been shifted (", $, " != ", adr, ")"
356+  0000 ~                     ENDIF
357+  0000                  ENDM
358+  0000
359+  0000                  MACRO ASSERT_DONT_FIT adr
360+  0000 ~                     IF $ > adr
361+  0000 ~                       ASSERT 0
362+  0000 ~                       DISPLAY /l, "Error! Image did not fit (", $, " > ", adr, ")"
363+  0000 ~                     ENDIF
364+  0000                  ENDM
365+  0000
366+  0000              ;-----------------------------------------------------------------------
367+  0000              ; Конец
368+  0000              ;-----------------------------------------------------------------------
369+  0000
  9   0000
 10   0000                  IF NEW_MEMORY_MAP
 11   0000                      ORG 0E800h
 12   0000                  ELSE
 13   0000 ~                    ORG 0D000h
 14   0000                  ENDIF
 15   E800
 16   E800              ; Список файлов на всю высоту панелей
 17   E800              FULL_PANELS = 0
 18   E800
 19   E800              ; Предустановки цветов:
 20   E800              ; 0 = vinxru
 21   E800              ; 1 = новый
 22   E800              ; 2 = Norton Commander
 23   E800              COLOR_PRESET = 1
 24   E800
 25   E800              COLOR_CMDLINE    =  070h        ; Цвет командной строки
 26   E800              COLOR_CMDSCREEN  =  COLOR_BIOS  ; Цвет командного экрана (когда панели спрятаны)
 27   E800
 28   E800                  IF COLOR_PRESET == 0
 29   E800 ~
 30   E800 ~            COLOR_BORDER     =  0F1h    ; Цвет рамки
 31   E800 ~            COLOR_PANELNAME  =  0A1h    ; Цвет заголовка панели (NAME)
 32   E800 ~            COLOR_FILE       =  0B1h    ; Цвет файлов
 33   E800 ~            COLOR_INFOLINE   =  0B1h    ; Цвет строки информации о текущем файле
 34   E800 ~            COLOR_CURSOR     =  0B0h    ; Цвет выделенного файла (инверсный)
 35   E800 ~            COLOR_DIALOG     =  007h    ; Цвет окон диалогов F1-F9
 36   E800 ~            COLOR_DIALOG_ERR =  047h    ; Цвет текста на окне с сообщением об ошибке
 37   E800 ~            COLOR_INFOHEADER =  0A1h    ; Заголовок информационной панели
 38   E800 ~            COLOR_INFONUMBER =  0E1h    ; Цифры на информационной панели
 39   E800 ~            COLOR_INFOTEXT   =  0F1h    ; Текст на информационной панели
 40   E800 ~            COLOR_HELP_F     =  040h    ; Цвет функциональных клавиш в строке подсказки
 41   E800 ~            COLOR_HELP_TEXT  =  071h    ; Цвет текста в строке подсказки
 42   E800 ~
 43   E800                  ELSEIF COLOR_PRESET == 1
 44   E800
 45   E800              COLOR_BORDER     =  0F1h    ; Цвет рамки
 46   E800              COLOR_PANELNAME  =  0E1h    ; Цвет заголовка панели (NAME)
 47   E800              COLOR_FILE       =  0B1h    ; Цвет файлов
 48   E800              COLOR_INFOLINE   =  0B1h    ; Цвет строки информации о текущем файле
 49   E800              COLOR_CURSOR     =  030h    ; Цвет выделенного файла (инверсный)
 50   E800              COLOR_DIALOG     =  007h    ; Цвет окон диалогов F1-F9
 51   E800              COLOR_DIALOG_ERR =  047h    ; Цвет текста на окне с сообщением об ошибке
 52   E800              COLOR_INFOHEADER =  0E1h    ; Заголовок информационной панели
 53   E800              COLOR_INFONUMBER =  0E1h    ; Цифры на информационной панели
 54   E800              COLOR_INFOTEXT   =  0F1h    ; Текст на информационной панели
 55   E800              COLOR_HELP_F     =  060h    ; Цвет функциональных клавиш в строке подсказки
 56   E800              COLOR_HELP_TEXT  =  030h    ; Цвет текста в строке подсказки
 57   E800
 58   E800                  ELSE
 59   E800 ~
 60   E800 ~            COLOR_BORDER     =  0B1h    ; Цвет рамки
 61   E800 ~            COLOR_PANELNAME  =  0E1h    ; Цвет заголовка панели (NAME)
 62   E800 ~            COLOR_FILE       =  0B1h    ; Цвет файлов
 63   E800 ~            COLOR_INFOLINE   =  0B1h    ; Цвет строки информации о текущем файле
 64   E800 ~            COLOR_CURSOR     =  030h    ; Цвет выделенного файла (инверсный)
 65   E800 ~            COLOR_DIALOG     =  007h    ; Цвет окон диалогов F1-F9
 66   E800 ~            COLOR_DIALOG_ERR =  047h    ; Цвет текста на окне с сообщением об ошибке
 67   E800 ~            COLOR_INFOHEADER =  0B1h    ; Заголовок информационной панели
 68   E800 ~            COLOR_INFONUMBER =  0E1h    ; Цифры на информационной панели
 69   E800 ~            COLOR_INFOTEXT   =  0B1h    ; Текст на информационной панели
 70   E800 ~            COLOR_HELP_F     =  070h    ; Цвет функциональных клавиш в строке подсказки
 71   E800 ~            COLOR_HELP_TEXT  =  030h    ; Цвет текста в строке подсказки
 72   E800 ~
 73   E800                  ENDIF
 74   E800
 75   E800              ;---------------------------------------------------------------------------
 76   E800              ; Макросы
 77   E800              ;---------------------------------------------------------------------------
 78   E800
 79   E800              ; Когда цвет включен, макрос вставляет такой код
 80   E800                  MACRO COLOR x
 81   E800 ~                    IF ENABLE_COLOR
 82   E800 ~                        ld a, x
 83   E800 ~                        ld (IO_COLOR), a
 84   E800 ~                    ENDIF
 85   E800                  ENDM
 86   E800
 87   E800              ; Макрос для нахождения координат строки длиной W, отцентрированной горизонтально
 88   E800                  MACRO CENTER_LINE w, y
 89   E800 ~                    ld  hl, ((60h - w * 3 / 2) << 8) + y
 90   E800 ~                    ld  (bios_vars.cursorY), hl
 91   E800                  ENDM
 92   E800
 93   E800              ;---------------------------------------------------------------------------
 94   E800              ; Код
 95   E800              ;---------------------------------------------------------------------------
 96   E800
 97   E800                  INCLUDE "start.inc"     ; Продолжается в main
  1+  E800              ;----------------------------------------------------------------------------
  2+  E800              ; MXOS NC.COM
  3+  E800              ; Запуск
  4+  E800              ;
  5+  E800              ; 2013-12-18 Дизассемблировано vinxru
  6+  E800              ;----------------------------------------------------------------------------
  7+  E800
  8+  E800              Start:      ; Отключаем инверсию
  9+  E800 21 00 00                 ld      hl, 0
 10+  E803 22 FA 8F                 ld      (bios_vars.inverse), hl
 11+  E806
 12+  E806                          ; Загружаем состояние. Если ZF, значит, уже запускали NC.COM.
 13+  E806                          ; Иначе сохраняем состояние.
 14+  E806 CD 96 EA                 call    loadState
 15+  E809 CA 17 E8                 jp z,   formatCalled
 16+  E80C
 17+  E80C                          ; loadState оставляет побайтовый драйвер ДОЗУ при первом запуске.
 18+  E80C 06 00                    ld      b, 0
 19+  E80E CD 6F C8                 call    bios_setRAMDDriver
 20+  E811
 21+  E811                          ; H используется по умолчанию только при установленном драйвере.
 22+  E811 CD 40 EE                 call    initRightDrive
 23+  E814
 24+  E814                          ; Сохраняем исправленное начальное состояние.
 25+  E814 CD 7A EA                 call    saveState
 26+  E817
 27+  E817              ; ---------------------------------------------------------------------------
 28+  E817
 29+  E817              formatCalled:
 30+  E817                          ; Выводим строку с кнопками
 31+  E817                          COLOR   COLOR_HELP_F
 31+  E817             >        IF ENABLE_COLOR
 31+  E817 3E 60       >            ld a, COLOR_HELP_F
 31+  E819 32 F8 FF    >            ld (IO_COLOR), a
 31+  E81C             >        ENDIF
 32+  E81C 0E 1F                    ld      c, 1Fh  ; очистка экрана
 33+  E81E CD 09 C8                 call    bios_printChar
 34+  E821 21 FF 01                 ld      hl, 1FFh
 35+  E824 22 FC 8F                 ld      (bios_vars.cursorY), hl
 36+  E827 21 FB F4                 ld      hl, aF1LeftF2RighF3
 37+  E82A CD 18 C8                 call    bios_printString
 38+  E82D
 39+  E82D                          ; Раскрашиваем строку с кнопками
 40+  E82D                          COLOR   COLOR_HELP_TEXT
 40+  E82D             >        IF ENABLE_COLOR
 40+  E82D 3E 30       >            ld a, COLOR_HELP_TEXT
 40+  E82F 32 F8 FF    >            ld (IO_COLOR), a
 40+  E832             >        ENDIF
 41+  E832 21 F7 92                 ld      hl, 92F7h           ; адрес первого прямоугольника
 42+  E835 16 08                    ld      d, 8                ; количество прямоугольников
 43+  E837              colToolbarLoop:
 44+  E837 01 09 04                 ld      bc, (4 << 8) + 9    ; b = ширина = 4 байта, c = высота 9 пикселей
 45+  E83A CD AD F0                 call    inverseRect
 46+  E83D 24                       inc     h
 47+  E83E 24                       inc     h
 48+  E83F 15                       dec     d
 49+  E840 C2 37 E8                 jp nz,  colToolbarLoop
 50+  E843
 51+  E843                          ; Очищаем командную строку
 52+  E843 CD F9 EF                 call    clearCmdLine
 53+  E846
 98   E846                  INCLUDE "main.inc"
  1+  E846              ;----------------------------------------------------------------------------
  2+  E846              ; MXOS NC.COM
  3+  E846              ; Основной цикл
  4+  E846              ;
  5+  E846              ; 2013-12-18 Дизассемблировано vinxru
  6+  E846              ;----------------------------------------------------------------------------
  7+  E846
  8+  E846              mainReload: ; Перерисовываем обе панели
  9+  E846 3A 55 F7                 ld      a, (state.activePanel)
 10+  E849 A7                       and     a
 11+  E84A C2 56 E8                 jp      nz, mainReload_0
 12+  E84D CD EE F0                 call    loadAndPrintA
 13+  E850 CD DF F0                 call    loadAndPrintB
 14+  E853 C3 5C E8                 jp      mainDriveChanged
 15+  E856
 16+  E856              mainReload_0:
 17+  E856 CD DF F0                 call    loadAndPrintB
 18+  E859 CD EE F0                 call    loadAndPrintA
 19+  E85C
 20+  E85C              mainDriveChanged:
 21+  E85C                          ; Вывод накопителя в ком строку
 22+  E85C                          COLOR   COLOR_CMDLINE
 22+  E85C             >        IF ENABLE_COLOR
 22+  E85C 3E 70       >            ld a, COLOR_CMDLINE
 22+  E85E 32 F8 FF    >            ld (IO_COLOR), a
 22+  E861             >        ENDIF
 23+  E861 21 F3 01                 ld      hl, 1F3h
 24+  E864 22 FC 8F                 ld      (bios_vars.cursorY), hl
 25+  E867 21 58 F7                 ld      hl, state.panelA_drive
 26+  E86A CD 8C F3                 call    readBytePanel
 27+  E86D CD 70 F3                 call    printDrive
 28+  E870
 29+  E870                          ; Вывод информации о файле
 30+  E870 CD 5B F0                 call    printInfoLine
 31+  E873
 32+  E873              mainLoop:   ; Рисуем курсор выбранного файла
 33+  E873                          COLOR   COLOR_CURSOR
 33+  E873             >        IF ENABLE_COLOR
 33+  E873 3E 30       >            ld a, COLOR_CURSOR
 33+  E875 32 F8 FF    >            ld (IO_COLOR), a
 33+  E878             >        ENDIF
 34+  E878 CD 20 F0                 call    drawCursor
 35+  E87B
 36+  E87B                          ; Положение курсора в ком строке
 37+  E87B 2A 60 F7                 ld      hl, (vars.cmdLinePos)
 38+  E87E 22 FC 8F                 ld      (bios_vars.cursorY), hl
 39+  E881
 40+  E881                          ; Ждем нажатия клавиши
 41+  E881                          COLOR   COLOR_CMDLINE
 41+  E881             >        IF ENABLE_COLOR
 41+  E881 3E 70       >            ld a, COLOR_CMDLINE
 41+  E883 32 F8 FF    >            ld (IO_COLOR), a
 41+  E886             >        ENDIF
 42+  E886 CD 03 C8                 call    bios_getch
 43+  E889
 44+  E889                          ; Стираем курсор выбранного файла
 45+  E889 F5                       push    af
 46+  E88A                          COLOR   COLOR_FILE
 46+  E88A             >        IF ENABLE_COLOR
 46+  E88A 3E B1       >            ld a, COLOR_FILE
 46+  E88C 32 F8 FF    >            ld (IO_COLOR), a
 46+  E88F             >        ENDIF
 47+  E88F CD 20 F0                 call    drawCursor
 48+  E892 F1                       pop     af
 49+  E893
 50+  E893                          ; Анализ нажатой клавиши
 51+  E893 4F                       ld      c, a
 52+  E894 DA 2F E9                 jp c,   but_ctrl
 53+  E897 A7                       and     a     ; F1 (00h)
 54+  E898 CA 4B ED                 jp z,   but_F1
 55+  E89B 3D                       dec     a     ; F2 (01h)
 56+  E89C CA 19 ED                 jp z,   but_F2
 57+  E89F 3D                       dec     a     ; F3 (02h)
 58+  E8A0 CA 32 EF                 jp z,   but_F3
 59+  E8A3 3D                       dec     a     ; F4 (03h)
 60+  E8A4 CA 7F E9                 jp z,   but_F4
 61+  E8A7 3D                       dec     a     ; F5 (04h)
 62+  E8A8 CA 8C EB                 jp z,   but_F5
 63+  E8AB 3D                       dec     a     ; F6 (05h)
 64+  E8AC CA 49 EB                 jp z,   but_F6
 65+  E8AF 3D                       dec     a     ; F7 (06h)
 66+  E8B0 CA 46 EB                 jp z,   but_F7
 67+  E8B3 3D                       dec     a     ; F8 (07h)
 68+  E8B4 CA 9E EC                 jp z,   but_F8
 69+  E8B7 3D                       dec     a     ; стрелка влево (08h)
 70+  E8B8 CA 95 EF                 jp z,   but_Left
 71+  E8BB 3D                       dec     a     ; Tab/Таб (09h)
 72+  E8BC CA 0F EF                 jp z,   but_Tab
 73+  E8BF 3D                       dec     a     ; End/ПС (0Ah)
 74+  E8C0 CA AB EF                 jp z,   but_End
 75+  E8C3 D6 02                    sub     2     ; Home/стрелка влево-вверх (0Ch)
 76+  E8C5 CA A4 EF                 jp z,   but_Home
 77+  E8C8 3D                       dec     a     ; Enter/ВК (0Dh)
 78+  E8C9 CA 8F E9                 jp z,   but_Enter
 79+  E8CC D6 0B                    sub     0Bh   ; стрелка вправо (18h)
 80+  E8CE CA 7D EF                 jp z,   but_Right
 81+  E8D1 3D                       dec     a     ; стрелка вверх (19h)
 82+  E8D2 CA 6F EF                 jp z,   but_Up
 83+  E8D5 3D                       dec     a     ; стрелка вниз (1Ah)
 84+  E8D6 CA 5A EF                 jp z,   but_Down
 85+  E8D9 3D                       dec     a     ; Esc/АР2 (1Bh)
 86+  E8DA CA 29 E9                 jp z,   but_Esc
 87+  E8DD C6 1B                    add     1Bh
 88+  E8DF FE 7F                    cp      7Fh   ; Del/ЗБ (7Fh)
 89+  E8E1 CA 0E E9                 jp z,   but_Bkspc
 90+  E8E4 FE 8A                    cp      8Ah   ; F9 (8Ah)
 91+  E8E6 CA 73 E8                 jp z,   mainLoop
 92+  E8E9 FE 20        mainLoop_e: cp      20h   ; Пробел (20h)
 93+  E8EB DA 73 E8                 jp c,   mainLoop
 94+  E8EE
 95+  E8EE                          ; Вывод символов в ком строку
 96+  E8EE 2A 62 F7                 ld      hl, (vars.cmdLineEnd)
 97+  E8F1 4F                       ld      c, a
 98+  E8F2 77                       ld      (hl), a
 99+  E8F3
100+  E8F3                          ; Если ком строка переполнена, выходим
101+  E8F3 3E A4                    ld      a, vars.cmdLineCtrl & 0FFh
102+  E8F5 BD                       cp      l
103+  E8F6 CA 73 E8                 jp z,   mainLoop
104+  E8F9
105+  E8F9                          ; Увеличиваем длину
106+  E8F9 23                       inc     hl
107+  E8FA 22 62 F7                 ld      (vars.cmdLineEnd), hl
108+  E8FD
109+  E8FD                          ; Выводим символ на экран
110+  E8FD                          COLOR   COLOR_CMDLINE
110+  E8FD             >        IF ENABLE_COLOR
110+  E8FD 3E 70       >            ld a, COLOR_CMDLINE
110+  E8FF 32 F8 FF    >            ld (IO_COLOR), a
110+  E902             >        ENDIF
111+  E902 CD 09 C8                 call    bios_printChar
112+  E905
113+  E905              mainLoop_savePos: ; ?
114+  E905 2A FC 8F                 ld      hl, (bios_vars.cursorY)
115+  E908 22 60 F7                 ld      (vars.cmdLinePos), hl
116+  E90B
117+  E90B C3 73 E8                 jp      mainLoop
118+  E90E
119+  E90E              ; ---------------------------------------------------------------------------
120+  E90E
121+  E90E              but_Bkspc:  ; Если ком строка пустая, выходим
122+  E90E 2A 62 F7                 ld      hl, (vars.cmdLineEnd)
123+  E911 3E 69                    ld      a, vars.cmdLine & 0FFh
124+  E913 BD                       cp      l
125+  E914 CA 73 E8                 jp z,   mainLoop
126+  E917
127+  E917                          ; Удаляем один символ
128+  E917 2B                       dec     hl
129+  E918 22 62 F7                 ld      (vars.cmdLineEnd), hl
130+  E91B
131+  E91B                          ; Стираем символ на экране
132+  E91B                          COLOR   070h
132+  E91B             >        IF ENABLE_COLOR
132+  E91B 3E 70       >            ld a, 070h
132+  E91D 32 F8 FF    >            ld (IO_COLOR), a
132+  E920             >        ENDIF
133+  E920 21 96 F5                 ld      hl, asc_DC17
134+  E923 CD 18 C8                 call    bios_printString
135+  E926
136+  E926 C3 05 E9                 jp    mainLoop_savePos
137+  E929
138+  E929              ; ---------------------------------------------------------------------------
139+  E929
140+  E929 CD F9 EF     but_Esc:    call    clearCmdLine
141+  E92C C3 73 E8                 jp      mainLoop
142+  E92F
143+  E92F              ; ---------------------------------------------------------------------------
144+  E92F
145+  E92F FE 0D        but_ctrl:   cp    0Dh
146+  E931 CA 37 E9                 jp z, ctrlEnter
147+  E934 C3 E9 E8                 jp    mainLoop_e
148+  E937
149+  E937              ; ---------------------------------------------------------------------------
150+  E937
151+  E937              ctrlEnter:  ; Если файл не выбран, выход
152+  E937 CD C1 F0                 call    getSelectedFile
153+  E93A 7E                       ld      a, (hl)
154+  E93B FE FF                    cp      0FFh
155+  E93D CA 73 E8                 jp z,   mainLoop
156+  E940
157+  E940 CD 66 E9                 call    selFileToCmdLine
158+  E943 C3 73 E8                 jp      mainLoop
159+  E946
 99   E946                  INCLUDE "selFileToCmdLine.inc"
  1+  E946              ;----------------------------------------------------------------------------
  2+  E946              ; MXOS NC.COM
  3+  E946              ; Сформировать строку пути выбраного файла
  4+  E946              ;
  5+  E946              ; вход:
  6+  E946              ;   hl - адрес дескриптора файла
  7+  E946              ;
  8+  E946              ; 2013-12-18 Дизассемблировано vinxru
  9+  E946              ;----------------------------------------------------------------------------
 10+  E946
 11+  E946              getSelFilePath:
 12+  E946 EB                   ex      de, hl
 13+  E947
 14+  E947                      ; Получаем текущий накопитель
 15+  E947 21 58 F7             ld      hl, state.panelA_drive
 16+  E94A CD 8C F3             call    readBytePanel
 17+  E94D C6 41                add     'A'
 18+  E94F
 19+  E94F                      ; Выводим его в ком строку
 20+  E94F 2A 62 F7             ld      hl, (vars.cmdLineEnd)
 21+  E952 77                   ld      (hl), a
 22+  E953 23                   inc     hl
 23+  E954
 24+  E954                      ; Выводим двоеточние
 25+  E954 36 3A                ld      (hl), ':'
 26+  E956 23                   inc     hl
 27+  E957
 28+  E957                      ; Выводим имя файла
 29+  E957 EB                   ex      de, hl
 30+  E958 CD 6D F4             call    compactName
 31+  E95B
 32+  E95B                      ; Ограничение длины
 33+  E95B 1B                   dec     de
 34+  E95C 3E A4                ld      a, vars.cmdLineCtrl & 0FFh
 35+  E95E BB                   cp      e
 36+  E95F D2 63 E9             jp nc,  loc_D146
 37+  E962 5F                   ld      e, a
 38+  E963              loc_D146:
 39+  E963                      ; Терминатор
 40+  E963 AF                   xor     a
 41+  E964 12                   ld      (de), a
 42+  E965 C9                   ret
 43+  E966
 44+  E966              ;----------------------------------------------------------------------------
 45+  E966              ; MXOS NC.COM
 46+  E966              ; Поместить выбранный файл в ком строку
 47+  E966              ;
 48+  E966              ; вход:
 49+  E966              ;   hl - адрес дескриптора файла
 50+  E966              ;
 51+  E966              ; 2013-12-18 Дизассемблировано vinxru
 52+  E966              ;----------------------------------------------------------------------------
 53+  E966
 54+  E966              selFileToCmdLine:
 55+  E966 CD 46 E9             call    getSelFilePath
 56+  E969
 57+  E969                      ; Вывод
 58+  E969                      COLOR   COLOR_CMDLINE
 58+  E969             >        IF ENABLE_COLOR
 58+  E969 3E 70       >            ld a, COLOR_CMDLINE
 58+  E96B 32 F8 FF    >            ld (IO_COLOR), a
 58+  E96E             >        ENDIF
 59+  E96E 2A 62 F7             ld      hl, (vars.cmdLineEnd)
 60+  E971 CD 18 C8             call    bios_printString
 61+  E974
 62+  E974                      ; Дописываем имя файла
 63+  E974 EB                   ex      de, hl
 64+  E975 22 62 F7             ld      (vars.cmdLineEnd), hl
 65+  E978
 66+  E978                      ; Сохраняем новое положение
 67+  E978 2A FC 8F             ld      hl, (bios_vars.cursorY)
 68+  E97B 22 60 F7             ld      (vars.cmdLinePos), hl
 69+  E97E C9                   ret
 70+  E97F
100   E97F                  INCLUDE "butF4.inc"
  1+  E97F              ;----------------------------------------------------------------------------
  2+  E97F              ; MXOS NC.COM
  3+  E97F              ; Клавиша F4 - запуск редактора
  4+  E97F              ;
  5+  E97F              ; 2013-12-18 Дизассемблировано vinxru
  6+  E97F              ;----------------------------------------------------------------------------
  7+  E97F
  8+  E97F              but_F4: ; Получение кол-ва файлов
  9+  E97F 21 5A F7             ld      hl, state.panelA_filesCnt
 10+  E982 CD 8C F3             call    readBytePanel
 11+  E985
 12+  E985                      ; Если файлов нет, выходим
 13+  E985 A7                   and     a
 14+  E986 CA 73 E8             jp z,   mainLoop
 15+  E989
 16+  E989                      ; Запуск редактора
 17+  E989 11 F0 F6             ld      de, aEditor   ; "A:E.COM\r"
 18+  E98C C3 D3 E9             jp      Enter_5
 19+  E98F
101   E98F                  INCLUDE "butEnter.inc"
  1+  E98F              ;----------------------------------------------------------------------------
  2+  E98F              ; MXOS NC.COM
  3+  E98F              ; Клавиша ENTER
  4+  E98F              ;
  5+  E98F              ; 2013-12-18 Дизассемблировано vinxru
  6+  E98F              ;----------------------------------------------------------------------------
  7+  E98F
  8+  E98F              but_Enter:  ; Если ком строка не пустая
  9+  E98F 2A 62 F7                 ld      hl, (vars.cmdLineEnd)
 10+  E992 3E 69                    ld      a, vars.cmdLine & 0FFh
 11+  E994 BD                       cp      l
 12+  E995 C2 04 EA                 jp nz,  EnterCmdLine
 13+  E998
 14+  E998                          ; Запомнить текущий диск в регистре b
 15+  E998 1E 00                    ld      e, 0
 16+  E99A CD 42 C8                 call    bios_fileGetSetDrive
 17+  E99D 47                       ld      b, a
 18+  E99E
 19+  E99E                          ; Подготовить имя файла A:NC.EXT
 20+  E99E 21 E7 F6                 ld      hl, aNcExt
 21+  E9A1 11 D2 F7                 ld      de, vars.tempFileDescr; vars.tempFileDescr используется как буфер
 22+  E9A4 CD 5A C8                 call    bios_fileNamePrepare
 23+  E9A7 EB                       ex      de, hl
 24+  E9A8
 25+  E9A8                          ; Загрузить файл A:NC.EXT по адресу 0
 26+  E9A8 21 D2 F7                 ld      hl, vars.tempFileDescr
 27+  E9AB 11 00 00                 ld      de, 0
 28+  E9AE 0E 01                    ld      c, 1
 29+  E9B0 CD 54 C8                 call    bios_fileGetSetAddr ; изменить адрес загрузки файла на de = 0
 30+  E9B3 CD 48 C8                 call    bios_fileLoad
 31+  E9B6 DA F9 E9                 jp c,   Enter_stdExec
 32+  E9B9
 33+  E9B9                          ; Переключить диск обратно
 34+  E9B9                          ;mov    a, b
 35+  E9B9                          ;mvi    e, 1
 36+  E9B9                          ;call   bios_fileGetSetDrive
 37+  E9B9
 38+  E9B9                          ; Получить имя выбранного файла
 39+  E9B9 CD C1 F0                 call    getSelectedFile
 40+  E9BC 7E                       ld      a, (hl)
 41+  E9BD 3C                       inc     a
 42+  E9BE CA 73 E8                 jp z,   mainLoop ; Ничего не выбрано
 43+  E9C1
 44+  E9C1                          ; hl = указатель на расширение файла
 45+  E9C1 11 08 00                 ld      de, FILE_DESCRIPTOR.ext
 46+  E9C4 19                       add     hl, de
 47+  E9C5
 48+  E9C5 11 00 00                 ld      de, 0
 49+  E9C8
 50+  E9C8                          ; Сравниваем с расширеним из файла,
 51+  E9C8                          ; нечувствительно к регистру
 52+  E9C8              Enter_extLoop:
 53+  E9C8 E5                       push    hl
 54+  E9C9 0E 03                    ld      c, 3
 55+  E9CB CD 7B C8                 call    bios_stricmp
 56+  E9CE C2 6B EA                 jp nz,  Enter_nextExt
 57+  E9D1
 58+  E9D1                          ; Найдено расширение
 59+  E9D1 E1                       pop     hl
 60+  E9D2 13                       inc     de
 61+  E9D3
 62+  E9D3                          ; Копирование имени выбранного файла в ком строку
 63+  E9D3              Enter_5:
 64+  E9D3 21 69 F7                 ld      hl, vars.cmdLine
 65+  E9D6              Enter_4:
 66+  E9D6 1A                       ld      a, (de)
 67+  E9D7 77                       ld      (hl),a
 68+  E9D8 FE 0D                    cp      0Dh
 69+  E9DA CA E6 E9                 jp z,   Enter_3
 70+  E9DD 3C                       inc     a
 71+  E9DE CA E6 E9                 jp z,   Enter_3
 72+  E9E1 23                       inc     hl
 73+  E9E2 13                       inc     de
 74+  E9E3 C3 D6 E9                 jp      Enter_4
 75+  E9E6
 76+  E9E6              ; ---------------------------------------------------------------------------
 77+  E9E6
 78+  E9E6              Enter_3:
 79+  E9E6 36 20                    ld      (hl), ' '
 80+  E9E8 23                       inc     hl
 81+  E9E9 36 00                    ld      (hl), 0
 82+  E9EB 22 62 F7                 ld      (vars.cmdLineEnd), hl
 83+  E9EE
 84+  E9EE                          ; Вывод командной строки на экран
 85+  E9EE                          COLOR   COLOR_CMDSCREEN
 85+  E9EE             >        IF ENABLE_COLOR
 85+  E9EE 3E F0       >            ld a, COLOR_CMDSCREEN
 85+  E9F0 32 F8 FF    >            ld (IO_COLOR), a
 85+  E9F3             >        ENDIF
 86+  E9F3 21 69 F7                 ld      hl, vars.cmdLine
 87+  E9F6 CD 18 C8                 call    bios_printString
 88+  E9F9
 89+  E9F9              Enter_stdExec:
 90+  E9F9                          ; Получить выбранный файл
 91+  E9F9 CD C1 F0                 call     getSelectedFile
 92+  E9FC
 93+  E9FC                          ; Ничего не выбрано
 94+  E9FC 7E                       ld      a, (hl)
 95+  E9FD 3C                       inc     a
 96+  E9FE CA 73 E8                 jp z,   mainLoop
 97+  EA01
 98+  EA01                          ; ?
 99+  EA01 CD 66 E9                 call    selFileToCmdLine
100+  EA04
101+  EA04              EnterCmdLine:
102+  EA04                          ; Команда X: без имени переключает активную панель на диск X.
103+  EA04 2A 62 F7                 ld      hl, (vars.cmdLineEnd)
104+  EA07 11 6B F7                 ld      de, vars.cmdLine + 2
105+  EA0A CD 27 C4                 call    bios_cmp_hl_de
106+  EA0D C2 53 EA                 jp nz,  EnterExec
107+  EA10
108+  EA10 3A 6A F7                 ld      a, (vars.cmdLine + 1)
109+  EA13 FE 3A                    cp      ':'
110+  EA15 C2 53 EA                 jp nz,  EnterExec
111+  EA18
112+  EA18 3A 69 F7                 ld      a, (vars.cmdLine)
113+  EA1B E6 DF                    and     0DFh
114+  EA1D D6 41                    sub     'A'
115+  EA1F FE 08                    cp      8
116+  EA21 D2 53 EA                 jp nc,  EnterExec
117+  EA24 4F                       ld      c, a
118+  EA25
119+  EA25                          ; Не переключаться на букву без установленного драйвера.
120+  EA25 C5                       push    bc
121+  EA26 CD 4F EE                 call    buildDriveList
122+  EA29 C1                       pop     bc
123+  EA2A CD 96 EE                 call    findDrive
124+  EA2D DA 53 EA                 jp c,   EnterExec
125+  EA30
126+  EA30 79                       ld      a, c
127+  EA31 21 58 F7                 ld      hl, state.panelA_drive
128+  EA34 CD 7B F3                 call    writeBytePanel
129+  EA37 AF                       xor     a
130+  EA38 21 56 F7                 ld      hl, state.panelA_info
131+  EA3B CD 7B F3                 call    writeBytePanel
132+  EA3E 21 5C F7                 ld      hl, state.panelA_firstFile
133+  EA41 CD 7B F3                 call    writeBytePanel
134+  EA44 21 5E F7                 ld      hl, state.panelA_curFile
135+  EA47 CD 7B F3                 call    writeBytePanel
136+  EA4A
137+  EA4A CD F9 EF                 call    clearCmdLine
138+  EA4D CD 7A EA                 call    saveState
139+  EA50 C3 46 E8                 jp      mainReload
140+  EA53
141+  EA53              EnterExec:
142+  EA53                          ; Очистка экрана
143+  EA53                          COLOR   COLOR_CMDSCREEN
143+  EA53             >        IF ENABLE_COLOR
143+  EA53 3E F0       >            ld a, COLOR_CMDSCREEN
143+  EA55 32 F8 FF    >            ld (IO_COLOR), a
143+  EA58             >        ENDIF
144+  EA58 0E 1F                    ld      c, 1Fh
145+  EA5A CD 09 C8                 call    bios_printChar
146+  EA5D
147+  EA5D                          ; Помещаем в конец ком строки 0Dh
148+  EA5D 2A 62 F7                 ld      hl, (vars.cmdLineEnd)
149+  EA60 36 0D                    ld      (hl), 0Dh
150+  EA62
151+  EA62                          ; Сохраняем состояние
152+  EA62 CD 7A EA                 call    saveState
153+  EA65
154+  EA65                          ; Запускаем файл
155+  EA65 21 69 F7                 ld      hl, vars.cmdLine
156+  EA68 C3 5D C8                 jp      bios_fileExec
157+  EA6B
158+  EA6B              ; ---------------------------------------------------------------------------
159+  EA6B
160+  EA6B              Enter_nextExt:
161+  EA6B E1                       pop     hl
162+  EA6C
163+  EA6C              Enter_2:
164+  EA6C 1A                       ld      a, (de)
165+  EA6D 13                       inc     de
166+  EA6E FE 0D                    cp      0Dh
167+  EA70 CA C8 E9                 jp z,   Enter_extLoop
168+  EA73 3C                       inc     a
169+  EA74 C2 6C EA                 jp      nz, Enter_2
170+  EA77 C3 F9 E9                 jp      Enter_stdExec
171+  EA7A
102   EA7A                  INCLUDE "saveLoadState.inc"
  1+  EA7A              ;----------------------------------------------------------------------------
  2+  EA7A              ; MXOS NC.COM
  3+  EA7A              ; Cохранение состояния в ДОЗУ
  4+  EA7A              ;
  5+  EA7A              ; 2013-12-18 Дизассемблировано vinxru
  6+  EA7A              ;----------------------------------------------------------------------------
  7+  EA7A
  8+  EA7A              saveState:
  9+  EA7A                          ; Устанавливаем побайтовый драйвер
 10+  EA7A 06 01                    ld      b, 1
 11+  EA7C CD 6F C8                 call    bios_setRAMDDriver
 12+  EA7F
 13+  EA7F 11 54 F7                 ld      de, state           ; откуда (в ОЗУ)
 14+  EA82 21 00 FF                 ld      hl, 0FF00h          ; куда (в ДОЗУ)
 15+  EA85 06 0C                    ld      b,  stateEnd-state  ; сколько байт
 16+  EA87
 17+  EA87              saveStateLoop:
 18+  EA87 1A                       ld      a, (de)
 19+  EA88 4F                       ld      c, a                ; записываемый байт в c
 20+  EA89 AF                       xor     a                   ; 0 страница ДОЗУ
 21+  EA8A CD D0 FF                 call    bios_RAMDWrite
 22+  EA8D 23                       inc     hl
 23+  EA8E 13                       inc     de
 24+  EA8F 05                       dec     b
 25+  EA90 C2 87 EA                 jp nz,  saveStateLoop
 26+  EA93
 27+  EA93                          ; Восстанавливаем блочный драйвер
 28+  EA93                          ; b уже 0 здесь
 29+  EA93 C3 6F C8                 jp      bios_setRAMDDriver
 30+  EA96
 31+  EA96
 32+  EA96              ;----------------------------------------------------------------------------
 33+  EA96              ; MXOS NC.COM
 34+  EA96              ; Загрузка состояния из ДОЗУ
 35+  EA96              ;
 36+  EA96              ; выход:
 37+  EA96              ;   флаг  z, если в ДОЗУ есть метка "запускалось"
 38+  EA96              ;   флаг nz, если в ДОЗУ нет  метки "запускалось"
 39+  EA96              ;   Дравер не восстанавливается!
 40+  EA96              ;
 41+  EA96              ; 2022-02-02 SpaceEngineer
 42+  EA96              ;----------------------------------------------------------------------------
 43+  EA96
 44+  EA96              loadState:
 45+  EA96                          ; Устанавливаем побайтовый драйвер
 46+  EA96 06 01                    ld      b, 1
 47+  EA98 CD 6F C8                 call    bios_setRAMDDriver
 48+  EA9B
 49+  EA9B                          ; Если в рам-диске по адресу 0FF00h (последний неполный сектор)
 50+  EA9B                          ; нет специальной метки, значит, не запускали форматирование.
 51+  EA9B 21 00 FF                 ld      hl, 0FF00h          ; адрес в странице
 52+  EA9E AF                       xor     a                   ; 0 страница ДОЗУ
 53+  EA9F CD C0 FF                 call    bios_RAMDRead
 54+  EAA2 79                       ld      a, c                ; считанный байт в c
 55+  EAA3 FE 5A                    cp      5Ah
 56+  EAA5 C0                       ret nz                      ; метки нет - выходим с флагом nz
 57+  EAA6
 58+  EAA6                          ; Иначе загружаем состояние
 59+  EAA6 11 54 F7                 ld      de, state           ; куда (в ОЗУ)
 60+  EAA9 21 00 FF                 ld      hl, 0FF00h          ; откуда (в ДОЗУ)
 61+  EAAC 06 0C                    ld      b,  stateEnd-state  ; сколько байт байт
 62+  EAAE
 63+  EAAE              loadStateLoop:
 64+  EAAE AF                       xor     a                   ; 0 страница ДОЗУ
 65+  EAAF CD C0 FF                 call    bios_RAMDRead
 66+  EAB2 79                       ld      a, c                ; считанный байт в c
 67+  EAB3 12                       ld      (de), a
 68+  EAB4 23                       inc     hl
 69+  EAB5 13                       inc     de
 70+  EAB6 05                       dec     b
 71+  EAB7 C2 AE EA                 jp nz,  loadStateLoop
 72+  EABA
 73+  EABA                          ; Восстанавливаем блочный драйвер
 74+  EABA                          ; b уже 0 здесь
 75+  EABA CD 6F C8                 call    bios_setRAMDDriver
 76+  EABD
 77+  EABD AF                       xor     a   ; для выхода с флагом z
 78+  EABE C9                       ret
 79+  EABF
103   EABF                  INCLUDE "drawWindow.inc"
  1+  EABF              ;----------------------------------------------------------------------------
  2+  EABF              ; MXOS NC.COM
  3+  EABF              ; Рисование окошек
  4+  EABF              ;
  5+  EABF              ; 2013-12-18 Дизассемблировано vinxru
  6+  EABF              ;----------------------------------------------------------------------------
  7+  EABF
  8+  EABF              drawWindowIfSel:
  9+  EABF                      ; Получить кол-во файлов
 10+  EABF 21 5A F7             ld      hl, state.panelA_filesCnt
 11+  EAC2 CD 8C F3             call    readBytePanel
 12+  EAC5
 13+  EAC5                      ; Если файлов нет, выходим
 14+  EAC5 A7                   and     a
 15+  EAC6 E1                   pop     hl ; Адрес возврата
 16+  EAC7 CA 5C E8             jp z,   mainDriveChanged
 17+  EACA E5                   push    hl
 18+  EACB
 19+  EACB
 20+  EACB              ; ---------------------------------------------------------------------------
 21+  EACB
 22+  EACB              drawWindow1:
 23+  EACB                      COLOR   COLOR_DIALOG
 23+  EACB             >        IF ENABLE_COLOR
 23+  EACB 3E 07       >            ld a, COLOR_DIALOG
 23+  EACD 32 F8 FF    >            ld (IO_COLOR), a
 23+  EAD0             >        ENDIF
 24+  EAD0
 25+  EAD0                      ; Рисуем окно
 26+  EAD0 21 3C F7             ld      hl, g_window1
 27+  EAD3 CD D7 F3             call    draw
 28+  EAD6
 29+  EAD6                      ; Рисуем прямоугольник
 30+  EAD6 21 65 9F             ld      hl, 9F65h           ; x=120 y=101
 31+  EAD9 01 0B 12             ld      bc, (18 << 8) + 11  ; w=144 h=11
 32+  EADC C3 AD F0             jp      inverseRect
 33+  EADF
 34+  EADF              ; ---------------------------------------------------------------------------
 35+  EADF
 36+  EADF              drawWindow2:
 37+  EADF                      COLOR   COLOR_DIALOG
 37+  EADF             >        IF ENABLE_COLOR
 37+  EADF 3E 07       >            ld a, COLOR_DIALOG
 37+  EAE1 32 F8 FF    >            ld (IO_COLOR), a
 37+  EAE4             >        ENDIF
 38+  EAE4
 39+  EAE4                      ; Рисуем окно
 40+  EAE4 21 48 F7             ld      hl, g_window2
 41+  EAE7 CD D7 F3             call    draw
 42+  EAEA
 43+  EAEA                      ; Рисуем прямоугольник
 44+  EAEA 21 87 9E             ld      hl, 9E87h           ; x=112 y=135
 45+  EAED 01 0B 14             ld      bc, (20 << 8) + 11  ; w=160 h=11
 46+  EAF0 C3 AD F0             jp      inverseRect
 47+  EAF3
104   EAF3                  INCLUDE "printStringInv.inc"
  1+  EAF3              ;----------------------------------------------------------------------------
  2+  EAF3              ; MXOS NC.COM
  3+  EAF3              ; Вывод инверсной строки
  4+  EAF3              ;
  5+  EAF3              ; 2013-12-18 Дизассемблировано vinxru
  6+  EAF3              ;----------------------------------------------------------------------------
  7+  EAF3
  8+  EAF3 3E 01        printStringInv:   ld    a, 1
  9+  EAF5 32 FA 8F                 ld    (bios_vars.inverse),a
 10+  EAF8 CD 18 C8                 call  bios_printString
 11+  EAFB AF                       xor   a
 12+  EAFC 32 FA 8F                 ld    (bios_vars.inverse),a
 13+  EAFF C9                       ret
 14+  EB00
105   EB00                  INCLUDE "inputForCopyMove.inc"
  1+  EB00              ;----------------------------------------------------------------------------
  2+  EB00              ; MXOS NC.COM
  3+  EB00              ; Ввод строки в которой изначально содержится имя выбранного файла
  4+  EB00              ;
  5+  EB00              ; 2013-12-18 Дизассемблировано vinxru
  6+  EB00              ;----------------------------------------------------------------------------
  7+  EB00
  8+  EB00              inputForRename:
  9+  EB00                          ; Буква диска показана в заголовке и в поле не редактируется.
 10+  EB00 21 6E 3D                 ld      hl, 3D6Eh
 11+  EB03 22 FC 8F                 ld      (bios_vars.cursorY), hl
 12+  EB06 11 B2 F7                 ld      de, vars.input
 13+  EB09 C3 30 EB                 jp      inputForCopyMoveName
 14+  EB0C
 15+  EB0C              inputForCopyMove:
 16+  EB0C                          ; Положение курсора
 17+  EB0C 21 6E 3D                 ld      hl, 3D6Eh
 18+  EB0F 22 FC 8F                 ld      (bios_vars.cursorY), hl
 19+  EB12
 20+  EB12                          ; Строка для редактирования
 21+  EB12 11 B2 F7                 ld      de, vars.input
 22+  EB15
 23+  EB15                          ; Отображается ли панель?
 24+  EB15 21 56 F7                 ld      hl, state.panelA_info
 25+  EB18 3A 55 F7                 ld      a, (state.activePanel)
 26+  EB1B A7                       and     a
 27+  EB1C C2 20 EB                 jp nz,      loc_D255
 28+  EB1F 23                       inc     hl
 29+  EB20 7E           loc_D255:   ld      a, (hl)
 30+  EB21
 31+  EB21                          ; Если не отображается, то накопитель в стркоу не помещать
 32+  EB21 A7                       and     a
 33+  EB22 C2 30 EB                 jp nz,      loc_D265
 34+  EB25
 35+  EB25                          ; Записываем букву накопителя
 36+  EB25 23                       inc     hl
 37+  EB26 23                       inc     hl
 38+  EB27 7E                       ld      a, (hl)
 39+  EB28 C6 41                    add     'A'
 40+  EB2A 12                       ld      (de),a
 41+  EB2B 13                       inc     de
 42+  EB2C
 43+  EB2C                          ; Записываем ':'
 44+  EB2C 3E 3A                    ld      a, ':'
 45+  EB2E 12                       ld      (de),a
 46+  EB2F 13                       inc     de
 47+  EB30
 48+  EB30              loc_D265:
 49+  EB30              inputForCopyMoveName:
 50+  EB30                          ; Записать выбранный файл
 51+  EB30 CD C1 F0                 call    getSelectedFile
 52+  EB33 CD 6D F4                 call    compactName
 53+  EB36
 54+  EB36                          ; Записать терминатор
 55+  EB36 1B                       dec     de  ; compactName добавляет в конец строки ' ', 0Dh
 56+  EB37 1B                       dec     de
 57+  EB38 AF                       xor     a
 58+  EB39 12                       ld      (de),a
 59+  EB3A
 60+  EB3A                          ; Перейти к редакированию
 61+  EB3A C3 AA F4                 jp      input
 62+  EB3D
106   EB3D                  INCLUDE "printSelDrive.inc"
  1+  EB3D              ;----------------------------------------------------------------------------
  2+  EB3D              ; MXOS NC.COM
  3+  EB3D              ; Вывод текущего накопителя
  4+  EB3D              ;
  5+  EB3D              ; 2013-12-18 Дизассемблировано vinxru
  6+  EB3D              ;----------------------------------------------------------------------------
  7+  EB3D
  8+  EB3D              ; Печать буквы активного диска
  9+  EB3D
 10+  EB3D 21 58 F7     printSelDrive:    ld    hl, state.panelA_drive
 11+  EB40 CD 8C F3                 call  readBytePanel
 12+  EB43 C3 70 F3                 jp    printDrive
 13+  EB46
107   EB46                  INCLUDE "butF7.inc"
  1+  EB46              ;----------------------------------------------------------------------------
  2+  EB46              ; MXOS NC.COM
  3+  EB46              ; F7 - MkDir. Резерв для будущей реализации создания каталога.
  4+  EB46              ;----------------------------------------------------------------------------
  5+  EB46
  6+  EB46              but_F7:
  7+  EB46 C3 73 E8                 jp      mainLoop
108   EB49                  INCLUDE "butF6.inc"
  1+  EB49              ;----------------------------------------------------------------------------
  2+  EB49              ; MXOS NC.COM
  3+  EB49              ; F6 - переименование файла на исходном диске.
  4+  EB49              ;----------------------------------------------------------------------------
  5+  EB49
  6+  EB49              but_F6:
  7+  EB49 CD BF EA                 call    drawWindowIfSel
  8+  EB4C
  9+  EB4C                          CENTER_LINE 12, 5Eh
  9+  EB4C 21 5E 4E    >        ld  hl, ((60h - 12 * 3 / 2) << 8) + 5Eh
  9+  EB4F 22 FC 8F    >        ld  (bios_vars.cursorY), hl
 10+  EB52 21 45 F6                 ld      hl, aRenameOn
 11+  EB55 CD 18 C8                 call    bios_printString
 12+  EB58 CD 3D EB                 call    printSelDrive
 13+  EB5B
 14+  EB5B CD 00 EB                 call    inputForRename
 15+  EB5E FE 1B                    cp      1Bh
 16+  EB60 CA 46 E8                 jp z,   mainReload
 17+  EB63
 18+  EB63                          ; Поле содержит только имя. Явно выбрать диск активной панели:
 19+  EB63                          ; указать другой диск в строке переименования теперь невозможно.
 20+  EB63 21 58 F7                 ld      hl, state.panelA_drive
 21+  EB66 CD 8C F3                 call    readBytePanel
 22+  EB69 1E 01                    ld      e, 1
 23+  EB6B CD 42 C8                 call    bios_fileGetSetDrive
 24+  EB6E
 25+  EB6E 21 B2 F7                 ld      hl, vars.input
 26+  EB71 11 D2 F7                 ld      de, vars.tempFileDescr
 27+  EB74 CD 5A C8                 call    bios_fileNamePrepare
 28+  EB77
 29+  EB77 CD C1 F0                 call    getSelectedFile
 30+  EB7A 11 D2 F7                 ld      de, vars.tempFileDescr
 31+  EB7D CD 4E C8                 call    bios_fileRename
 32+  EB80 DA 86 EB                 jp c,   renameFileError
 33+  EB83 C3 46 E8                 jp      mainReload
 34+  EB86
 35+  EB86              renameFileError:
 36+  EB86 21 32 F6                 ld      hl, aCantRenameFile
 37+  EB89 C3 59 EC                 jp      copyFileShowError
109   EB8C                  INCLUDE "butF5.inc"
  1+  EB8C              ;----------------------------------------------------------------------------
  2+  EB8C              ; MXOS NC.COM
  3+  EB8C              ; Клавиша F5 - копирование
  4+  EB8C              ;
  5+  EB8C              ; 2013-12-18 Дизассемблировано vinxru
  6+  EB8C              ;----------------------------------------------------------------------------
  7+  EB8C
  8+  EB8C              but_F5: ; Рисуем окно
  9+  EB8C CD BF EA             call    drawWindowIfSel
 10+  EB8F
 11+  EB8F                      ; Выводм "COPYING FROM A: TO"
 12+  EB8F                      CENTER_LINE 15, 5Eh
 12+  EB8F 21 5E 4A    >        ld  hl, ((60h - 15 * 3 / 2) << 8) + 5Eh
 12+  EB92 22 FC 8F    >        ld  (bios_vars.cursorY), hl
 13+  EB95 22 FC 8F             ld      (bios_vars.cursorY), hl
 14+  EB98 21 9A F5             ld      hl, aCopyFromTo
 15+  EB9B CD 18 C8             call    bios_printString
 16+  EB9E CD 3D EB             call    printSelDrive
 17+  EBA1
 18+  EBA1 CD 0C EB             call    inputForCopyMove
 19+  EBA4 FE 1B                cp      1Bh
 20+  EBA6 CA 46 E8             jp z,   mainReload
 21+  EBA9
 22+  EBA9 CD AF EB             call    copyFileInt
 23+  EBAC C3 46 E8             jp      mainReload
 24+  EBAF
110   EBAF                  INCLUDE "copyFileInt.inc"
  1+  EBAF              ;----------------------------------------------------------------------------
  2+  EBAF              ; MXOS NC.COM
  3+  EBAF              ; Копирование выбранного файла через временный 32-байтовый дескриптор.
  4+  EBAF              ;
  5+  EBAF              ; Файл пока целиком загружается в 0000h. Размер ограничен 36 КБ, чтобы не
  6+  EBAF              ; затереть экран и системную область. Потоковое копирование будет отдельным
  7+  EBAF              ; изменением DOS ABI.
  8+  EBAF              ;----------------------------------------------------------------------------
  9+  EBAF
 10+  EBAF              copyFileInt:
 11+  EBAF                          ; Явно выбрать диск активной панели.
 12+  EBAF 21 58 F7                 ld      hl, state.panelA_drive
 13+  EBB2 CD 8C F3                 call    readBytePanel
 14+  EBB5 1E 01                    ld      e, 1
 15+  EBB7 CD 42 C8                 call    bios_fileGetSetDrive
 16+  EBBA
 17+  EBBA                          ; Скопировать имя выбранного файла в полный дескриптор.
 18+  EBBA CD C1 F0                 call    getSelectedFile
 19+  EBBD 11 D2 F7                 ld      de, vars.tempFileDescr
 20+  EBC0 0E 0B                    ld      c, FILE_NAME_LENGTH + 3
 21+  EBC2              copyFileNameLoop:
 22+  EBC2 7E                       ld      a, (hl)
 23+  EBC3 12                       ld      (de), a
 24+  EBC4 23                       inc     hl
 25+  EBC5 13                       inc     de
 26+  EBC6 0D                       dec     c
 27+  EBC7 C2 C2 EB                 jp nz,  copyFileNameLoop
 28+  EBCA
 29+  EBCA                          ; Получить полный дескриптор до загрузки и проверить размер.
 30+  EBCA 21 D2 F7                 ld      hl, vars.tempFileDescr
 31+  EBCD CD 51 C8                 call    bios_fileLoadInfo
 32+  EBD0 DA 37 EC                 jp c,   copyFileReadError
 33+  EBD3
 34+  EBD3 21 F0 F7                 ld      hl, vars.tempFileDescr + FILE_DESCRIPTOR.size + 2
 35+  EBD6 7E                       ld      a, (hl)
 36+  EBD7 23                       inc     hl
 37+  EBD8 B6                       or      (hl)
 38+  EBD9 C2 56 EC                 jp nz,  copyFileTooLarge
 39+  EBDC 2A EE F7                 ld      hl, (vars.tempFileDescr + FILE_DESCRIPTOR.size)
 40+  EBDF 7C                       ld      a, h
 41+  EBE0 FE 90                    cp      090h
 42+  EBE2 D2 56 EC                 jp nc,  copyFileTooLarge
 43+  EBE5
 44+  EBE5 2A E4 F7                 ld      hl, (vars.tempFileDescr + FILE_DESCRIPTOR.loadAddress)
 45+  EBE8 22 65 F7                 ld      (vars.copyLoadAddr), hl
 46+  EBEB
 47+  EBEB                          ; Загрузить исходный файл в буфер 0000h.
 48+  EBEB 21 D2 F7                 ld      hl, vars.tempFileDescr
 49+  EBEE 11 00 00                 ld      de, 0
 50+  EBF1 CD 66 C8                 call    bios_fileLoad2
 51+  EBF4 DA 37 EC                 jp c,   copyFileReadError
 52+  EBF7
 53+  EBF7                          ; Подготовить имя назначения. fileNamePrepare одновременно
 54+  EBF7                          ; выбирает диск из префикса X:.
 55+  EBF7 21 B2 F7                 ld      hl, vars.input
 56+  EBFA 11 D2 F7                 ld      de, vars.tempFileDescr
 57+  EBFD CD 5A C8                 call    bios_fileNamePrepare
 58+  EC00
 59+  EC00                          ; Не передавать невалидный v_diskInfo файловым функциям.
 60+  EC00 06 03                    ld      b, 3
 61+  EC02 CD 63 C8                 call    bios_diskDriver
 62+  EC05 7A                       ld      a, d
 63+  EC06 B3                       or      e
 64+  EC07 CA 3D EC                 jp z,   copyFileNoDriver
 65+  EC0A 01 22 00                 ld      bc, DISK_INFO.isValid
 66+  EC0D 09                       add     hl, bc
 67+  EC0E 7E                       ld      a, (hl)
 68+  EC0F FE 02                    cp      DISK_VALID
 69+  EC11 C2 43 EC                 jp nz,  copyFileNotFormatted
 70+  EC14
 71+  EC14                          ; fileCreate берёт данные по loadAddress, поэтому источник 0000h.
 72+  EC14 AF                       xor     a
 73+  EC15 32 E4 F7                 ld      (vars.tempFileDescr + FILE_DESCRIPTOR.loadAddress), a
 74+  EC18 32 E5 F7                 ld      (vars.tempFileDescr + FILE_DESCRIPTOR.loadAddress + 1), a
 75+  EC1B
 76+  EC1B 21 D2 F7                 ld      hl, vars.tempFileDescr
 77+  EC1E CD 45 C8                 call    bios_fileCreate
 78+  EC21 DA 49 EC                 jp c,   copyFileCreateError
 79+  EC24
 80+  EC24                          ; Вернуть файлу исходный адрес загрузки.
 81+  EC24 2A 65 F7                 ld      hl, (vars.copyLoadAddr)
 82+  EC27 EB                       ex      de, hl
 83+  EC28 21 D2 F7                 ld      hl, vars.tempFileDescr
 84+  EC2B 0E 01                    ld      c, 1
 85+  EC2D CD 54 C8                 call    bios_fileGetSetAddr
 86+  EC30 D0                       ret nc
 87+  EC31
 88+  EC31 21 D5 F5                 ld      hl, aCantSetFileAddr
 89+  EC34 C3 59 EC                 jp      copyFileShowError
 90+  EC37
 91+  EC37              copyFileReadError:
 92+  EC37 21 C3 F5                 ld      hl, aCantReadFile
 93+  EC3A C3 59 EC                 jp      copyFileShowError
 94+  EC3D
 95+  EC3D              copyFileNoDriver:
 96+  EC3D 21 F5 F5                 ld      hl, aDestNoDriver
 97+  EC40 C3 59 EC                 jp      copyFileShowError
 98+  EC43
 99+  EC43              copyFileNotFormatted:
100+  EC43 21 0A F6                 ld      hl, aDestNotFormatted
101+  EC46 C3 59 EC                 jp      copyFileShowError
102+  EC49
103+  EC49              copyFileCreateError:
104+  EC49 A7                       and     a
105+  EC4A 21 AF F5                 ld      hl, aRootDirFull
106+  EC4D CA 59 EC                 jp z,   copyFileShowError
107+  EC50 21 E7 F5                 ld      hl, aDiskIsFull
108+  EC53 C3 59 EC                 jp      copyFileShowError
109+  EC56
110+  EC56              copyFileTooLarge:
111+  EC56 21 1F F6                 ld      hl, aFileTooLarge
112+  EC59
113+  EC59              copyFileShowError:
114+  EC59 E5                       push    hl
115+  EC5A CD DF EA                 call    drawWindow2
116+  EC5D                          COLOR   COLOR_DIALOG_ERR
116+  EC5D             >        IF ENABLE_COLOR
116+  EC5D 3E 47       >            ld a, COLOR_DIALOG_ERR
116+  EC5F 32 F8 FF    >            ld (IO_COLOR), a
116+  EC62             >        ENDIF
117+  EC62                          CENTER_LINE 20, 80h
117+  EC62 21 80 42    >        ld  hl, ((60h - 20 * 3 / 2) << 8) + 80h
117+  EC65 22 FC 8F    >        ld  (bios_vars.cursorY), hl
118+  EC68 E1                       pop     hl
119+  EC69 CD 18 C8                 call    bios_printString
120+  EC6C
121+  EC6C                          COLOR   COLOR_DIALOG
121+  EC6C             >        IF ENABLE_COLOR
121+  EC6C 3E 07       >            ld a, COLOR_DIALOG
121+  EC6E 32 F8 FF    >            ld (IO_COLOR), a
121+  EC71             >        ENDIF
122+  EC71 21 90 50                 ld      hl, 5090h
123+  EC74 22 FC 8F                 ld      (bios_vars.cursorY), hl
124+  EC77 21 B2 F7                 ld      hl, vars.input
125+  EC7A CD F3 EA                 call    printStringInv
126+  EC7D
127+  EC7D              copyFileAnyKey:
128+  EC7D CD 1B C8                 call    bios_keyScan
129+  EC80 3C                       inc     a
130+  EC81 CA 7D EC                 jp z,   copyFileAnyKey
131+  EC84 C3 46 E8                 jp      mainReload
111   EC87                  INCLUDE "printInvSelFile.inc"
  1+  EC87              ;----------------------------------------------------------------------------
  2+  EC87              ; MXOS NC.COM
  3+  EC87              ; Инверсный вывод имени выбранного файла
  4+  EC87              ;
  5+  EC87              ; 2013-12-18 Дизассемблировано vinxru
  6+  EC87              ;----------------------------------------------------------------------------
  7+  EC87
  8+  EC87              printInvSelFile:
  9+  EC87 CD C1 F0                 call  getSelectedFile
 10+  EC8A EB                       ex    de, hl
 11+  EC8B 21 6E 50     printInvFile:     ld    hl, 506Eh
 12+  EC8E 22 FC 8F                 ld    (bios_vars.cursorY), hl
 13+  EC91 EB                       ex    de, hl
 14+  EC92 11 B2 F7                 ld    de, vars.input
 15+  EC95 CD 6D F4                 call  compactName
 16+  EC98 21 B2 F7                 ld    hl, vars.input
 17+  EC9B C3 F3 EA                 jp    printStringInv
 18+  EC9E
112   EC9E                  INCLUDE "butF8.inc"
  1+  EC9E              ;----------------------------------------------------------------------------
  2+  EC9E              ; MXOS NC.COM
  3+  EC9E              ; Клавиша F8 - удаление файла
  4+  EC9E              ;
  5+  EC9E              ; 2013-12-18 Дизассемблировано vinxru
  6+  EC9E              ;----------------------------------------------------------------------------
  7+  EC9E
  8+  EC9E              but_F8:     ; Рисуем окно
  9+  EC9E CD BF EA                 call    drawWindowIfSel
 10+  ECA1
 11+  ECA1                          ; Выводим "DELETE FROM A:"
 12+  ECA1                          CENTER_LINE 14, 5Eh
 12+  ECA1 21 5E 4B    >        ld  hl, ((60h - 14 * 3 / 2) << 8) + 5Eh
 12+  ECA4 22 FC 8F    >        ld  (bios_vars.cursorY), hl
 13+  ECA7 21 89 F5                 ld          hl, aDeleteFrom
 14+  ECAA CD 18 C8                 call        bios_printString
 15+  ECAD CD 3D EB                 call        printSelDrive
 16+  ECB0
 17+  ECB0 CD 87 EC                 call        printInvSelFile
 18+  ECB3
 19+  ECB3              loc_D54C:   ; Ждем нажатия Enter или ESC
 20+  ECB3 CD 1B C8                 call        bios_keyScan
 21+  ECB6 FE 1B                    cp          1Bh
 22+  ECB8 CA 46 E8                 jp z,       mainReload
 23+  ECBB FE 0D                    cp          0Dh
 24+  ECBD C2 B3 EC                 jp nz,      loc_D54C
 25+  ECC0
 26+  ECC0                          ; Если файл только для чтения
 27+  ECC0 CD C1 F0                 call        getSelectedFile
 28+  ECC3 11 0B 00                 ld          de, FILE_DESCRIPTOR.attrib
 29+  ECC6 19                       add         hl, de
 30+  ECC7 7E                       ld          a, (hl)
 31+  ECC8 E6 01                    and         1
 32+  ECCA CA 06 ED                 jp z,       loc_D595
 33+  ECCD
 34+  ECCD CD DF EA                 call        drawWindow2
 35+  ECD0
 36+  ECD0                          ; Выводим текст "FILE IS READ-ONLY"
 37+  ECD0                          COLOR       COLOR_DIALOG_ERR
 37+  ECD0             >        IF ENABLE_COLOR
 37+  ECD0 3E 47       >            ld a, COLOR_DIALOG_ERR
 37+  ECD2 32 F8 FF    >            ld (IO_COLOR), a
 37+  ECD5             >        ENDIF
 38+  ECD5                          CENTER_LINE 18, 80h
 38+  ECD5 21 80 45    >        ld  hl, ((60h - 18 * 3 / 2) << 8) + 80h
 38+  ECD8 22 FC 8F    >        ld  (bios_vars.cursorY), hl
 39+  ECDB 21 68 F5                 ld          hl, aFileIsReanOnly
 40+  ECDE CD 18 C8                 call        bios_printString
 41+  ECE1
 42+  ECE1                          ; Выводим vars.input
 43+  ECE1                          COLOR       COLOR_DIALOG
 43+  ECE1             >        IF ENABLE_COLOR
 43+  ECE1 3E 07       >            ld a, COLOR_DIALOG
 43+  ECE3 32 F8 FF    >            ld (IO_COLOR), a
 43+  ECE6             >        ENDIF
 44+  ECE6 21 90 50                 ld          hl, 5090h
 45+  ECE9 22 FC 8F                 ld          (bios_vars.cursorY), hl
 46+  ECEC 21 B2 F7                 ld          hl, vars.input
 47+  ECEF CD F3 EA                 call        printStringInv
 48+  ECF2
 49+  ECF2              loc_D581:   ; Цикл ожидания нажатия любой клавиши
 50+  ECF2 CD 1B C8                 call        bios_keyScan
 51+  ECF5 3C                       inc         a
 52+  ECF6 C2 F2 EC                 jp nz,      loc_D581
 53+  ECF9
 54+  ECF9              loc_D588:   ; Цикл ожидания нажатия Esc или Enter
 55+  ECF9 CD 1B C8                 call        bios_keyScan
 56+  ECFC FE 1B                    cp          1Bh             ; Esc
 57+  ECFE CA 46 E8                 jp z,       mainReload      ; Если Esc - выход
 58+  ED01 FE 0D                    cp          0Dh             ; Enter
 59+  ED03 C2 F9 EC                 jp nz,      loc_D588        ; Если Enter - всё равно удалить
 60+  ED06
 61+  ED06              loc_D595:   ; Удаляем текущий файл
 62+  ED06 CD C1 F0                 call        getSelectedFile
 63+  ED09 CD 4B C8                 call        bios_fileDelete
 64+  ED0C
 65+  ED0C                          ; Уменьшаем счетчик файлов
 66+  ED0C 21 5A F7                 ld          hl, state.panelA_filesCnt
 67+  ED0F CD 8C F3                 call        readBytePanel
 68+  ED12 3D                       dec         a
 69+  ED13 CD 7B F3                 call        writeBytePanel
 70+  ED16
 71+  ED16 C3 46 E8                 jp          mainReload
 72+  ED19
113   ED19                  INCLUDE "butF2.inc"
  1+  ED19              ;----------------------------------------------------------------------------
  2+  ED19              ; MXOS NC.COM
  3+  ED19              ; Клавиши F1, F2. Выбор накопителя для панели
  4+  ED19              ;
  5+  ED19              ; 2013-12-18 Дизассемблировано vinxru
  6+  ED19              ;----------------------------------------------------------------------------
  7+  ED19
  8+  ED19              but_F2:     ; Временно устанавливаем state.activePanel=1
  9+  ED19 3A 55 F7                 ld    a, (state.activePanel)
 10+  ED1C F5                       push  af
 11+  ED1D 3E 01                    ld    a, 1
 12+  ED1F 32 55 F7                 ld    (state.activePanel), a
 13+  ED22
 14+  ED22                          ; Диалог
 15+  ED22 CD 80 ED                 call  chooseDrive
 16+  ED25
 17+  ED25                          ; Если выбрали устройство, то сохраняем его
 18+  ED25 FE FF                    cp    0FFh
 19+  ED27 CA 37 ED                 jp z, loc_D5C3
 20+  ED2A 32 59 F7                 ld    (state.panelB_drive), a
 21+  ED2D
 22+  ED2D                          ; А также делаем панель видимой и перемещаем курсор в начало
 23+  ED2D AF                       xor   a
 24+  ED2E 32 57 F7                 ld    (state.panelB_info), a
 25+  ED31 32 5F F7                 ld    (state.panelB_curFile), a
 26+  ED34 32 5D F7                 ld    (state.panelB_firstFile), a
 27+  ED37
 28+  ED37              loc_D5C3:   ; Восстанавливаем state.activePanel
 29+  ED37 F1                       pop   af
 30+  ED38 32 55 F7                 ld    (state.activePanel), a
 31+  ED3B
 32+  ED3B                          ; Перезагружаем и перерисовываем вторую панель
 33+  ED3B CD DF F0                 call  loadAndPrintB
 34+  ED3E
 35+  ED3E                          ; Перезагружаем и перерисовываем первую панель, только если она в режиме информации
 36+  ED3E 3A 56 F7                 ld    a, (state.panelA_info)
 37+  ED41 A7                       and   a
 38+  ED42 CA 7A ED                 jp z, saveStateAndReload
 39+  ED45 CD EE F0                 call  loadAndPrintA
 40+  ED48
 41+  ED48                          ; Сохраняем состояние и выходим
 42+  ED48 C3 7A ED                 jp    saveStateAndReload
 43+  ED4B
 44+  ED4B              ; ---------------------------------------------------------------------------
 45+  ED4B
 46+  ED4B              but_F1:     ; Временно устанавливаем state.activePanel=2
 47+  ED4B 3A 55 F7                 ld    a, (state.activePanel)
 48+  ED4E F5                       push  af
 49+  ED4F 3E 00                    ld    a, 0
 50+  ED51 32 55 F7                 ld    (state.activePanel), a
 51+  ED54
 52+  ED54                          ; Диалог
 53+  ED54 CD 80 ED                 call  chooseDrive
 54+  ED57
 55+  ED57                          ; Если выбрали устройство, то сохраняем его
 56+  ED57 FE FF                    cp    0FFh
 57+  ED59 CA 69 ED                 jp z, loc_D5F2
 58+  ED5C 32 58 F7                 ld    (state.panelA_drive), a
 59+  ED5F
 60+  ED5F                          ; А также делаем панель видимой и перемещаем курсор в начало
 61+  ED5F AF                       xor   a
 62+  ED60 32 56 F7                 ld    (state.panelA_info), a
 63+  ED63 32 5E F7                 ld    (state.panelA_curFile), a
 64+  ED66 32 5C F7                 ld    (state.panelA_firstFile), a
 65+  ED69
 66+  ED69              loc_D5F2:   ; Восстанавливаем state.activePanel
 67+  ED69 F1                       pop   af
 68+  ED6A 32 55 F7                 ld    (state.activePanel), a
 69+  ED6D
 70+  ED6D                          ; Перезагружаем и перерисовываем первую панель
 71+  ED6D CD EE F0                 call  loadAndPrintA
 72+  ED70
 73+  ED70                          ; Перезагружаем и перерисовываем вторую панель, только если она в режиме информации
 74+  ED70 3A 57 F7                 ld    a, (state.panelB_info)
 75+  ED73 A7                       and   a
 76+  ED74 CA 7A ED                 jp z, saveStateAndReload
 77+  ED77 CD DF F0                 call  loadAndPrintB
 78+  ED7A
 79+  ED7A              saveStateAndReload:
 80+  ED7A                          ; Сохраняем состояние и выходим
 81+  ED7A CD 7A EA                 call  saveState
 82+  ED7D C3 5C E8                 jp    mainDriveChanged
 83+  ED80
 84+  ED80              ; ---------------------------------------------------------------------------
 85+  ED80
 86+  ED80              chooseDrive:
 87+  ED80 CD 4F EE                 call  buildDriveList
 88+  ED83
 89+  ED83                          COLOR   COLOR_DIALOG
 89+  ED83             >        IF ENABLE_COLOR
 89+  ED83 3E 07       >            ld a, COLOR_DIALOG
 89+  ED85 32 F8 FF    >            ld (IO_COLOR), a
 89+  ED88             >        ENDIF
 90+  ED88
 91+  ED88 21 30 F7                 ld    hl, g_chooseDrive
 92+  ED8B CD D7 F3                 call  draw
 93+  ED8E
 94+  ED8E                          ; Вывести заголовок и компактный список установленных драйверов.
 95+  ED8E 21 63 1E                 ld    hl, 1E63h
 96+  ED91 CD C4 F3                 call  setCursorPosPanel
 97+  ED94 21 7B F5                 ld    hl, aChooseDrive
 98+  ED97 CD 18 C8                 call  bios_printString
 99+  ED9A CD B4 EE                 call  printDriveList
100+  ED9D
101+  ED9D                          ; Отключить курсор BIOS на время выбора.
102+  ED9D 3A E9 8F                 ld    a, (bios_vars.cursorCfg)
103+  EDA0 F5                       push  af
104+  EDA1 AF                       xor   a
105+  EDA2 32 E9 8F                 ld    (bios_vars.cursorCfg), a
106+  EDA5
107+  EDA5                          ; Найти текущий диск панели в компактном списке.
108+  EDA5 21 58 F7                 ld    hl, state.panelA_drive
109+  EDA8 CD 8C F3                 call  readBytePanel
110+  EDAB 4F                       ld    c, a
111+  EDAC CD 96 EE                 call  findDrive
112+  EDAF D2 B3 ED                 jp nc, cd_StoreChoice
113+  EDB2 AF                       xor   a
114+  EDB3              cd_StoreChoice:
115+  EDB3 32 64 F7                 ld    (vars.chooseDrive), a
116+  EDB6
117+  EDB6              cd_Loop:
118+  EDB6 3A A5 F7                 ld    a, (vars.driveCount)
119+  EDB9 B7                       or    a
120+  EDBA C4 EE EE                 call  nz, chooseDrive_draw
121+  EDBD
122+  EDBD CD 03 C8                 call  bios_getch
123+  EDC0
124+  EDC0 F5                       push  af
125+  EDC1 3A A5 F7                 ld    a, (vars.driveCount)
126+  EDC4 B7                       or    a
127+  EDC5 C4 EE EE                 call  nz, chooseDrive_draw
128+  EDC8 F1                       pop   af
129+  EDC9
130+  EDC9                          ; В компактном списке вправо/вниз означает следующий диск,
131+  EDC9                          ; влево/вверх — предыдущий.
132+  EDC9 0E 01                    ld    c, 1
133+  EDCB FE 18                    cp    18h
134+  EDCD CA 1B EE                 jp z, cd_Arrows
135+  EDD0 FE 1A                    cp    1Ah
136+  EDD2 CA 1B EE                 jp z, cd_Arrows
137+  EDD5 0E FF                    ld    c, 0FFh
138+  EDD7 FE 08                    cp    8
139+  EDD9 CA 1B EE                 jp z, cd_Arrows
140+  EDDC FE 19                    cp    19h
141+  EDDE CA 1B EE                 jp z, cd_Arrows
142+  EDE1 FE 0D                    cp    0Dh
143+  EDE3 CA 03 EE                 jp z, cd_Enter
144+  EDE6 FE 1B                    cp    1Bh
145+  EDE8 CA FC ED                 jp z, cd_Esc
146+  EDEB
147+  EDEB                          ; Прямой выбор A-H разрешён только для найденного драйвера.
148+  EDEB D6 41                    sub   'A'
149+  EDED FE 08                    cp    8
150+  EDEF D2 B6 ED                 jp nc, cd_Loop
151+  EDF2 4F                       ld    c, a
152+  EDF3 CD 96 EE                 call  findDrive
153+  EDF6 DA B6 ED                 jp c, cd_Loop
154+  EDF9 C3 15 EE                 jp    cd_ReturnDrive
155+  EDFC
156+  EDFC              cd_Esc:
157+  EDFC F1                       pop   af
158+  EDFD 32 E9 8F                 ld    (bios_vars.cursorCfg), a
159+  EE00 3E FF                    ld    a, 0FFh
160+  EE02 C9                       ret
161+  EE03
162+  EE03              cd_Enter:
163+  EE03 3A A5 F7                 ld    a, (vars.driveCount)
164+  EE06 B7                       or    a
165+  EE07 CA B6 ED                 jp z, cd_Loop
166+  EE0A 3A 64 F7                 ld    a, (vars.chooseDrive)
167+  EE0D 5F                       ld    e, a
168+  EE0E 16 00                    ld    d, 0
169+  EE10 21 A6 F7                 ld    hl, vars.driveList
170+  EE13 19                       add   hl, de
171+  EE14 4E                       ld    c, (hl)
172+  EE15
173+  EE15              cd_ReturnDrive:
174+  EE15 F1                       pop   af
175+  EE16 32 E9 8F                 ld    (bios_vars.cursorCfg), a
176+  EE19 79                       ld    a, c
177+  EE1A C9                       ret
178+  EE1B
179+  EE1B              cd_Arrows:
180+  EE1B 3A A5 F7                 ld    a, (vars.driveCount)
181+  EE1E B7                       or    a
182+  EE1F CA B6 ED                 jp z, cd_Loop
183+  EE22
184+  EE22 3A 64 F7                 ld    a, (vars.chooseDrive)
185+  EE25 81                       add   a, c
186+  EE26 FE FF                    cp    0FFh
187+  EE28 CA 39 EE                 jp z, cd_ArrowLast
188+  EE2B 21 A5 F7                 ld    hl, vars.driveCount
189+  EE2E BE                       cp    (hl)
190+  EE2F DA 33 EE                 jp c, cd_ArrowStore
191+  EE32 AF                       xor   a
192+  EE33              cd_ArrowStore:
193+  EE33 32 64 F7                 ld    (vars.chooseDrive), a
194+  EE36 C3 B6 ED                 jp    cd_Loop
195+  EE39
196+  EE39              cd_ArrowLast:
197+  EE39 3A A5 F7                 ld    a, (vars.driveCount)
198+  EE3C 3D                       dec   a
199+  EE3D C3 33 EE                 jp    cd_ArrowStore
200+  EE40
201+  EE40              ;----------------------------------------------------------------------------
202+  EE40              ; Выбрать начальный диск правой панели. H имеет приоритет, если его драйвер
203+  EE40              ; уже установлен; иначе используется встроенный RAM-диск B.
204+  EE40
205+  EE40              initRightDrive:
206+  EE40 CD 4F EE                 call  buildDriveList
207+  EE43 0E 07                    ld    c, 7
208+  EE45 CD 96 EE                 call  findDrive
209+  EE48 D0                       ret nc
210+  EE49 3E 01                    ld    a, 1
211+  EE4B 32 59 F7                 ld    (state.panelB_drive), a
212+  EE4E C9                       ret
213+  EE4F
214+  EE4F              ;----------------------------------------------------------------------------
215+  EE4F              ; Построить компактный список драйверов.
216+  EE4F              ;
217+  EE4F              ; Диск считается установленным, если функция 3 его драйвера возвращает
218+  EE4F              ; ненулевое число секторов. Текущий диск DOS восстанавливается.
219+  EE4F              ;
220+  EE4F              ; Разрушает: AF, BC, DE, HL.
221+  EE4F
222+  EE4F              buildDriveList:
223+  EE4F 1E 02                    ld    e, 2
224+  EE51 CD 42 C8                 call  bios_fileGetSetDrive
225+  EE54 F5                       push  af
226+  EE55
227+  EE55 AF                       xor   a
228+  EE56 32 A5 F7                 ld    (vars.driveCount), a
229+  EE59 32 64 F7                 ld    (vars.chooseDrive), a
230+  EE5C
231+  EE5C              bdl_Scan:
232+  EE5C 3A 64 F7                 ld    a, (vars.chooseDrive)
233+  EE5F 1E 01                    ld    e, 1
234+  EE61 CD 42 C8                 call  bios_fileGetSetDrive
235+  EE64 06 03                    ld    b, 3
236+  EE66 CD 63 C8                 call  bios_diskDriver
237+  EE69 7A                       ld    a, d
238+  EE6A B3                       or    e
239+  EE6B CA 83 EE                 jp z, bdl_Next
240+  EE6E
241+  EE6E 3A A5 F7                 ld    a, (vars.driveCount)
242+  EE71 6F                       ld    l, a
243+  EE72 26 00                    ld    h, 0
244+  EE74 11 A6 F7                 ld    de, vars.driveList
245+  EE77 19                       add   hl, de
246+  EE78 3A 64 F7                 ld    a, (vars.chooseDrive)
247+  EE7B 77                       ld    (hl), a
248+  EE7C 3A A5 F7                 ld    a, (vars.driveCount)
249+  EE7F 3C                       inc   a
250+  EE80 32 A5 F7                 ld    (vars.driveCount), a
251+  EE83
252+  EE83              bdl_Next:
253+  EE83 3A 64 F7                 ld    a, (vars.chooseDrive)
254+  EE86 3C                       inc   a
255+  EE87 32 64 F7                 ld    (vars.chooseDrive), a
256+  EE8A FE 08                    cp    8
257+  EE8C DA 5C EE                 jp c, bdl_Scan
258+  EE8F
259+  EE8F F1                       pop   af
260+  EE90 1E 01                    ld    e, 1
261+  EE92 CD 42 C8                 call  bios_fileGetSetDrive
262+  EE95 C9                       ret
263+  EE96
264+  EE96              ;----------------------------------------------------------------------------
265+  EE96              ; Найти диск в компактном списке.
266+  EE96              ;
267+  EE96              ; Вход:  C — номер диска 0-7.
268+  EE96              ; Выход: A — позиция в списке, CF=0; CF=1, если драйвера нет.
269+  EE96              ; Разрушает: B, E, HL.
270+  EE96
271+  EE96              findDrive:
272+  EE96 3A A5 F7                 ld    a, (vars.driveCount)
273+  EE99 47                       ld    b, a
274+  EE9A 21 A6 F7                 ld    hl, vars.driveList
275+  EE9D 1E 00                    ld    e, 0
276+  EE9F
277+  EE9F              fd_Loop:
278+  EE9F 78                       ld    a, b
279+  EEA0 B7                       or    a
280+  EEA1 CA B2 EE                 jp z, fd_NotFound
281+  EEA4 7E                       ld    a, (hl)
282+  EEA5 B9                       cp    c
283+  EEA6 CA AF EE                 jp z, fd_Found
284+  EEA9 23                       inc   hl
285+  EEAA 1C                       inc   e
286+  EEAB 05                       dec   b
287+  EEAC C3 9F EE                 jp    fd_Loop
288+  EEAF
289+  EEAF              fd_Found:
290+  EEAF 7B                       ld    a, e
291+  EEB0 B7                       or    a
292+  EEB1 C9                       ret
293+  EEB2
294+  EEB2              fd_NotFound:
295+  EEB2 37                       scf
296+  EEB3 C9                       ret
297+  EEB4
298+  EEB4              ;----------------------------------------------------------------------------
299+  EEB4              ; Вывести до восьми найденных букв в сетке 4x2.
300+  EEB4              ;
301+  EEB4              ; Разрушает: AF, BC, DE, HL.
302+  EEB4
303+  EEB4              printDriveList:
304+  EEB4 21 74 1C                 ld    hl, 1C74h
305+  EEB7 CD C4 F3                 call  setCursorPosPanel
306+  EEBA 21 A6 F7                 ld    hl, vars.driveList
307+  EEBD 3A A5 F7                 ld    a, (vars.driveCount)
308+  EEC0 B7                       or    a
309+  EEC1 C8                       ret z
310+  EEC2 47                       ld    b, a
311+  EEC3 16 04                    ld    d, 4
312+  EEC5
313+  EEC5              pdl_Loop:
314+  EEC5 7E                       ld    a, (hl)
315+  EEC6 23                       inc   hl
316+  EEC7 C6 41                    add   a, 'A'
317+  EEC9 4F                       ld    c, a
318+  EECA CD 09 C8                 call  bios_printChar
319+  EECD
320+  EECD 05                       dec   b
321+  EECE C8                       ret z
322+  EECF 15                       dec   d
323+  EED0 CA E1 EE                 jp z, pdl_NewRow
324+  EED3
325+  EED3 0E 20                    ld    c, ' '
326+  EED5 CD 09 C8                 call  bios_printChar
327+  EED8 CD 09 C8                 call  bios_printChar
328+  EEDB CD 09 C8                 call  bios_printChar
329+  EEDE C3 C5 EE                 jp    pdl_Loop
330+  EEE1
331+  EEE1              pdl_NewRow:
332+  EEE1 16 04                    ld    d, 4
333+  EEE3 E5                       push  hl
334+  EEE4 21 7F 1C                 ld    hl, 1C7Fh
335+  EEE7 CD C4 F3                 call  setCursorPosPanel
336+  EEEA E1                       pop   hl
337+  EEEB C3 C5 EE                 jp    pdl_Loop
338+  EEEE
339+  EEEE              ;----------------------------------------------------------------------------
340+  EEEE
341+  EEEE              chooseDrive_draw:
342+  EEEE 3A 64 F7                 ld    a, (vars.chooseDrive)
343+  EEF1 21 6C 97                 ld    hl, 976Ch
344+  EEF4
345+  EEF4 FE 04                    cp    4
346+  EEF6 DA 01 EF                 jp c, chooseDrive_draw2
347+  EEF9 D6 04                    sub   4
348+  EEFB 4F                       ld    c, a
349+  EEFC 7D                       ld    a, l
350+  EEFD C6 0B                    add   a, 0Bh
351+  EEFF 6F                       ld    l, a
352+  EF00 79                       ld    a, c
353+  EF01              chooseDrive_draw2:
354+  EF01 4F                       ld    c, a
355+  EF02 87                       add   a, a
356+  EF03 81                       add   a, c
357+  EF04 84                       add   a, h
358+  EF05 67                       ld    h, a
359+  EF06 CD 16 F4                 call  activePanelPos
360+  EF09 01 09 01                 ld    bc, (1 << 8) + 9
361+  EF0C C3 AD F0                 jp    inverseRect
362+  EF0F
114   EF0F                  INCLUDE "butTab.inc"
  1+  EF0F              ;----------------------------------------------------------------------------
  2+  EF0F              ; MXOS NC.COM
  3+  EF0F              ; Клавиша TAB - Смена активной панели
  4+  EF0F              ;
  5+  EF0F              ; 2013-12-18 Дизассемблировано vinxru
  6+  EF0F              ;----------------------------------------------------------------------------
  7+  EF0F
  8+  EF0F              but_Tab:    ; Получаем видимость панели
  9+  EF0F 21 56 F7                 ld      hl, state.panelA_info
 10+  EF12 3A 55 F7                 ld      a, (state.activePanel)
 11+  EF15 A7                       and     a
 12+  EF16 C2 1A EF                 jp nz,  loc_D6C7
 13+  EF19 23                       inc     hl
 14+  EF1A 4F           loc_D6C7:   ld      c, a
 15+  EF1B 7E                       ld      a, (hl)
 16+  EF1C
 17+  EF1C                          ; Панель не видима, выходим
 18+  EF1C A7                       and     a
 19+  EF1D C2 5C E8                 jp nz,  mainDriveChanged
 20+  EF20
 21+  EF20                          ; Меняем активную панель на противоположную
 22+  EF20 79                       ld      a, c
 23+  EF21 EE 01                    xor     1
 24+  EF23 32 55 F7                 ld      (state.activePanel),a
 25+  EF26
 26+  EF26                          ; Перезагружаем список файлов
 27+  EF26 21 58 F7                 ld      hl, state.panelA_drive
 28+  EF29 CD 8C F3                 call    readBytePanel
 29+  EF2C CD 15 F1                 call    loadFiles   ; На входе нужен a=накопитель
 30+  EF2F
 31+  EF2F C3 7A ED                 jp      saveStateAndReload
 32+  EF32
115   EF32                  INCLUDE "butF3.inc"
  1+  EF32              ;----------------------------------------------------------------------------
  2+  EF32              ; MXOS NC.COM
  3+  EF32              ; Клавиша F3 - отобразить информацию о накопителе
  4+  EF32              ;
  5+  EF32              ; 2013-12-18 Дизассемблировано vinxru
  6+  EF32              ;----------------------------------------------------------------------------
  7+  EF32
  8+  EF32              but_F3:     ; Временный выбор противоположной панели
  9+  EF32 3A 55 F7                 ld    a, (state.activePanel)
 10+  EF35 F5                       push  af
 11+  EF36 EE 01                    xor   1
 12+  EF38 32 55 F7                 ld    (state.activePanel),a
 13+  EF3B
 14+  EF3B                          ; Меняем видимость панели
 15+  EF3B 21 56 F7                 ld    hl, state.panelA_info
 16+  EF3E CD 8C F3                 call  readBytePanel
 17+  EF41 EE 01                    xor   1
 18+  EF43 CD 7B F3                 call  writeBytePanel
 19+  EF46
 20+  EF46                          ; Восстанавлаием активную панель
 21+  EF46 F1                       pop   af
 22+  EF47 32 55 F7                 ld    (state.activePanel),a
 23+  EF4A A7                       and   a
 24+  EF4B CA 54 EF                 jp z, loc_D701
 25+  EF4E
 26+  EF4E                          ; Перерисовываем панель
 27+  EF4E CD EE F0                 call  loadAndPrintA
 28+  EF51
 29+  EF51 C3 7A ED                 jp    saveStateAndReload
 30+  EF54
 31+  EF54              ; ---------------------------------------------------------------------------
 32+  EF54
 33+  EF54 CD DF F0     loc_D701:   call  loadAndPrintB
 34+  EF57 C3 7A ED                 jp    saveStateAndReload
 35+  EF5A
116   EF5A                  INCLUDE "butArrows.inc"
  1+  EF5A              ;----------------------------------------------------------------------------
  2+  EF5A              ; MXOS NC.COM
  3+  EF5A              ; Клавиши перемещения курсора
  4+  EF5A              ;
  5+  EF5A              ; 2013-12-18 Дизассемблировано vinxru
  6+  EF5A              ; 2022-02-16 Доработано SpaceEngineer
  7+  EF5A              ;----------------------------------------------------------------------------
  8+  EF5A
  9+  EF5A              ; ---------------------------------------------------------------------------
 10+  EF5A              ; На один файл вперед
 11+  EF5A
 12+  EF5A              but_Down:   ; c = количество файлов
 13+  EF5A 21 5A F7                 ld      hl, state.panelA_filesCnt
 14+  EF5D CD 8C F3                 call    readBytePanel
 15+  EF60 4F                       ld      c, a
 16+  EF61
 17+  EF61                          ; a = файл, на котором курсор
 18+  EF61 21 5E F7                 ld      hl, state.panelA_curFile
 19+  EF64 CD 8C F3                 call    readBytePanel
 20+  EF67
 21+  EF67                          ; курсор на следующий файл
 22+  EF67 3C                       inc     a
 23+  EF68
 24+  EF68                          ; если курсор на последнем файле + 1, выходим
 25+  EF68 B9                       cp      c
 26+  EF69 CA 5C E8                 jp z,   mainDriveChanged
 27+  EF6C
 28+  EF6C                          ; иначе сохраняем новое положение курсора
 29+  EF6C                          ; и скроллим панель, если надо
 30+  EF6C C3 B8 EF                 jp      scrollPanel
 31+  EF6F
 32+  EF6F              ; ---------------------------------------------------------------------------
 33+  EF6F              ; На один файл назад
 34+  EF6F
 35+  EF6F              but_Up:     ; a = файл, на котором курсор
 36+  EF6F 21 5E F7                 ld      hl, state.panelA_curFile
 37+  EF72 CD 8C F3                 call    readBytePanel
 38+  EF75
 39+  EF75                          ; если курсор на нулевом файле, выходим
 40+  EF75 B7                       or      a
 41+  EF76 CA 5C E8                 jp z,   mainDriveChanged
 42+  EF79
 43+  EF79                          ; курсор на предыдущий файл
 44+  EF79 3D                       dec     a
 45+  EF7A
 46+  EF7A                          ; иначе сохраняем новое положение курсора
 47+  EF7A                          ; и скроллим панель, если надо
 48+  EF7A C3 B8 EF                 jp      scrollPanel
 49+  EF7D
 50+  EF7D              ; ---------------------------------------------------------------------------
 51+  EF7D              ; На FILE_LIST_SIZE/2 файлов вперед
 52+  EF7D
 53+  EF7D              but_Right:  ; c = количество файлов
 54+  EF7D 21 5A F7                 ld      hl, state.panelA_filesCnt
 55+  EF80 CD 8C F3                 call    readBytePanel
 56+  EF83 4F                       ld      c, a
 57+  EF84 0D                       dec     c
 58+  EF85
 59+  EF85                          ; a = файл, на котором курсор
 60+  EF85 21 5E F7                 ld      hl, state.panelA_curFile
 61+  EF88 CD 8C F3                 call    readBytePanel
 62+  EF8B
 63+  EF8B                          ; увеличиваем на FILE_LIST_SIZE/2 файлов, если не дошли до конца списка
 64+  EF8B C6 12                    add     FILE_LIST_SIZE/2
 65+  EF8D B9                       cp      c
 66+  EF8E
 67+  EF8E                          ; иначе устанавливаем курсор на последний файл
 68+  EF8E DA B8 EF                 jp c,   scrollPanel
 69+  EF91 79                       ld      a, c
 70+  EF92 C3 B8 EF                 jp      scrollPanel
 71+  EF95
 72+  EF95              ; ---------------------------------------------------------------------------
 73+  EF95              ; На FILE_LIST_SIZE/2 файлов назад
 74+  EF95
 75+  EF95              but_Left:   ; a = файл, на котором курсор
 76+  EF95 21 5E F7                 ld      hl, state.panelA_curFile
 77+  EF98 CD 8C F3                 call    readBytePanel
 78+  EF9B
 79+  EF9B                          ; уменьшаем на FILE_LIST_SIZE/2, если не дошли до 0
 80+  EF9B D6 12                    sub     FILE_LIST_SIZE/2
 81+  EF9D
 82+  EF9D                          ; иначе устанавливаем курсор на нулевой файл
 83+  EF9D F2 B8 EF                 jp p,   scrollPanel
 84+  EFA0 AF                       xor     a
 85+  EFA1 C3 B8 EF                 jp      scrollPanel
 86+  EFA4
 87+  EFA4              ; ---------------------------------------------------------------------------
 88+  EFA4              ; На первый файл
 89+  EFA4
 90+  EFA4 21 5E F7     but_Home:   ld      hl, state.panelA_curFile
 91+  EFA7 AF                       xor     a
 92+  EFA8 C3 B8 EF                 jp      scrollPanel
 93+  EFAB
 94+  EFAB              ; ---------------------------------------------------------------------------
 95+  EFAB              ; На последний файл
 96+  EFAB
 97+  EFAB 21 5A F7     but_End:    ld      hl, state.panelA_filesCnt
 98+  EFAE CD 8C F3                 call    readBytePanel
 99+  EFB1 3D                       dec     a
100+  EFB2 21 5E F7                 ld      hl, state.panelA_curFile
101+  EFB5 C3 B8 EF                 jp      scrollPanel
102+  EFB8
103+  EFB8              ; ---------------------------------------------------------------------------
104+  EFB8              ; Расчет нового положения указателей и скроллинг панели, если надо
105+  EFB8
106+  EFB8              scrollPanel:
107+  EFB8                          ; сначала сохраняем panelA_curFile
108+  EFB8 CD 7B F3                 call    writeBytePanel
109+  EFBB
110+  EFBB                          ; c = количество файлов
111+  EFBB 21 5A F7                 ld      hl, state.panelA_filesCnt
112+  EFBE CD 8C F3                 call    readBytePanel
113+  EFC1 4F                       ld      c, a
114+  EFC2 0D                       dec     c
115+  EFC3
116+  EFC3                          ; b = файл, с которого начинается спосок файлов панели
117+  EFC3 21 5C F7                 ld      hl, state.panelA_firstFile
118+  EFC6 CD 8C F3                 call    readBytePanel
119+  EFC9 47                       ld      b, a
120+  EFCA
121+  EFCA                          ; a = файл, на котором курсор
122+  EFCA 21 5E F7                 ld      hl, state.panelA_curFile
123+  EFCD CD 8C F3                 call    readBytePanel
124+  EFD0
125+  EFD0                          ; a = положение курсора относительно начала списка файлов панели
126+  EFD0 90                       sub     b
127+  EFD1
128+  EFD1                          ; если курсор выше первого файла панели, скроллим вниз
129+  EFD1 DA DC EF                 jp c,   scrollDown
130+  EFD4
131+  EFD4                          ; если курсор ниже последнего файла панели, скроллим вверх
132+  EFD4 D6 24                    sub     FILE_LIST_SIZE
133+  EFD6 D2 E5 EF                 jp nc,  scrollUp
134+  EFD9
135+  EFD9                          ; иначе выходим
136+  EFD9 C3 5C E8                 jp      mainDriveChanged
137+  EFDC
138+  EFDC              scrollDown: ; скроллинг списка вниз
139+  EFDC 80                       add     a, b
140+  EFDD
141+  EFDD                          ; если скроллить некуда, выходим
142+  EFDD D2 5C E8                 jp nc,  mainDriveChanged
143+  EFE0
144+  EFE0                          ; направление перерисовки списока файлов - сверху вниз
145+  EFE0 06 00                    ld      b, 0
146+  EFE2 C3 ED EF                 jp      scrollExit
147+  EFE5
148+  EFE5              scrollUp:   ; скроллинг списка вверх
149+  EFE5 04                       inc     b
150+  EFE6 80                       add     a, b
151+  EFE7
152+  EFE7                          ; если скроллить некуда, выходим
153+  EFE7 B9                       cp      c       ; c = количество файлов
154+  EFE8 D2 5C E8                 jp nc,  mainDriveChanged
155+  EFEB
156+  EFEB                          ; направление перерисовки списока файлов - снизу вверх
157+  EFEB 06 01                    ld      b, 1
158+  EFED
159+  EFED              scrollExit: ; сохраняем новое значение panelA_firstFile
160+  EFED 21 5C F7                 ld      hl, state.panelA_firstFile
161+  EFF0 CD 7B F3                 call    writeBytePanel
162+  EFF3
163+  EFF3                          ; перерисовываем только список файлов
164+  EFF3                          ; b = направление
165+  EFF3 CD 07 F3                 call    printFilePanel
166+  EFF6
167+  EFF6                          ; выходим
168+  EFF6 C3 5C E8                 jp      mainDriveChanged
169+  EFF9
170+  EFF9              ; ---------------------------------------------------------------------------
171+  EFF9
117   EFF9                  INCLUDE "clearCmdLine.inc"    ; Продолжается в printSpaces
  1+  EFF9              ;----------------------------------------------------------------------------
  2+  EFF9              ; MXOS NC.COM
  3+  EFF9              ; Очистка ком строки
  4+  EFF9              ;
  5+  EFF9              ; 2013-12-18 Дизассемблировано vinxru
  6+  EFF9              ;----------------------------------------------------------------------------
  7+  EFF9
  8+  EFF9              clearCmdLine:
  9+  EFF9 21 F3 07                 ld    hl, 7F3h
 10+  EFFC 22 FC 8F                 ld    (bios_vars.cursorY), hl
 11+  EFFF
 12+  EFFF 26 0A                    ld    h, 10
 13+  F001 22 60 F7                 ld    (vars.cmdLinePos), hl
 14+  F004
 15+  F004                          COLOR   COLOR_CMDLINE
 15+  F004             >        IF ENABLE_COLOR
 15+  F004 3E 70       >            ld a, COLOR_CMDLINE
 15+  F006 32 F8 FF    >            ld (IO_COLOR), a
 15+  F009             >        ENDIF
 16+  F009
 17+  F009 0E 5C                    ld    c, 92 ; '\'
 18+  F00B CD 09 C8                 call  bios_printChar
 19+  F00E
 20+  F00E 21 69 F7                 ld    hl, vars.cmdLine
 21+  F011 22 62 F7                 ld    (vars.cmdLineEnd), hl
 22+  F014
 23+  F014 06 3C                    ld    b, 60
 24+  F016
 25+  F016                          ; Продолжение на printSpaces
 26+  F016
118   F016                  INCLUDE "printSpaces.inc"
  1+  F016              ;----------------------------------------------------------------------------
  2+  F016              ; MXOS NC.COM
  3+  F016              ; Вывод пробелов
  4+  F016              ;
  5+  F016              ; b - кол-во пробелов
  6+  F016              ;
  7+  F016              ; 2013-12-18 Дизассемблировано vinxru
  8+  F016              ;----------------------------------------------------------------------------
  9+  F016
 10+  F016              printSpaces:
 11+  F016 0E 20                    ld    c, ' '
 12+  F018              printSpaces_1:
 13+  F018 CD 09 C8                 call  bios_printChar
 14+  F01B 05                       dec   b
 15+  F01C C2 18 F0                 jp nz,  printSpaces_1
 16+  F01F C9                       ret
 17+  F020
119   F020                  INCLUDE "drawCursor.inc"
  1+  F020              ;----------------------------------------------------------------------------
  2+  F020              ; MXOS NC.COM
  3+  F020              ; Рисование курсора
  4+  F020              ;
  5+  F020              ; 2013-12-18 Дизассемблировано vinxru
  6+  F020              ;----------------------------------------------------------------------------
  7+  F020
  8+  F020              drawCursor: ; Цвет устаналвиается перед выводом
  9+  F020
 10+  F020                          ; Если файлов нет, выходим
 11+  F020 21 5A F7                 ld    hl, state.panelA_filesCnt
 12+  F023 CD 8C F3                 call  readBytePanel
 13+  F026 A7                       and   a
 14+  F027                  IF ENABLE_COLOR
 15+  F027 C8                       ret Z
 16+  F028                  ELSE
 17+  F028 ~                        jp z, drawCursor_0
 18+  F028                  ENDIF
 19+  F028                          ; C какого файла начинается список файлов на панели
 20+  F028 21 5C F7                 ld    hl, state.panelA_firstFile
 21+  F02B CD 8C F3                 call  readBytePanel
 22+  F02E 4F                       ld    c, a
 23+  F02F
 24+  F02F                          ; Номер выбранного файла
 25+  F02F 21 5E F7                 ld    hl, state.panelA_curFile
 26+  F032 CD 8C F3                 call  readBytePanel
 27+  F035 91                       sub   c
 28+  F036
 29+  F036                          ; Рассчиытваем координату X (точнее, адрес)
 30+  F036 26 91                    ld    h, 90h + (P_FILE_LIST_X1 * 2 / 8)
 31+  F038 FE 12                    cp    FILE_LIST_SIZE/2
 32+  F03A DA 41 F0                 jp c, drawCursor_1
 33+  F03D D6 12                    sub   FILE_LIST_SIZE/2
 34+  F03F 26 9D                    ld    h, 90h + (P_FILE_LIST_X2 * 2 / 8)
 35+  F041
 36+  F041              drawCursor_1:
 37+  F041                          ; Рассчиытваем координату Y (точнее, адрес)
 38+  F041                          ; a = a * 10 + P_FILE_LIST_Y - 8
 39+  F041 87                       add   a, a
 40+  F042 4F                       ld    c, a
 41+  F043 87                       add   a, a
 42+  F044 87                       add   a, a
 43+  F045 81                       add   a, c
 44+  F046 C6 18                    add   P_FILE_LIST_Y - 8
 45+  F048 6F                       ld    l, a
 46+  F049
 47+  F049                          ; Ширина курсора в байтах, высота в пикселях
 48+  F049 01 0A 0A                 ld    bc, (10 << 8) + 10
 49+  F04C
 50+  F04C                          ; Если правая панель, сдвигаем курсор на пол экрана
 51+  F04C              drawCursor_2:
 52+  F04C 3A 55 F7                 ld    a, (state.activePanel)
 53+  F04F A7                       and   a
 54+  F050 CA 55 F0                 jp z, drawCursor_3
 55+  F053 3E 18                    ld    a, 18h
 56+  F055              drawCursor_3:
 57+  F055 84                       add   a, h
 58+  F056 67                       ld    h, a
 59+  F057
 60+  F057                          ; Рисуем курсор (hl = адрес, b = ширина, c = высота)
 61+  F057 CD AD F0                 call  inverseRect
 62+  F05A C9                       ret
 63+  F05B
 64+  F05B              ; ---------------------------------------------------------------------------
 65+  F05B
 66+  F05B                  IF ENABLE_COLOR==0
 67+  F05B ~            drawCursor_0:
 68+  F05B ~                        ld    hl, 92D6h
 69+  F05B ~                        ld    b, 2
 70+  F05B ~                        jp    drawCursor_2
 71+  F05B                  ENDIF
 72+  F05B
120   F05B                  INCLUDE "printInfoLine.inc"
  1+  F05B              ;----------------------------------------------------------------------------
  2+  F05B              ; MXOS NC.COM
  3+  F05B              ; Вывод инфомарции о файле внизу окна
  4+  F05B              ;
  5+  F05B              ; 2013-12-18 Дизассемблировано vinxru
  6+  F05B              ;----------------------------------------------------------------------------
  7+  F05B
  8+  F05B              printInfoLine:
  9+  F05B                      ; Если файлов нет, выходим
 10+  F05B 21 5A F7             ld      hl, state.panelA_filesCnt
 11+  F05E CD 8C F3             call    readBytePanel
 12+  F061 A7                   and     a
 13+  F062 C8                   ret z
 14+  F063
 15+  F063                      COLOR   COLOR_INFOLINE
 15+  F063             >        IF ENABLE_COLOR
 15+  F063 3E B1       >            ld a, COLOR_INFOLINE
 15+  F065 32 F8 FF    >            ld (IO_COLOR), a
 15+  F068             >        ENDIF
 16+  F068
 17+  F068 21 DE 0F             ld      hl, (P_FILE_NAME_X << 8) + P_FILE_NAME_Y
 18+  F06B CD C4 F3             call    setCursorPosPanel
 19+  F06E
 20+  F06E                      ; ld      c, '\'
 21+  F06E                      ; call    bios_printChar
 22+  F06E
 23+  F06E                      ; Устанавливаем hl на описатель файла
 24+  F06E CD C1 F0             call    getSelectedFile
 25+  F071 E5                   push    hl
 26+  F072
 27+  F072                      ; Печатаем имя файла в компактном виде
 28+  F072 11 D2 F7             ld      de, vars.tempFileDescr  ; буфер
 29+  F075 CD 6D F4             call    compactName
 30+  F078 21 D2 F7             ld      hl, vars.tempFileDescr
 31+  F07B 06 0E                ld      b, FILE_NAME_LENGTH + 6 ; макс длина строки (name.ext + ' ' + терминатор)
 32+  F07D 0E 14                ld      c, 20                   ; терминатор - пробел или меньше
 33+  F07F CD AE F3             call    printString2
 34+  F082
 35+  F082                      ; После имени файла, если оно короткое, надо напечатать
 36+  F082                      ; пробелы, чтобы стереть предыдущий текст. После работы
 37+  F082                      ; printString2 у нас в b как раз количество символов,
 38+  F082                      ; оставшихся до FILE_NAME_LENGTH + 6
 39+  F082 CD 16 F0     		call    printSpaces	; b - кол-во пробелов
 40+  F085
 41+  F085                      ; Смещаем курсор
 42+  F085 21 DE 39             ld      hl, (P_FILE_DATA_X << 8) + P_FILE_DATA_Y
 43+  F088 CD C4 F3             call    setCursorPosPanel
 44+  F08B
 45+  F08B                      ; Устанавливаем hl на поле адреса загрузки
 46+  F08B E1                   pop     hl
 47+  F08C E5                   push    hl
 48+  F08D 01 0D 00             ld      bc, FILE_INFO.loadAddress + 1 ; bc = смещение
 49+  F090 09                   add     hl, bc
 50+  F091
 51+  F091                      ; Читаем старший и младший байты адреса загрузки
 52+  F091                      ; и тут же печатаем их в HEX форме
 53+  F091 7E                   ld      a, (hl)
 54+  F092 CD 15 C8             call    bios_printHexByte
 55+  F095 2B                   dec     hl
 56+  F096 7E                   ld      a, (hl)
 57+  F097 CD 15 C8             call    bios_printHexByte
 58+  F09A
 59+  F09A                      ; Смещаем курсор
 60+  F09A 0E 18        		LD 	    c, 18h  ; код символа "вправо"
 61+  F09C CD 09 C8     		call	bios_printChar
 62+  F09F
 63+  F09F                      ; Устанавливаем hl на поле размера файла
 64+  F09F E1                   pop     hl
 65+  F0A0 01 0E 00             ld      bc, FILE_INFO.size ; bc = смещение
 66+  F0A3 09                   add     hl, bc
 67+  F0A4
 68+  F0A4                      ; Читаем размер файла в de и печатаем в десятичной форме
 69+  F0A4 5E                   ld      e, (hl)
 70+  F0A5 23                   inc     hl
 71+  F0A6 56                   ld      d, (hl)
 72+  F0A7 13                   inc     de          ; в дескрипторе файла хранится размер-1
 73+  F0A8 06 20                ld      b, 20h
 74+  F0AA C3 6C C8             jp      bios_printDecWord
 75+  F0AD
121   F0AD                  INCLUDE "inverseRect.inc"
  1+  F0AD              ;----------------------------------------------------------------------------
  2+  F0AD              ; MXOS NC.COM
  3+  F0AD              ; Инвертирвоание прямоугольной области на экране
  4+  F0AD              ;
  5+  F0AD              ; вход:
  6+  F0AD              ;   hl = адрес
  7+  F0AD              ;   b = ширина в байтах
  8+  F0AD              ;   c = высота всегда
  9+  F0AD              ;
 10+  F0AD              ; 2013-12-18 Дизассемблировано vinxru
 11+  F0AD              ;----------------------------------------------------------------------------
 12+  F0AD
 13+  F0AD              inverseRect:
 14+  F0AD D5                       push    de
 15+  F0AE 59                       ld      e, c
 16+  F0AF
 17+  F0AF                          ; Цикл по горизонтали
 18+  F0AF 4B           ir_loop_x:  ld      c, e    ; c = высота
 19+  F0B0 E5                       push    hl
 20+  F0B1
 21+  F0B1                          ; Цикл по вертикали
 22+  F0B1 7E           ir_loop_y:  ld      a, (hl)
 23+  F0B2 2F                       cpl
 24+  F0B3 77                       ld      (hl), a
 25+  F0B4
 26+  F0B4                          ; Повтор цикла по вертикали
 27+  F0B4 23                       inc     hl
 28+  F0B5 0D                       dec     c
 29+  F0B6 C2 B1 F0                 jp nz,  ir_loop_y
 30+  F0B9
 31+  F0B9                          ; Повтор цикла по горизонтали
 32+  F0B9 E1                       pop     hl
 33+  F0BA 24                       inc     h
 34+  F0BB 05                       dec     b
 35+  F0BC C2 AF F0                 jp nz,  ir_loop_x
 36+  F0BF
 37+  F0BF D1                       pop     de
 38+  F0C0 C9                       ret
 39+  F0C1
122   F0C1                  INCLUDE "getSelectedFile.inc"
  1+  F0C1              ;----------------------------------------------------------------------------
  2+  F0C1              ; MXOS NC.COM
  3+  F0C1              ; Получить информацию о выбранном файле (FILE_INFO)
  4+  F0C1              ;
  5+  F0C1              ; выход:
  6+  F0C1              ;   hl - адрес структуры FILE_INFO
  7+  F0C1              ;
  8+  F0C1              ; 2013-12-18 Дизассемблировано vinxru
  9+  F0C1              ;----------------------------------------------------------------------------
 10+  F0C1
 11+  F0C1              getSelectedFile:
 12+  F0C1 D5                   push    de
 13+  F0C2
 14+  F0C2                      ; С какого файла начинается список файлов панели
 15+  F0C2 21 5C F7             ld      hl, state.panelA_firstFile
 16+  F0C5 CD 8C F3             call    readBytePanel
 17+  F0C8 5F                   ld      e, a
 18+  F0C9
 19+  F0C9                      ; Номер текущего файла
 20+  F0C9 21 5E F7             ld      hl, state.panelA_curFile
 21+  F0CC CD 8C F3             call    readBytePanel
 22+  F0CF 93                   sub     e
 23+  F0D0
 24+  F0D0                      ; Адрес описателя текущего файла в буфере:
 25+  F0D0                      ; hl = FILE_LIST_BUFFER + FILE_INFO_SIZE * curFile[state.activePanel];
 26+  F0D0
 27+  F0D0 21 10 00             ld      hl, FILE_INFO_SIZE
 28+  F0D3 5F                   ld      e, a
 29+  F0D4 16 00                ld      d, 0
 30+  F0D6 CD 84 C8             call    bios_mul_hl_de
 31+  F0D9
 32+  F0D9 11 F2 F7             ld      de, FILE_LIST_BUFFER
 33+  F0DC 19                   add     hl, de
 34+  F0DD
 35+  F0DD D1                   pop     de
 36+  F0DE C9                   ret
 37+  F0DF
123   F0DF                  INCLUDE "loadAndPrint.inc"
  1+  F0DF              ;----------------------------------------------------------------------------
  2+  F0DF              ; MXOS NC.COM
  3+  F0DF              ; Загрузить файлы и нарисовать
  4+  F0DF              ;
  5+  F0DF              ; 2013-12-18 Дизассемблировано vinxru
  6+  F0DF              ;----------------------------------------------------------------------------
  7+  F0DF
  8+  F0DF              loadAndPrintB:
  9+  F0DF                          ; Времено меняем активную панель на правую
 10+  F0DF 3A 55 F7                 ld      a, (state.activePanel)
 11+  F0E2 F5                       push    af
 12+  F0E3 3E 01                    ld      a, 1
 13+  F0E5 32 55 F7                 ld      (state.activePanel),a
 14+  F0E8
 15+  F0E8                          ; Переходим к общему коду
 16+  F0E8 3A 57 F7                 ld      a, (state.panelB_info)
 17+  F0EB C3 FA F0                 jp      loadAndPrint
 18+  F0EE
 19+  F0EE              ; ---------------------------------------------------------------------------
 20+  F0EE
 21+  F0EE              loadAndPrintA:
 22+  F0EE                          ; Времено меняем активную панель на левую
 23+  F0EE 3A 55 F7                 ld      a, (state.activePanel)
 24+  F0F1 F5                       push    af
 25+  F0F2 3E 00                    ld      a, 0
 26+  F0F4 32 55 F7                 ld      (state.activePanel),a
 27+  F0F7
 28+  F0F7                          ; Панель видима?
 29+  F0F7 3A 56 F7                 ld      a, (state.panelA_info)
 30+  F0FA
 31+  F0FA              loadAndPrint:
 32+  F0FA A7                       and     a
 33+  F0FB C2 04 F1                 jp nz,  loadAndPrint_2
 34+  F0FE
 35+  F0FE                          ; Выводим список файлов
 36+  F0FE CD C9 F2                 call    redrawFilePanel
 37+  F101
 38+  F101 C3 07 F1                 jp      loadAndPrint_3
 39+  F104
 40+  F104              ; ---------------------------------------------------------------------------
 41+  F104
 42+  F104              loadAndPrint_2:   ; Рисуем панель информации
 43+  F104 CD 33 F1                 call    printInfoPanel
 44+  F107
 45+  F107              loadAndPrint_3:   ; Восстанавливаем активную панель
 46+  F107 F1                       pop     af
 47+  F108 32 55 F7                 ld      (state.activePanel),a
 48+  F10B
 49+  F10B                          ; Загружаем список файлов
 50+  F10B 21 58 F7                 ld      hl, state.panelA_drive
 51+  F10E CD 8C F3                 call    readBytePanel
 52+  F111 CD 15 F1                 call    loadFiles   ; На входе a должен содержать номер накопителя
 53+  F114 C9                       ret
 54+  F115
124   F115                  INCLUDE "loadFiles.inc"
  1+  F115              ;----------------------------------------------------------------------------
  2+  F115              ; MXOS NC.COM
  3+  F115              ; Загрузить список файлов с накопителя
  4+  F115              ;
  5+  F115              ; вход:
  6+  F115              ;   a = номер накопителя
  7+  F115              ;
  8+  F115              ; 2013-12-18 Дизассемблировано vinxru
  9+  F115              ; 2022-02-16 Доработано SpaceEngineer
 10+  F115              ;----------------------------------------------------------------------------
 11+  F115
 12+  F115              loadFiles:  ; Получение спика файлов в буфере
 13+  F115
 14+  F115 1E 01                    ld      e, 1
 15+  F117 CD 42 C8                 call    bios_fileGetSetDrive  ; устанавливем активные накопитель
 16+  F11A
 17+  F11A                          ; bc = файл, с которого начинается спосок файлов панели
 18+  F11A 21 5C F7                 ld      hl, state.panelA_firstFile
 19+  F11D CD 8C F3                 call    readBytePanel
 20+  F120 4F                       ld      c, a
 21+  F121 06 00                    ld      b, 0    ; считаем, что файлов в каталоге меньше 256
 22+  F123
 23+  F123                          ; Получаем список файлов в буфере и общее
 24+  F123                          ; количество файлов в каталоге в de
 25+  F123 21 F2 F7                 ld      hl, FILE_LIST_BUFFER  ; адрес буфера
 26+  F126 11 24 00                 ld      de, FILE_LIST_SIZE    ; размер буфера
 27+  F129 CD 3F C8                 call    bios_fileList
 28+  F12C
 29+  F12C                          ; Сохранение количествава файлов
 30+  F12C 7B                       ld      a, e                ; считаем, что файлов в каталоге меньше 256
 31+  F12D 21 5A F7                 ld      hl, state.panelA_filesCnt
 32+  F130 C3 7B F3                 jp      writeBytePanel
 33+  F133
125   F133                  INCLUDE "printInfoPanel.inc"
  1+  F133              ;----------------------------------------------------------------------------
  2+  F133              ; MXOS NC.COM
  3+  F133              ; Рисование информационной панели
  4+  F133              ;
  5+  F133              ; 2013-12-18 Дизассемблировано vinxru
  6+  F133              ;----------------------------------------------------------------------------
  7+  F133
  8+  F133              printInfoPanel:
  9+  F133                          COLOR   COLOR_BORDER
  9+  F133             >        IF ENABLE_COLOR
  9+  F133 3E F1       >            ld a, COLOR_BORDER
  9+  F135 32 F8 FF    >            ld (IO_COLOR), a
  9+  F138             >        ENDIF
 10+  F138
 11+  F138                          ; Рисуем панель
 12+  F138 21 1E F7                 ld      hl, g_infoPanel
 13+  F13B CD D7 F3                 call    draw
 14+  F13E
 15+  F13E                          COLOR   COLOR_INFOHEADER
 15+  F13E             >        IF ENABLE_COLOR
 15+  F13E 3E E1       >            ld a, COLOR_INFOHEADER
 15+  F140 32 F8 FF    >            ld (IO_COLOR), a
 15+  F143             >        ENDIF
 16+  F143
 17+  F143                          ; Печать "COMMANDER VERSION XXX"
 18+  F143 21 10 11                 ld      hl, 1110h
 19+  F146 CD C4 F3                 call    setCursorPosPanel
 20+  F149 21 3A F5                 ld      hl, aCommanderVer
 21+  F14C CD 18 C8                 call    bios_printString
 22+  F14F
 23+  F14F                          ; Печать "(C) OMSK 1992"
 24+  F14F                          ;ld      hl, 1D1Ah
 25+  F14F 21 1A 0E                 ld      hl, 0E1Ah
 26+  F152 CD C4 F3                 call    setCursorPosPanel
 27+  F155 21 50 F5                 ld      hl, aCopyright
 28+  F158 CD 18 C8                 call    bios_printString
 29+  F15B
 30+  F15B                          ; Положение курсора
 31+  F15B 21 30 0B                 ld      hl, 0B30h
 32+  F15E CD C4 F3                 call    setCursorPosPanel
 33+  F161
 34+  F161                          ; Общий объем ОЗУ
 35+  F161 11 E0 FF                 ld      de, 65504   ; Специалист-MX/MX2
 36+  F164
 37+  F164                          ; Печать "XXXX BYTES MEMORY"
 38+  F164                          COLOR   COLOR_INFONUMBER
 38+  F164             >        IF ENABLE_COLOR
 38+  F164 3E E1       >            ld a, COLOR_INFONUMBER
 38+  F166 32 F8 FF    >            ld (IO_COLOR), a
 38+  F169             >        ENDIF
 39+  F169 06 20                    ld      b, 20h
 40+  F16B CD 6C C8                 call    bios_printDecWord
 41+  F16E                          COLOR   COLOR_INFOTEXT
 41+  F16E             >        IF ENABLE_COLOR
 41+  F16E 3E F1       >            ld a, COLOR_INFOTEXT
 41+  F170 32 F8 FF    >            ld (IO_COLOR), a
 41+  F173             >        ENDIF
 42+  F173 21 64 F6                 ld      hl, aKBytesMemory
 43+  F176 CD 18 C8                 call    bios_printString
 44+  F179
 45+  F179                          ; Положение курсора
 46+  F179 21 3C 0B                 ld      hl, 0B3Ch
 47+  F17C CD C4 F3                 call    setCursorPosPanel
 48+  F17F
 49+  F17F                          ; Свободный объем ОЗУ
 50+  F17F CD 30 C8                 call    bios_getMemTop
 51+  F182 23                       inc     hl  ; сободно на 1 байт больше, чем memTop
 52+  F183 EB                       ex      hl, de
 53+  F184
 54+  F184                          ; Печать "XXXX BYTES FREE"
 55+  F184                          COLOR   COLOR_INFONUMBER
 55+  F184             >        IF ENABLE_COLOR
 55+  F184 3E E1       >            ld a, COLOR_INFONUMBER
 55+  F186 32 F8 FF    >            ld (IO_COLOR), a
 55+  F189             >        ENDIF
 56+  F189 06 20                    ld      b, 20h
 57+  F18B CD 6C C8                 call    bios_printDecWord
 58+  F18E                          COLOR   COLOR_INFOTEXT
 58+  F18E             >        IF ENABLE_COLOR
 58+  F18E 3E F1       >            ld a, COLOR_INFOTEXT
 58+  F190 32 F8 FF    >            ld (IO_COLOR), a
 58+  F193             >        ENDIF
 59+  F193 21 72 F6                 ld      hl, aKBytesFree
 60+  F196 CD 18 C8                 call    bios_printString
 61+  F199
 62+  F199                          ; Положение курсора
 63+  F199 21 48 05                 ld      hl, 0548h
 64+  F19C CD C4 F3                 call    setCursorPosPanel
 65+  F19F
 66+  F19F                          ; Общий объем ДОЗУ в кб
 67+  F19F 3A F8 8F                 ld      a, (bios_vars.ramPageCount)
 68+  F1A2                          ; hl = a * 256
 69+  F1A2 67                       ld      h, a
 70+  F1A3 2E 00                    ld      l, 0
 71+  F1A5                          ; hl = hl / 4
 72+  F1A5 CD 81 C8                 call    bios_div_hl_2
 73+  F1A8 CD 81 C8                 call    bios_div_hl_2
 74+  F1AB EB                       ex      hl, de
 75+  F1AC
 76+  F1AC                          ; Печать "XXXX KB EXTENDED MEMORY"
 77+  F1AC                          COLOR   COLOR_INFONUMBER
 77+  F1AC             >        IF ENABLE_COLOR
 77+  F1AC 3E E1       >            ld a, COLOR_INFONUMBER
 77+  F1AE 32 F8 FF    >            ld (IO_COLOR), a
 77+  F1B1             >        ENDIF
 78+  F1B1 06 20                    ld      b, 20h
 79+  F1B3 CD 6C C8                 call    bios_printDecWord
 80+  F1B6                          COLOR   COLOR_INFOTEXT
 80+  F1B6             >        IF ENABLE_COLOR
 80+  F1B6 3E F1       >            ld a, COLOR_INFOTEXT
 80+  F1B8 32 F8 FF    >            ld (IO_COLOR), a
 80+  F1BB             >        ENDIF
 81+  F1BB 21 50 F6                 ld      hl, aKBytesExtMemory
 82+  F1BE CD 18 C8                 call    bios_printString
 83+  F1C1
 84+  F1C1                          ; Получить размер диска
 85+  F1C1 06 03                    ld      b, 3    ; режим
 86+  F1C3 CD 63 C8                 call    bios_diskDriver             ; de = количество кластеров на диске, hl = адрес DISK_INFO
 87+  F1C6 22 67 F7                 ld      (vars.diskInfoPtr), hl   ; cохраним адрес структуры DISK_INFO
 88+  F1C9
 89+  F1C9                          ; Проверяем, распознан ли диск
 90+  F1C9 01 22 00                 ld      bc, DISK_INFO.isValid
 91+  F1CC 09                       add     hl, bc                  ; hl = адрес поля isValid
 92+  F1CD 7E                       ld      a, (hl)                 ; a = isValid
 93+  F1CE FE 02                    cp      DISK_VALID              ; если значение меньше, чем DISK_VALID (2)
 94+  F1D0 DA A5 F2                 jp c,   pip_printDiskError      ; то переходим сюда
 95+  F1D3
 96+  F1D3                          ;---------------------------------------------------------
 97+  F1D3
 98+  F1D3              pip_printDiskInfo:
 99+  F1D3                          ; Положение курсора
100+  F1D3 21 5C 05                 ld      hl, 055Ch
101+  F1D6 CD C4 F3                 call    setCursorPosPanel
102+  F1D9
103+  F1D9                          ; Считаем объем в килобайтах
104+  F1D9                          ; de = de * 256 / 1024 = hl / 4
105+  F1D9 EB                       ex      hl, de
106+  F1DA CD 81 C8                 call    bios_div_hl_2
107+  F1DD CD 81 C8                 call    bios_div_hl_2
108+  F1E0 EB                       ex      hl, de
109+  F1E1 D5                       push    de  ; в стеке - объем диска в кб
110+  F1E2
111+  F1E2                          ; Печать "XXXX KBYTES TOTAL ON DRIVE A:"
112+  F1E2                          COLOR   COLOR_INFONUMBER
112+  F1E2             >        IF ENABLE_COLOR
112+  F1E2 3E E1       >            ld a, COLOR_INFONUMBER
112+  F1E4 32 F8 FF    >            ld (IO_COLOR), a
112+  F1E7             >        ENDIF
113+  F1E7 06 20                    ld      b, 20h
114+  F1E9 CD 6C C8                 call    bios_printDecWord
115+  F1EC                          COLOR   COLOR_INFOTEXT
115+  F1EC             >        IF ENABLE_COLOR
115+  F1EC 3E F1       >            ld a, COLOR_INFOTEXT
115+  F1EE 32 F8 FF    >            ld (IO_COLOR), a
115+  F1F1             >        ENDIF
116+  F1F1 21 7E F6                 ld      hl, aKBytesTotalOnDrv
117+  F1F4 CD 18 C8                 call    bios_printString
118+  F1F7                          COLOR   COLOR_INFONUMBER
118+  F1F7             >        IF ENABLE_COLOR
118+  F1F7 3E E1       >            ld a, COLOR_INFONUMBER
118+  F1F9 32 F8 FF    >            ld (IO_COLOR), a
118+  F1FC             >        ENDIF
119+  F1FC CD 6B F3                 call    printCurDrive
120+  F1FF                          COLOR   COLOR_INFOTEXT
120+  F1FF             >        IF ENABLE_COLOR
120+  F1FF 3E F1       >            ld a, COLOR_INFOTEXT
120+  F201 32 F8 FF    >            ld (IO_COLOR), a
120+  F204             >        ENDIF
121+  F204
122+  F204                          ; Положение курсора
123+  F204 21 98 0B                 ld      hl, 0B98h
124+  F207 CD C4 F3                 call    setCursorPosPanel
125+  F20A
126+  F20A                          ; Печать "Volume label: XXXXXXXXXXX"
127+  F20A                          COLOR   COLOR_INFOTEXT
127+  F20A             >        IF ENABLE_COLOR
127+  F20A 3E F1       >            ld a, COLOR_INFOTEXT
127+  F20C 32 F8 FF    >            ld (IO_COLOR), a
127+  F20F             >        ENDIF
128+  F20F 21 BA F6                 ld      hl, aVolumeLabel
129+  F212 CD 18 C8                 call    bios_printString
130+  F215                          COLOR   COLOR_INFONUMBER
130+  F215             >        IF ENABLE_COLOR
130+  F215 3E E1       >            ld a, COLOR_INFONUMBER
130+  F217 32 F8 FF    >            ld (IO_COLOR), a
130+  F21A             >        ENDIF
131+  F21A                          ; hl = адрес поля v_diskInfo.volumeLabel
132+  F21A 2A 67 F7                 ld      hl, (vars.diskInfoPtr)
133+  F21D 11 16 00                 ld      de, DISK_INFO.volumeLabel
134+  F220 19                       add     hl, de
135+  F221 CD 18 C8                 call    bios_printString
136+  F224
137+  F224                          ; Положение курсора
138+  F224 21 68 05                 ld      hl, 0568h
139+  F227 CD C4 F3                 call    setCursorPosPanel
140+  F22A
141+  F22A                          ; Подсчет свободного места на диске.
142+  F22A                          ; Эта п/п может работать довольно долго,
143+  F22A                          ; в зависимости от размера fat на диске
144+  F22A                          ; Результат: de = количество свободных кластеров
145+  F22A CD 72 C8                 call    bios_getDriveFreeSpace
146+  F22D
147+  F22D                          ; Считаем объем в килобайтах
148+  F22D                          ; hl = hl * 256 / 1024 = hl / 4
149+  F22D EB                       ex      hl, de
150+  F22E CD 81 C8                 call    bios_div_hl_2
151+  F231 CD 81 C8                 call    bios_div_hl_2
152+  F234 EB                       ex      hl, de
153+  F235 D5                       push    de  ; в стеке - объем свободного места в кб
154+  F236
155+  F236                          ; Печать "XXXX KBYTES FREE ON DRIVE A:"
156+  F236                          COLOR   COLOR_INFONUMBER
156+  F236             >        IF ENABLE_COLOR
156+  F236 3E E1       >            ld a, COLOR_INFONUMBER
156+  F238 32 F8 FF    >            ld (IO_COLOR), a
156+  F23B             >        ENDIF
157+  F23B 06 20                    ld      b, 20h
158+  F23D CD 6C C8                 call    bios_printDecWord
159+  F240                          COLOR   COLOR_INFOTEXT
159+  F240             >        IF ENABLE_COLOR
159+  F240 3E F1       >            ld a, COLOR_INFOTEXT
159+  F242 32 F8 FF    >            ld (IO_COLOR), a
159+  F245             >        ENDIF
160+  F245 21 92 F6                 ld      hl, aKBytesFreeOnDrv
161+  F248 CD 18 C8                 call    bios_printString
162+  F24B                          COLOR   COLOR_INFONUMBER
162+  F24B             >        IF ENABLE_COLOR
162+  F24B 3E E1       >            ld a, COLOR_INFONUMBER
162+  F24D 32 F8 FF    >            ld (IO_COLOR), a
162+  F250             >        ENDIF
163+  F250 CD 6B F3                 call    printCurDrive
164+  F253
165+  F253                          ; Положение курсора
166+  F253 21 74 05                 ld      hl, 0574h
167+  F256 CD C4 F3                 call    setCursorPosPanel
168+  F259
169+  F259                          ; de = кол-во файлов
170+  F259 21 5A F7                 ld      hl, state.panelA_filesCnt
171+  F25C 3A 55 F7                 ld      a, (state.activePanel)
172+  F25F A7                       and     a
173+  F260 C2 64 F2                 jp nz,  pip_filesPresent
174+  F263 23                       inc     hl
175+  F264              pip_filesPresent:
176+  F264 5E                       ld      e, (hl)
177+  F265 16 00                    ld      d, 0
178+  F267
179+  F267                          ; Печать "XX FILES USE"
180+  F267                          COLOR   COLOR_INFONUMBER
180+  F267             >        IF ENABLE_COLOR
180+  F267 3E E1       >            ld a, COLOR_INFONUMBER
180+  F269 32 F8 FF    >            ld (IO_COLOR), a
180+  F26C             >        ENDIF
181+  F26C 06 20                    ld      b, 20h
182+  F26E CD 6C C8                 call    bios_printDecWord
183+  F271                          COLOR   COLOR_INFOTEXT
183+  F271             >        IF ENABLE_COLOR
183+  F271 3E F1       >            ld a, COLOR_INFOTEXT
183+  F273 32 F8 FF    >            ld (IO_COLOR), a
183+  F276             >        ENDIF
184+  F276 21 A6 F6                 ld      hl, aFilesUse
185+  F279 CD 18 C8                 call    bios_printString
186+  F27C
187+  F27C D1                       pop     de  ; из стека - объем свободного места в кб
188+  F27D E1                       pop     hl  ; из стека - объем диска в кб
189+  F27E CD 7E C8                 call    bios_sub_hl_de
190+  F281 EB                       ex      hl, de
191+  F282
192+  F282                          ; Печать "XXXX BYTES IN"
193+  F282                          COLOR   COLOR_INFONUMBER
193+  F282             >        IF ENABLE_COLOR
193+  F282 3E E1       >            ld a, COLOR_INFONUMBER
193+  F284 32 F8 FF    >            ld (IO_COLOR), a
193+  F287             >        ENDIF
194+  F287 06 00                    ld      b, 0    ; не дополнять пробелами
195+  F289 CD 6C C8                 call    bios_printDecWord
196+  F28C                          COLOR   COLOR_INFOTEXT
196+  F28C             >        IF ENABLE_COLOR
196+  F28C 3E F1       >            ld a, COLOR_INFOTEXT
196+  F28E 32 F8 FF    >            ld (IO_COLOR), a
196+  F291             >        ENDIF
197+  F291 21 B2 F6                 ld      hl, aKBytesIn
198+  F294 CD 18 C8                 call    bios_printString
199+  F297
200+  F297                          ; Положение курсора
201+  F297 21 80 2C                 ld      hl, 2C80h
202+  F29A CD C4 F3                 call    setCursorPosPanel
203+  F29D
204+  F29D                          ; Печать "A:"
205+  F29D                          ; Здесь будет печататься путь к текущей папке...
206+  F29D                          COLOR   COLOR_INFONUMBER
206+  F29D             >        IF ENABLE_COLOR
206+  F29D 3E E1       >            ld a, COLOR_INFONUMBER
206+  F29F 32 F8 FF    >            ld (IO_COLOR), a
206+  F2A2             >        ENDIF
207+  F2A2 C3 6B F3                 jp      printCurDrive
208+  F2A5
209+  F2A5                          ; ^^^ выход
210+  F2A5
211+  F2A5                          ;---------------------------------------------------------
212+  F2A5
213+  F2A5              pip_printDiskError:
214+  F2A5                          ; Панель без драйвера теперь недостижима: выбор дисков и
215+  F2A5                          ; начальная инициализация оставляют только установленные драйверы.
216+  F2A5
217+  F2A5                          ; Положение курсора
218+  F2A5 21 5C 0B                 ld      hl, 0B5Ch
219+  F2A8 CD C4 F3                 call    setCursorPosPanel
220+  F2AB
221+  F2AB                          ; Печать "DRIVE A: IS NOT FORMATTED"
222+  F2AB                          COLOR   COLOR_INFOTEXT
222+  F2AB             >        IF ENABLE_COLOR
222+  F2AB 3E F1       >            ld a, COLOR_INFOTEXT
222+  F2AD 32 F8 FF    >            ld (IO_COLOR), a
222+  F2B0             >        ENDIF
223+  F2B0 21 C9 F6                 ld      hl, aDrive
224+  F2B3 CD 18 C8                 call    bios_printString
225+  F2B6                          COLOR   COLOR_INFONUMBER
225+  F2B6             >        IF ENABLE_COLOR
225+  F2B6 3E E1       >            ld a, COLOR_INFONUMBER
225+  F2B8 32 F8 FF    >            ld (IO_COLOR), a
225+  F2BB             >        ENDIF
226+  F2BB CD 6B F3                 call    printCurDrive
227+  F2BE                          COLOR   COLOR_INFOTEXT
227+  F2BE             >        IF ENABLE_COLOR
227+  F2BE 3E F1       >            ld a, COLOR_INFOTEXT
227+  F2C0 32 F8 FF    >            ld (IO_COLOR), a
227+  F2C3             >        ENDIF
228+  F2C3 21 D0 F6                 ld      hl, aNotFormatted
229+  F2C6 C3 18 C8                 jp      bios_printString
230+  F2C9
231+  F2C9                          ; ^^^ выход
232+  F2C9
126   F2C9                  INCLUDE "printFilePanel.inc"
  1+  F2C9              ;----------------------------------------------------------------------------
  2+  F2C9              ; MXOS NC.COM
  3+  F2C9              ; Вывод списка файлов на панель
  4+  F2C9              ;
  5+  F2C9              ; 2013-12-18 Дизассемблировано vinxru
  6+  F2C9              ;----------------------------------------------------------------------------
  7+  F2C9
  8+  F2C9              ;----------------------------------------------------------------------------
  9+  F2C9              ; Перерисовка всей панели
 10+  F2C9
 11+  F2C9              redrawFilePanel:
 12+  F2C9                      COLOR   COLOR_BORDER
 12+  F2C9             >        IF ENABLE_COLOR
 12+  F2C9 3E F1       >            ld a, COLOR_BORDER
 12+  F2CB 32 F8 FF    >            ld (IO_COLOR), a
 12+  F2CE             >        ENDIF
 13+  F2CE
 14+  F2CE                      ; Рисование панели
 15+  F2CE 21 0D F7             ld      hl, g_filePanel
 16+  F2D1 CD D7 F3             call    draw
 17+  F2D4
 18+  F2D4                      ; Вывод буквы диска
 19+  F2D4                      COLOR   COLOR_INFOLINE
 19+  F2D4             >        IF ENABLE_COLOR
 19+  F2D4 3E B1       >            ld a, COLOR_INFOLINE
 19+  F2D6 32 F8 FF    >            ld (IO_COLOR), a
 19+  F2D9             >        ENDIF
 20+  F2D9 21 58 F7             ld      hl, state.panelA_drive
 21+  F2DC CD 8C F3             call    readBytePanel
 22+  F2DF 21 DE 09             ld      hl, (P_DRIVE_LETTER_X << 8) + P_DRIVE_LETTER_Y
 23+  F2E2 CD C4 F3             call    setCursorPosPanel
 24+  F2E5 CD 70 F3             call    printDrive
 25+  F2E8
 26+  F2E8                      ; Вывод NAME
 27+  F2E8                  IF FULL_PANELS==0
 28+  F2E8                      COLOR   COLOR_PANELNAME
 28+  F2E8             >        IF ENABLE_COLOR
 28+  F2E8 3E E1       >            ld a, COLOR_PANELNAME
 28+  F2EA 32 F8 FF    >            ld (IO_COLOR), a
 28+  F2ED             >        ENDIF
 29+  F2ED 21 10 11             ld      hl, (P_NAME_X1 << 8) + P_NAME_Y
 30+  F2F0 CD C4 F3             call    setCursorPosPanel
 31+  F2F3 21 E2 F6             ld      hl, aNameName
 32+  F2F6 CD 18 C8             call    bios_printString
 33+  F2F9
 34+  F2F9 21 10 41             ld      hl, (P_NAME_X2 << 8) + P_NAME_Y
 35+  F2FC CD C4 F3             call    setCursorPosPanel
 36+  F2FF 21 E2 F6             ld      hl, aNameName
 37+  F302 CD 18 C8             call    bios_printString
 38+  F305                  ENDIF
 39+  F305
 40+  F305                      ; Выодим список файлов сверху вниз
 41+  F305 06 00                ld      b, 0
 42+  F307
 43+  F307              ;----------------------------------------------------------------------------
 44+  F307              ; Перерисовка списка файлов
 45+  F307              ; вход:
 46+  F307              ;   b - направление (0 - сверху вниз, 1 - снизу вверх)
 47+  F307
 48+  F307              printFilePanel:
 49+  F307                      ; Рисуем сверху вниз или снизу вверх?
 50+  F307 78                   ld      a, b
 51+  F308 B7                   or      a
 52+  F309 F5                   push    af
 53+  F30A
 54+  F30A                      ; Загрузка списка файлов
 55+  F30A 21 58 F7             ld      hl, state.panelA_drive
 56+  F30D CD 8C F3             call    readBytePanel   ; a = номер накопителя
 57+  F310 CD 15 F1             call    loadFiles
 58+  F313
 59+  F313                      ; Цвет для печати списка файлов
 60+  F313                      COLOR   COLOR_FILE
 60+  F313             >        IF ENABLE_COLOR
 60+  F313 3E B1       >            ld a, COLOR_FILE
 60+  F315 32 F8 FF    >            ld (IO_COLOR), a
 60+  F318             >        ENDIF
 61+  F318
 62+  F318 F1                   pop     af
 63+  F319 C2 44 F3             jp nz,  printFilesDownUp
 64+  F31C
 65+  F31C              ;----------------------------------------------------------------------------
 66+  F31C              ; Цикл печати сверху вниз
 67+  F31C
 68+  F31C              printFilesUpDown:
 69+  F31C                      ; Указатель списка файлов - на нулевой файл
 70+  F31C 21 F2 F7             ld      hl, FILE_LIST_BUFFER
 71+  F31F
 72+  F31F                      ; Положение курсора - на нулевой файл
 73+  F31F 11 20 06             ld      de, (P_FILE_LIST_X1 << 8) + P_FILE_LIST_Y
 74+  F322
 75+  F322              pfud_Loop:
 76+  F322                      ; Прерываем цикл по достижении конца списка файлов
 77+  F322                      ; (первый символ имени = FF)
 78+  F322 7E                   ld      a, (hl)
 79+  F323 3C                   inc     a
 80+  F324 C8                   ret z
 81+  F325
 82+  F325                      ; Установка положения курсора
 83+  F325 EB                   ex      de, hl
 84+  F326 CD C4 F3             call    setCursorPosPanel
 85+  F329 EB                   ex      de, hl
 86+  F32A
 87+  F32A                      ; Печать имени файла
 88+  F32A CD 98 F3             call    printFileNamOnPanel
 89+  F32D
 90+  F32D                      ; Следующий файл
 91+  F32D 01 10 00             ld      bc, FILE_INFO_SIZE
 92+  F330 09                   add     hl, bc
 93+  F331
 94+  F331                      ; Курсор на следующую строку
 95+  F331 7B                   ld      a, e
 96+  F332 C6 0A                add     10
 97+  F334 5F                   ld      e, a
 98+  F335
 99+  F335                      ; Курсор на следующий столбец
100+  F335 FE D4                cp      P_FILE_LIST_Y_MAX
101+  F337 DA 22 F3             jp c,   pfud_Loop
102+  F33A 7A                   ld      a, d
103+  F33B 11 20 36             ld      de, (P_FILE_LIST_X2 << 8) + P_FILE_LIST_Y
104+  F33E FE 14                cp      20
105+  F340 DA 22 F3             jp c,   pfud_Loop
106+  F343
107+  F343 C9                   ret
108+  F344
109+  F344              ;----------------------------------------------------------------------------
110+  F344              ; Цикл печати снизу вверх
111+  F344
112+  F344              printFilesDownUp:
113+  F344                      ; Указатель списка файлов - на последний файл
114+  F344 21 22 FA             ld      hl, FILE_LIST_BUFFER + (FILE_LIST_SIZE-1) * FILE_INFO_SIZE
115+  F347
116+  F347                      ; Положение курсора - на последний файл
117+  F347 11 CA 36             ld      de, (P_FILE_LIST_X2 << 8) + P_FILE_LIST_Y_MAX - 10
118+  F34A
119+  F34A              pfdu_Loop:
120+  F34A                      ; Установка положения курсора
121+  F34A EB                   ex      de, hl
122+  F34B CD C4 F3             call    setCursorPosPanel
123+  F34E EB                   ex      de, hl
124+  F34F
125+  F34F                      ; Печать имени файла
126+  F34F CD 98 F3             call    printFileNamOnPanel
127+  F352
128+  F352                      ; Предыдущий файл
129+  F352 C5                   push    bc
130+  F353 01 F0 FF             ld      bc, -FILE_INFO_SIZE
131+  F356 09                   add     hl, bc
132+  F357 C1                   pop     bc
133+  F358
134+  F358                      ; Курсор на предыдущую строку
135+  F358 7B                   ld      a, e
136+  F359 D6 0A                sub     10
137+  F35B 5F                   ld      e, a
138+  F35C
139+  F35C                      ; Курсор на предыдущий столбец
140+  F35C FE 20                cp      P_FILE_LIST_Y
141+  F35E D2 4A F3             jp nc,  pfdu_Loop
142+  F361 7A                   ld      a, d
143+  F362 11 CA 06             ld      de, (P_FILE_LIST_X1 << 8) + P_FILE_LIST_Y_MAX - 10
144+  F365 FE 14                cp      20
145+  F367 D2 4A F3             jp nc,  pfdu_Loop
146+  F36A
147+  F36A C9                   ret
148+  F36B
127   F36B                  INCLUDE "printCurDrive.inc"
  1+  F36B              ;----------------------------------------------------------------------------
  2+  F36B              ; MXOS NC.COM
  3+  F36B              ; Вывод текущего накопителя
  4+  F36B              ;
  5+  F36B              ; 2013-12-18 Дизассемблировано vinxru
  6+  F36B              ;----------------------------------------------------------------------------
  7+  F36B
  8+  F36B              printCurDrive:    ; Узнаем активное устройство
  9+  F36B 1E 02                    ld    e, 2
 10+  F36D CD 42 C8                 call  bios_fileGetSetDrive
 11+  F370
 12+  F370              printDrive: ; Выводим его букву на экран
 13+  F370 C6 41                    add   a, 'A'
 14+  F372 4F                       ld    c, a
 15+  F373 CD 09 C8                 call  bios_printChar
 16+  F376
 17+  F376                          ; Выводим ':'
 18+  F376 0E 3A                    ld    c, ':'
 19+  F378 C3 09 C8                 jp    bios_printChar
 20+  F37B
128   F37B                  INCLUDE "rwBytePanel.inc"
  1+  F37B              ;----------------------------------------------------------------------------
  2+  F37B              ; MXOS NC.COM
  3+  F37B              ; Запись значения в переменную панели
  4+  F37B              ; [hl + state.activePanel] = a
  5+  F37B              ;
  6+  F37B              ; вход:
  7+  F37B              ;   hl = адрес переменной панели A (state.panelA_info, state.panelA_drive и т.п.)
  8+  F37B              ;   a  = значение переменной
  9+  F37B              ;
 10+  F37B              ; 2013-12-18 Дизассемблировано vinxru
 11+  F37B              ;----------------------------------------------------------------------------
 12+  F37B
 13+  F37B              writeBytePanel:
 14+  F37B C5                       push  bc
 15+  F37C E5                       push  hl
 16+  F37D F5                       push  af
 17+  F37E 4F                       ld    c, a
 18+  F37F 3A 55 F7                 ld    a, (state.activePanel)
 19+  F382 A7                       and   a
 20+  F383 CA 87 F3                 jp z, loc_D97E
 21+  F386 23                       inc   hl
 22+  F387 71           loc_D97E:   ld    (hl), c
 23+  F388 F1                       pop   af
 24+  F389 E1                       pop   hl
 25+  F38A C1                       pop   bc
 26+  F38B C9                       ret
 27+  F38C
 28+  F38C              ;----------------------------------------------------------------------------
 29+  F38C              ; MXOS NC.COM
 30+  F38C              ; Чтение значения из переменной панели
 31+  F38C              ; a = [hl + state.activePanel]
 32+  F38C              ;
 33+  F38C              ; вход:
 34+  F38C              ;   hl = адрес переменной панели A (state.panelA_info, state.panelA_drive и т.п.)
 35+  F38C              ;
 36+  F38C              ; выход:
 37+  F38C              ;   a = значение переменной
 38+  F38C              ;
 39+  F38C              ; 2013-12-18 Дизассемблировано vinxru
 40+  F38C              ;----------------------------------------------------------------------------
 41+  F38C
 42+  F38C              readBytePanel:
 43+  F38C E5                       push  hl
 44+  F38D 3A 55 F7                 ld    a, (state.activePanel)
 45+  F390 A7                       and   a
 46+  F391 CA 95 F3                 jp z, loc_D98C
 47+  F394 23                       inc   hl
 48+  F395 7E           loc_D98C:   ld    a, (hl)
 49+  F396 E1                       pop   hl
 50+  F397 C9                       ret
 51+  F398
129   F398                  INCLUDE "printFileName.inc"
  1+  F398              ;----------------------------------------------------------------------------
  2+  F398              ; MXOS NC.COM
  3+  F398              ; Вывод имени файла в обычном виде с точкой
  4+  F398              ;
  5+  F398              ; вход:
  6+  F398              ;   hl - адрес дескриптора файла
  7+  F398              ;
  8+  F398              ; выход:
  9+  F398              ;   hl - указывает на следующее за расширением поле в дескрипторе файла
 10+  F398              ;
 11+  F398              ; 2022-01-31 SpaceEngineer
 12+  F398              ;----------------------------------------------------------------------------
 13+  F398
 14+  F398              ;printFileName:
 15+  F398              ;        push  bc
 16+  F398              ;        ld    c, ' '               ; прерываем печать имени по пробелу
 17+  F398              ;        ld    b, FILE_NAME_LENGTH  ; длина имени
 18+  F398              ;        call  printString2
 19+  F398              ;        ld    c, '.'
 20+  F398              ;        call  bios_printChar       ; печатаем точку
 21+  F398              ;        ld    b, 3                 ; длина расширения
 22+  F398              ;        call  printString2
 23+  F398              ;        pop   bc
 24+  F398              ;        ret
 25+  F398              ;
 26+  F398
 27+  F398              ;----------------------------------------------------------------------------
 28+  F398              ; MXOS NC.COM
 29+  F398              ; Вывод имени файла - 8 символов, путое место, 3 символа.
 30+  F398              ; Короткие имена дополняются пробелами, чтобы стереть предыдущий текст.
 31+  F398              ; Выводит только реальные символы, чтобы не портить экран при
 32+  F398              ; неотформатированном или повреждённом диске.
 33+  F398              ;
 34+  F398              ; вход:
 35+  F398              ;   hl - адрес дескриптора файла
 36+  F398              ;
 37+  F398              ; 2022-02-16 SpaceEngineer
 38+  F398              ;----------------------------------------------------------------------------
 39+  F398
 40+  F398              printFileNamOnPanel:
 41+  F398 E5                   push    hl
 42+  F399 C5                   push    bc
 43+  F39A 01 00 08             ld      bc, FILE_NAME_LENGTH << 8   ; b = длина имени, с = 0 (без терминатора)
 44+  F39D CD AE F3             call    printString2
 45+  F3A0 0E 18                ld      c, 18h                      ; курсор вправо
 46+  F3A2 CD 09 C8             call    bios_printChar
 47+  F3A5 01 00 03             ld      bc, 3 << 8                  ; b = длина расширения, с = 0 (без терминатора)
 48+  F3A8 CD AE F3             call    printString2
 49+  F3AB C1                   pop     bc
 50+  F3AC E1                   pop     hl
 51+  F3AD C9                   ret
 52+  F3AE
130   F3AE                  INCLUDE "printString2.inc"
  1+  F3AE              ;----------------------------------------------------------------------------
  2+  F3AE              ; MXOS NC.COM
  3+  F3AE              ; Вывод строки по адресу hl длиной b или до терминатора.
  4+  F3AE              ; Выводит только реальные символы, чтобы не портить экран при
  5+  F3AE              ; неотформатированном или повреждённом диске.
  6+  F3AE              ;
  7+  F3AE              ; вход:
  8+  F3AE              ;   hl = адрес строки
  9+  F3AE              ;   b  = макс. длина печати
 10+  F3AE              ;   c  = терминатор
 11+  F3AE              ;
 12+  F3AE              ; выход:
 13+  F3AE              ;   hl = адрес конца строки + 1
 14+  F3AE              ;
 15+  F3AE              ; 2022-01-31 SpaceEngineer
 16+  F3AE              ;----------------------------------------------------------------------------
 17+  F3AE
 18+  F3AE              printString2:
 19+  F3AE F5               push    af
 20+  F3AF D5               push    de
 21+  F3B0
 22+  F3B0              printString2loop:
 23+  F3B0 7E               ld      a, (hl)
 24+  F3B1 B9               cp      c
 25+  F3B2 DA C1 F3         jp c,   printString2exit
 26+  F3B5
 27+  F3B5 C5               push    bc
 28+  F3B6 E5               push    hl
 29+  F3B7
 30+  F3B7 CD 69 C8         call    bios_printCharReal
 31+  F3BA
 32+  F3BA E1               pop     hl
 33+  F3BB C1               pop     bc
 34+  F3BC
 35+  F3BC 23               inc     hl
 36+  F3BD 05               dec     b
 37+  F3BE C2 B0 F3         jp nz,  printString2loop
 38+  F3C1
 39+  F3C1              printString2exit:
 40+  F3C1 D1               pop     de
 41+  F3C2 F1               pop     af
 42+  F3C3 C9               ret
 43+  F3C4
131   F3C4                  INCLUDE "setCursorPosPanel.inc"
  1+  F3C4              ;----------------------------------------------------------------------------
  2+  F3C4              ; MXOS NC.COM
  3+  F3C4              ; Установка положения курсора с учетом активной панели
  4+  F3C4              ; вход:
  5+  F3C4              ;   hl - координаты курсора на панели
  6+  F3C4              ;
  7+  F3C4              ; 2013-12-18 Дизассемблировано vinxru
  8+  F3C4              ;----------------------------------------------------------------------------
  9+  F3C4
 10+  F3C4              setCursorPosPanel:
 11+  F3C4                          ; Сохраняем регистры
 12+  F3C4 E5                       push  hl
 13+  F3C5 F5                       push  af
 14+  F3C6
 15+  F3C6 3A 55 F7                 ld    a, (state.activePanel)
 16+  F3C9 A7                       and   a
 17+  F3CA CA CF F3                 jp z, loc_D9BA
 18+  F3CD 3E 60                    ld    a, 96       ; Половина экрана
 19+  F3CF 84           loc_D9BA:   add   a, h
 20+  F3D0 67                       ld    h, a
 21+  F3D1 22 FC 8F                 ld    (bios_vars.cursorY), hl
 22+  F3D4
 23+  F3D4                          ; Восстанавливаем регистры
 24+  F3D4 F1                       pop   af
 25+  F3D5 E1                       pop   hl
 26+  F3D6 C9                       ret
 27+  F3D7
132   F3D7                  INCLUDE "draw.inc"
  1+  F3D7              ;----------------------------------------------------------------------------
  2+  F3D7              ; MXOS NC.COM
  3+  F3D7              ; Рисование окошек
  4+  F3D7              ;
  5+  F3D7              ; 2013-12-18 Дизассемблировано vinxru
  6+  F3D7              ;----------------------------------------------------------------------------
  7+  F3D7
  8+  F3D7              draw:       ; Читаем 5 байт из hl в a, hl, c, b.
  9+  F3D7                          ; При этом de = hl+5
 10+  F3D7 7E                       ld    a, (hl)
 11+  F3D8 23                       inc   hl
 12+  F3D9 5E                       ld    e, (hl)
 13+  F3DA 23                       inc   hl
 14+  F3DB 56                       ld    d, (hl)
 15+  F3DC 23                       inc   hl
 16+  F3DD 4E                       ld    c, (hl)
 17+  F3DE 23                       inc   hl
 18+  F3DF 46                       ld    b, (hl)
 19+  F3E0 23                       inc   hl
 20+  F3E1 EB                       ex    de, hl
 21+  F3E2
 22+  F3E2                          ; Если a=0 (первый байт), то выйти
 23+  F3E2 A7                       and   a
 24+  F3E3 C8                       ret z
 25+  F3E4
 26+  F3E4                          ; Если не установлен 7-ой бит и активная панель правая, то X += 192
 27+  F3E4 FA EA F3                 jp M, draw_0
 28+  F3E7 CD 16 F4                 call  activePanelPos
 29+  F3EA              draw_0:
 30+  F3EA
 31+  F3EA                          ; Если a&0xF==3, то заполнить c байт памяти байтом b
 32+  F3EA E6 0F                    and   0Fh
 33+  F3EC FE 03                    cp    3
 34+  F3EE CA FD F3                 jp z, draw3
 35+  F3F1
 36+  F3F1                          ; Если a&0xF==1, то нарисовать веритикальную линию
 37+  F3F1                          ; b-первый байт, c-средняя длина, *de++ - последний байт
 38+  F3F1 FE 01                    cp    1
 39+  F3F3 CA 04 F4                 jp z, draw1
 40+  F3F6
 41+  F3F6                          ; Нарисовать окно
 42+  F3F6 CD 24 F4                 call  draw_window
 43+  F3F9
 44+  F3F9              draw_next:  ; hl=de и следующий цикл
 45+  F3F9 EB                       ex    de, hl
 46+  F3FA C3 D7 F3                 jp    draw
 47+  F3FD
 48+  F3FD              ; ---------------------------------------------------------------------------
 49+  F3FD              ; Заполнить c байт памяти байтом b
 50+  F3FD
 51+  F3FD 78           draw3:      ld    a, b
 52+  F3FE CD 66 F4                 call  memset_hl_a_c
 53+  F401 C3 F9 F3                 jp    draw_next
 54+  F404
 55+  F404              ; ---------------------------------------------------------------------------
 56+  F404              ; Линия hl-адрес, b-первый байт, c-средняя длина, *de++ - последний байт
 57+  F404
 58+  F404              draw1:      ; *hl++ |= b
 59+  F404 78                       ld    a, b
 60+  F405 B6                       or    (hl)
 61+  F406 77                       ld    (hl), a
 62+  F407 24                       inc   h
 63+  F408
 64+  F408              loc_D9F3:
 65+  F408 36 FF                    ld    (hl), 0FFh
 66+  F40A 24                       inc   h
 67+  F40B 0D                       dec   c
 68+  F40C C2 08 F4                 jp nz, loc_D9F3
 69+  F40F
 70+  F40F                          ; hl |= *de++
 71+  F40F 1A                       ld    a, (de)
 72+  F410 13                       inc   de
 73+  F411 B6                       or    (hl)
 74+  F412 77                       ld    (hl), a
 75+  F413
 76+  F413 C3 F9 F3                 jp    draw_next
 77+  F416
 78+  F416              ; ---------------------------------------------------------------------------
 79+  F416              ; Если активная правая панель, сдвинуть адрес на пол экрана
 80+  F416
 81+  F416              activePanelPos:
 82+  F416 F5                       push  af
 83+  F417 3A 55 F7                 ld    a, (state.activePanel)
 84+  F41A A7                       and   a
 85+  F41B CA 20 F4                 jp z, loc_DA0B
 86+  F41E 3E 18                    ld    a, 24
 87+  F420 84           loc_DA0B:   add   a, h
 88+  F421 67                       ld    h, a
 89+  F422 F1                       pop   af
 90+  F423 C9                       ret
 91+  F424
 92+  F424              ; ---------------------------------------------------------------------------
 93+  F424              ; Рисуем окно (b=ширина-2, с=высота-6)
 94+  F424
 95+  F424              draw_window:
 96+  F424                          ; Если h - 90h + b >= 0x2F, то есть X + b + 2 > ширина экрана, то выйти
 97+  F424 7C                       ld    a, h
 98+  F425 D6 90                    sub   90h
 99+  F427 80                       add   a, b
100+  F428 FE 2F                    cp    2Fh
101+  F42A D0                       ret nc
102+  F42B
103+  F42B                          ; Сохранить регистры
104+  F42B E5                       push  hl
105+  F42C C5                       push  bc
106+  F42D D5                       push  de
107+  F42E
108+  F42E                          ; Линия
109+  F42E 11 F8 F6                 ld    de, v_window
110+  F431 CD 48 F4                 call  line313
111+  F434
112+  F434                          ; Повтор b раз
113+  F434              draw_window_2:
114+  F434 D5                       push  de
115+  F435 CD 48 F4                 call  line313
116+  F438 05                       dec   b
117+  F439 CA 40 F4                 jp z, draw_window_3
118+  F43C D1                       pop   de
119+  F43D C3 34 F4                 jp    draw_window_2
120+  F440
121+  F440              ; ---------------------------------------------------------------------------
122+  F440
123+  F440              draw_window_3:
124+  F440 F1                       pop   af
125+  F441
126+  F441                          ; Линия
127+  F441 CD 48 F4                 call  line313
128+  F444
129+  F444                          ; Восстановить регистры и выйти
130+  F444 D1                       pop   de
131+  F445 C1                       pop   bc
132+  F446 E1                       pop   hl
133+  F447 C9                       ret
134+  F448
135+  F448              ; ---------------------------------------------------------------------------
136+  F448              ; Вертикальная линия. Задается три верхних байта, заполнитель и три нижних
137+  F448
138+  F448              line313:    ; Сохраняем регистры
139+  F448 C5                       push  bc
140+  F449 E5                       push  hl
141+  F44A
142+  F44A                          ; Копируем 3 байта (сверху-вниз)
143+  F44A CD 59 F4                 call  memcpy_hl_de_3
144+  F44D
145+  F44D                          ; 4 ый байт повторяем С-раз (сверху-вниз)
146+  F44D 1A                       ld    a, (de)
147+  F44E CD 66 F4                 call  memset_hl_a_c
148+  F451 13                       inc   de
149+  F452
150+  F452                          ; Копируем 3 байта (сверху-вниз)
151+  F452 CD 59 F4                 call  memcpy_hl_de_3
152+  F455
153+  F455                          ; Восстаналиваем регистры
154+  F455 E1                       pop   hl
155+  F456 C1                       pop   bc
156+  F457
157+  F457                          ; Вправо
158+  F457 24                       inc   h
159+  F458 C9                       ret
160+  F459
133   F459                  INCLUDE "tools.inc"
  1+  F459              ;----------------------------------------------------------------------------
  2+  F459              ; MXOS NC.COM
  3+  F459              ; Копирвоание 3-х байт из адреса de в адрес hl
  4+  F459              ;
  5+  F459              ; 2013-12-18 Дизассемблировано vinxru
  6+  F459              ;----------------------------------------------------------------------------
  7+  F459
  8+  F459              memcpy_hl_de_3:
  9+  F459 1A                   ld    a, (de)
 10+  F45A 77                   ld    (hl), a
 11+  F45B 23                   inc   hl
 12+  F45C 13                   inc   de
 13+  F45D
 14+  F45D 1A                   ld    a, (de)
 15+  F45E 77                   ld    (hl), a
 16+  F45F 23                   inc   hl
 17+  F460 13                   inc   de
 18+  F461
 19+  F461 1A                   ld    a, (de)
 20+  F462 77                   ld    (hl), a
 21+  F463 23                   inc   hl
 22+  F464 13                   inc   de
 23+  F465
 24+  F465 C9                   ret
 25+  F466
 26+  F466              ;----------------------------------------------------------------------------
 27+  F466              ; MXOS NC.COM
 28+  F466              ; Заполнение памяти по адресу hl байтом a длинной c
 29+  F466              ;
 30+  F466              ; 2013-12-18 Дизассемблировано vinxru
 31+  F466              ;----------------------------------------------------------------------------
 32+  F466
 33+  F466              memset_hl_a_c:
 34+  F466 77                   ld      (hl), a
 35+  F467 23                   inc     hl
 36+  F468 0D                   dec     c
 37+  F469 C2 66 F4             jp nz,  memset_hl_a_c
 38+  F46C C9                   ret
 39+  F46D
134   F46D                  INCLUDE "compactName.inc"
  1+  F46D              ;----------------------------------------------------------------------------
  2+  F46D              ; MXOS NC.COM
  3+  F46D              ; Убрать из имени пробелы
  4+  F46D              ;
  5+  F46D              ; вход:
  6+  F46D              ;   hl - откуда
  7+  F46D              ;   de - куда
  8+  F46D              ;
  9+  F46D              ; сохраняемые регистры:
 10+  F46D              ;   hl, bc
 11+  F46D              ;
 12+  F46D              ; 2013-12-18 Дизассемблировано vinxru
 13+  F46D              ;----------------------------------------------------------------------------
 14+  F46D
 15+  F46D              compactName:
 16+  F46D                          ; Сохраняем регистры
 17+  F46D E5                       push    hl
 18+  F46E C5                       push    bc
 19+  F46F
 20+  F46F                          ; Копируем до пробела, но не более FILE_NAME_LENGTH букв
 21+  F46F 01 08 00                 ld      bc, FILE_NAME_LENGTH
 22+  F472 7E           compactName_1:      ld  a, (hl)
 23+  F473 FE 20                    cp      ' '
 24+  F475 CA 7F F4                 jp z,   compactName_2
 25+  F478 12                       ld      (de),a
 26+  F479 23                       inc     hl
 27+  F47A 13                       inc     de
 28+  F47B 0D                       dec     c
 29+  F47C C2 72 F4                 jp nz,  compactName_1
 30+  F47F
 31+  F47F              compactName_2:
 32+  F47F                          ; Пропущенные символы исходной строки
 33+  F47F 09                       add     hl, bc
 34+  F480
 35+  F480                          ; Точка
 36+  F480 3E 2E                    ld      a, '.'
 37+  F482 12                       ld      (de),a
 38+  F483 13                       inc     de
 39+  F484
 40+  F484                          ; Копируем до пробела, но не более 3 букв
 41+  F484 0E 03                    ld      c, 3
 42+  F486              compactName_3:
 43+  F486 7E                       ld      a, (hl)
 44+  F487 FE 20                    cp      ' '
 45+  F489 CA 93 F4                 jp z,   compactName_4
 46+  F48C 12                       ld      (de),a
 47+  F48D 23                       inc     hl
 48+  F48E 13                       inc     de
 49+  F48F 0D                       dec     c
 50+  F490 C2 86 F4                 jp nz,  compactName_3
 51+  F493
 52+  F493              compactName_4:
 53+  F493 EB                       ex      de, hl
 54+  F494 F5                       push    af
 55+  F495
 56+  F495                          ; Если последний символ '.', то удаляем его
 57+  F495 2B                       dec     hl
 58+  F496 7E                       ld      a, (hl)
 59+  F497 FE 2E                    cp      '.'
 60+  F499 CA 9D F4                 jp z,   compactName_5
 61+  F49C 23                       inc     hl
 62+  F49D
 63+  F49D              compactName_5:
 64+  F49D                          ; Добавляем пробел и конец строки
 65+  F49D 36 20                    ld      (hl), ' '
 66+  F49F 23                       inc     hl
 67+  F4A0 36 0D                    ld      (hl), 0Dh
 68+  F4A2 23                       inc     hl
 69+  F4A3 36 00                    ld      (hl), 0
 70+  F4A5
 71+  F4A5                          ; Результат в de
 72+  F4A5 EB                       ex    de, hl
 73+  F4A6
 74+  F4A6                          ; Восстаналиваем регистры и выходим
 75+  F4A6 F1                       pop   af
 76+  F4A7 C1                       pop   bc
 77+  F4A8 E1                       pop   hl
 78+  F4A9 C9                       ret
 79+  F4AA
135   F4AA                  INCLUDE "input.inc"
  1+  F4AA              ;----------------------------------------------------------------------------
  2+  F4AA              ; MXOS NC.COM
  3+  F4AA              ; Ввод строки
  4+  F4AA              ;
  5+  F4AA              ; 2013-12-18 Дизассемблировано vinxru
  6+  F4AA              ;----------------------------------------------------------------------------
  7+  F4AA
  8+  F4AA              input:      ; Вывод строки
  9+  F4AA E5                       push    hl
 10+  F4AB 21 B2 F7                 ld      hl, vars.input
 11+  F4AE CD F3 EA                 call    printStringInv
 12+  F4B1 E1                       pop     hl
 13+  F4B2
 14+  F4B2                          ; Включаем инверсию
 15+  F4B2 3E 01                    ld      a, 1
 16+  F4B4 32 FA 8F                 ld      (bios_vars.inverse),a
 17+  F4B7
 18+  F4B7              input_loop: ; Ввод символа
 19+  F4B7 CD 03 C8                 call  bios_getch
 20+  F4BA
 21+  F4BA                          ; Enter или ESC
 22+  F4BA FE 0D                    cp      0Dh
 23+  F4BC CA EF F4                 jp z,   input_exit
 24+  F4BF FE 1B                    cp      1Bh
 25+  F4C1 CA EF F4                 jp z,   input_exit
 26+  F4C4
 27+  F4C4                          ; Если служебная клавиша или пробел, то пропускаем
 28+  F4C4 FE 21                    cp      21h
 29+  F4C6 DA B7 F4                 jp c,   input_loop
 30+  F4C9
 31+  F4C9                          ; Сохраняем для вывода
 32+  F4C9 4F                       ld      c, a
 33+  F4CA
 34+  F4CA                          ; Помещаем символ в буфер
 35+  F4CA 12                       ld      (de),a
 36+  F4CB
 37+  F4CB                          ; Удаление
 38+  F4CB FE 7F                    cp      7Fh
 39+  F4CD CA DD F4                 jp z,   input_bkspc
 40+  F4D0
 41+  F4D0                          ; Если переполнение
 42+  F4D0 3E C9                    ld      a, (vars.input + P_INPUT_WIDTH) & 0FFh  ; a = младший байт адреса пследнего байта буфера
 43+  F4D2 BB                       cp      e
 44+  F4D3 CA B7 F4                 jp z,   input_loop
 45+  F4D6
 46+  F4D6                          ; Вывод символа на экран
 47+  F4D6 CD 09 C8                 call    bios_printChar
 48+  F4D9
 49+  F4D9                          ; Увеличение длины строки
 50+  F4D9 13                       inc     de
 51+  F4DA
 52+  F4DA C3 B7 F4                 jp      input_loop
 53+  F4DD
 54+  F4DD              ; ---------------------------------------------------------------------------
 55+  F4DD
 56+  F4DD              input_bkspc:
 57+  F4DD                          ; Если это начало строки, выходим
 58+  F4DD 3E B2                    ld      a, vars.input & 0FFh
 59+  F4DF BB                       cp      e
 60+  F4E0 CA B7 F4                 jp z,   input_loop
 61+  F4E3
 62+  F4E3                          ; Уменьшаем длину строки
 63+  F4E3 1D                       dec     e
 64+  F4E4
 65+  F4E4                          ; Стираем символ с экрана
 66+  F4E4 E5                       push    hl
 67+  F4E5 21 96 F5                 ld      hl, asc_DC17
 68+  F4E8 CD 18 C8                 call    bios_printString
 69+  F4EB E1                       pop     hl
 70+  F4EC
 71+  F4EC C3 B7 F4                 jp      input_loop
 72+  F4EF
 73+  F4EF              ; ---------------------------------------------------------------------------
 74+  F4EF
 75+  F4EF              input_exit:
 76+  F4EF                          ; Сохраняем ESC или Enter для выхода
 77+  F4EF 4F                       ld      c, a
 78+  F4F0
 79+  F4F0                          ; Записываем в конец строки 0Dh, 0
 80+  F4F0 EB                       ex      de, hl
 81+  F4F1 36 0D                    ld      (hl), 0Dh
 82+  F4F3 23                       inc     hl
 83+  F4F4 AF                       xor     a
 84+  F4F5 77                       ld      (hl), a
 85+  F4F6
 86+  F4F6                          ; Восстанавливаем инверсию
 87+  F4F6 32 FA 8F                 ld      (bios_vars.inverse),a
 88+  F4F9
 89+  F4F9                          ; Выход
 90+  F4F9 79                       ld      a, c
 91+  F4FA C9                       ret
 92+  F4FB
136   F4FB
137   F4FB              ;---------------------------------------------------------------------------
138   F4FB              ; Константы и переменные
139   F4FB              ;---------------------------------------------------------------------------
140   F4FB
141   F4FB 46 31 20 4C  aF1LeftF2RighF3:    DB "F1 Left F2 Rght F3 Info F4 Edit F5 Copy F6 Ren  F7 MkDr F8 Del",0
141   F4FF 65 66 74 20
141   F503 46 32 20 52
141   F507 67 68 74 20
141   F50B 46 33 20 49
141   F50F 6E 66 6F 20
141   F513 46 34 20 45
141   F517 64 69 74 20
141   F51B 46 35 20 43
141   F51F 6F 70 79 20
141   F523 46 36 20 52
141   F527 65 6E 20 20
141   F52B 46 37 20 4D
141   F52F 6B 44 72 20
141   F533 46 38 20 44
141   F537 65 6C 00
142   F53A 43 6F 6D 6D  aCommanderVer:      DB "Commander version 2.0",0
142   F53E 61 6E 64 65
142   F542 72 20 76 65
142   F546 72 73 69 6F
142   F54A 6E 20 32 2E
142   F54E 30 00
143   F550 28 43 29 20  aCopyright:         DB "(C) Omsk 1992, SPb 2022",0
143   F554 4F 6D 73 6B
143   F558 20 31 39 39
143   F55C 32 2C 20 53
143   F560 50 62 20 32
143   F564 30 32 32 00
144   F568 46 69 6C 65  aFileIsReanOnly:    DB "File is read-only!",0
144   F56C 20 69 73 20
144   F570 72 65 61 64
144   F574 2D 6F 6E 6C
144   F578 79 21 00
145   F57B 43 68 6F 6F  aChooseDrive:       DB "Choose drive:",0
145   F57F 73 65 20 64
145   F583 72 69 76 65
145   F587 3A 00
146   F589 44 65 6C 65  aDeleteFrom:        DB "Delete from ",0
146   F58D 74 65 20 66
146   F591 72 6F 6D 20
146   F595 00
147   F596 08 20 08 00  asc_DC17:           DB 8, ' ',8, 0
148   F59A 43 6F 70 79  aCopyFromTo:        DB "Copy from    to",8,8,8,8,8, 0
148   F59E 20 66 72 6F
148   F5A2 6D 20 20 20
148   F5A6 20 74 6F 08
148   F5AA 08 08 08 08
148   F5AE 00
149   F5AF 52 6F 6F 74  aRootDirFull:       DB "Root directory full",0
149   F5B3 20 64 69 72
149   F5B7 65 63 74 6F
149   F5BB 72 79 20 66
149   F5BF 75 6C 6C 00
150   F5C3 43 61 6E 27  aCantReadFile:      DB "Can",39,"t read source",0
150   F5C7 74 20 72 65
150   F5CB 61 64 20 73
150   F5CF 6F 75 72 63
150   F5D3 65 00
151   F5D5 43 61 6E 27  aCantSetFileAddr:   DB "Can",39,"t set address",0
151   F5D9 74 20 73 65
151   F5DD 74 20 61 64
151   F5E1 64 72 65 73
151   F5E5 73 00
152   F5E7 44 69 73 6B  aDiskIsFull:        DB "Disk is full!",0
152   F5EB 20 69 73 20
152   F5EF 66 75 6C 6C
152   F5F3 21 00
153   F5F5 54 61 72 67  aDestNoDriver:      DB "Target has no driver",0
153   F5F9 65 74 20 68
153   F5FD 61 73 20 6E
153   F601 6F 20 64 72
153   F605 69 76 65 72
153   F609 00
154   F60A 54 61 72 67  aDestNotFormatted:   DB "Target not formatted",0
154   F60E 65 74 20 6E
154   F612 6F 74 20 66
154   F616 6F 72 6D 61
154   F61A 74 74 65 64
154   F61E 00
155   F61F 46 69 6C 65  aFileTooLarge:      DB "File exceeds 36 KB",0
155   F623 20 65 78 63
155   F627 65 65 64 73
155   F62B 20 33 36 20
155   F62F 4B 42 00
156   F632 43 61 6E 27  aCantRenameFile:    DB "Can",39,"t rename file!",0
156   F636 74 20 72 65
156   F63A 6E 61 6D 65
156   F63E 20 66 69 6C
156   F642 65 21 00
157   F645 52 65 6E 61  aRenameOn:          DB "Rename on ",0
157   F649 6D 65 20 6F
157   F64D 6E 20 00
158   F650 18 4B 42 20  aKBytesExtMemory:   DB 18h,"KB extended memory",0   ; здесь и далее 18h вместо ведущего пробела,
158   F654 65 78 74 65
158   F658 6E 64 65 64
158   F65C 20 6D 65 6D
158   F660 6F 72 79 00
159   F664 18 62 79 74  aKBytesMemory:      DB 18h,"bytes Memory",0         ; чтобы не портить цвет предыдущего символа
159   F668 65 73 20 4D
159   F66C 65 6D 6F 72
159   F670 79 00
160   F672 18 62 79 74  aKBytesFree:        DB 18h,"bytes Free",0
160   F676 65 73 20 46
160   F67A 72 65 65 00
161   F67E 18 4B 42 20  aKBytesTotalOnDrv:  DB 18h,"KB total on drive ",0
161   F682 74 6F 74 61
161   F686 6C 20 6F 6E
161   F68A 20 64 72 69
161   F68E 76 65 20 00
162   F692 18 4B 42 20  aKBytesFreeOnDrv:   DB 18h,"KB free  on drive ",0
162   F696 66 72 65 65
162   F69A 20 20 6F 6E
162   F69E 20 64 72 69
162   F6A2 76 65 20 00
163   F6A6 18 66 69 6C  aFilesUse:          DB 18h,"files use ",0
163   F6AA 65 73 20 75
163   F6AE 73 65 20 00
164   F6B2 18 4B 42 20  aKBytesIn:          DB 18h,"KB in ",0
164   F6B6 69 6E 20 00
165   F6BA 56 6F 6C 75  aVolumeLabel:       DB "Volume label: ",0
165   F6BE 6D 65 20 6C
165   F6C2 61 62 65 6C
165   F6C6 3A 20 00
166   F6C9 44 72 69 76  aDrive:             DB "Drive ",0
166   F6CD 65 20 00
167   F6D0 18 69 73 20  aNotFormatted:      DB 18h,"is not formatted",0
167   F6D4 6E 6F 74 20
167   F6D8 66 6F 72 6D
167   F6DC 61 74 74 65
167   F6E0 64 00
168   F6E2
169   F6E2                  IF FULL_PANELS==0
170   F6E2 4E 61 6D 65  aNameName:          DB "Name",0
170   F6E6 00
171   F6E7                  ENDIF
172   F6E7
173   F6E7 41 3A 4E 43  aNcExt:             DB "A:NC.EXT",0
173   F6EB 2E 45 58 54
173   F6EF 00
174   F6F0 41 3A 45 2E  aEditor:            DB "A:E.COM",0Dh      ; терминатором тут должно быть 0Dh
174   F6F4 43 4F 4D 0D
175   F6F8
176   F6F8              ;-----------------------------------------------------------------------
177   F6F8              ; Описания окон
178   F6F8
179   F6F8 7F           v_window:   DB 01111111b            ; Верхний левый угол
180   F6F9 40                       DB 01000000b
181   F6FA 5F                       DB 01011111b
182   F6FB 50                       DB 01010000b            ; Левый край
183   F6FC 5F                       DB 01011111b            ; Нижний левый угол
184   F6FD 40                       DB 01000000b
185   F6FE 7F                       DB 01111111b
186   F6FF
187   F6FF FF                       DB 11111111b            ; Верх окна
188   F700 00                       DB 00000000b
189   F701 FF                       DB 11111111b
190   F702
191   F702 00                       DB 00000000b            ; Содержимое окна
192   F703
193   F703 FF                       DB 11111111b            ; Низ окна
194   F704 00                       DB 00000000b
195   F705 FF                       DB 11111111b
196   F706
197   F706 FE                       DB 11111110b            ; Правый верхний угол
198   F707 02                       DB 00000010b
199   F708 FA                       DB 11111010b
200   F709 0A                       DB 00001010b            ; Правая граница
201   F70A FA                       DB 11111010b            ; Правый нижний угол
202   F70B 02                       DB 00000010b
203   F70C FE                       DB 11111110b
204   F70D
205   F70D                          MACRO G_WINDOW A,X,Y,W,H
206   F70D ~                            DB A|2, Y, 90h+(X>>3), H-6, (W>>3)-2
207   F70D                          ENDM
208   F70D
209   F70D                          MACRO G_LINE A,X,Y,W
210   F70D ~                            DB A|1, Y, 90h+(X>>3), (((X&7)+W+7)>>3)-2, 0FFh>>(X&7), (0FF00h>>((W+X)&7)) & 0FFh
211   F70D                          ENDM
212   F70D
213   F70D                          MACRO G_VLINE A,X,Y,H
214   F70D ~                            DB A|3, Y, 90h+(X>>3), H, 80h>>(X&7)
215   F70D                          ENDM
216   F70D
217   F70D              g_filePanel:
218   F70D                          G_WINDOW 0, 0, 0, 192, 230        ; 2, 0, 90h, 0E0h, 16h
218   F70D 02 00 90 E0 >                DB 0|2, 0, 90h+(0>>3), 230-6, (192>>3)-2
218   F711 16          >
219   F712                          G_LINE   0, 4, 208, 184           ; 1, 0D0h, 90h, 16h, 0Fh, 0F0h
219   F712 01 D0 90 16 >                DB 0|1, 208, 90h+(4>>3), (((4&7)+184+7)>>3)-2, 0FFh>>(4&7), (0FF00h>>((184+4)&7)) & 0FFh
219   F716 0F F0       >
220   F718                          G_VLINE  0, 96, 3, 205            ; 3, ?, 9Ch, 0CDh, 80h
220   F718 03 03 9C CD >                DB 0|3, 3, 90h+(96>>3), 205, 80h>>(96&7)
220   F71C 80          >
221   F71D 00                       DB 0
222   F71E
223   F71E              g_infoPanel:
224   F71E                          G_WINDOW 0, 0, 0, 192, 230        ; 2, 0, 90h, 0E0h, 16h
224   F71E 02 00 90 E0 >                DB 0|2, 0, 90h+(0>>3), 230-6, (192>>3)-2
224   F722 16          >
225   F723                          G_LINE   0, 4, 31, 184            ; 1, 1Fh, 90h, 16h, 0Fh, 0F0h
225   F723 01 1F 90 16 >                DB 0|1, 31, 90h+(4>>3), (((4&7)+184+7)>>3)-2, 0FFh>>(4&7), (0FF00h>>((184+4)&7)) & 0FFh
225   F727 0F F0       >
226   F729                          G_LINE   0, 4, 136, 184           ; 1, 70h, 90h, 16h, 0Fh, 0F0h
226   F729 01 88 90 16 >                DB 0|1, 136, 90h+(4>>3), (((4&7)+184+7)>>3)-2, 0FFh>>(4&7), (0FF00h>>((184+4)&7)) & 0FFh
226   F72D 0F F0       >
227   F72F 00                       DB 0
228   F730
229   F730              g_chooseDrive:
230   F730                          G_WINDOW 0, 40, 85, 112, 50       ; 2, 55h, 95h, 02Ch, 0Ch
230   F730 02 55 95 2C >                DB 0|2, 85, 90h+(40>>3), 50-6, (112>>3)-2
230   F734 0C          >
231   F735                          G_LINE   0, 44, 103, 104          ; 1, 67h, 95h, 0Ch, 0Fh, 0F0h
231   F735 01 67 95 0C >                DB 0|1, 103, 90h+(44>>3), (((44&7)+104+7)>>3)-2, 0FFh>>(44&7), (0FF00h>>((104+44)&7)) & 0FFh
231   F739 0F F0       >
232   F73B 00                       DB 0
233   F73C
234   F73C              g_window1:
235   F73C                          G_WINDOW 80h, 112, 80, 160, 37    ; 82h, 50h, 9Eh, 1Fh, 12h
235   F73C 82 50 9E 1F >                DB 80h|2, 80, 90h+(112>>3), 37-6, (160>>3)-2
235   F740 12          >
236   F741                          G_LINE   80h, 116, 98, 152        ; 81h, 62h, 9Eh, 12h, 0Fh, 0F0h
236   F741 81 62 9E 12 >                DB 80h|1, 98, 90h+(116>>3), (((116&7)+152+7)>>3)-2, 0FFh>>(116&7), (0FF00h>>((152+116)&7)) & 0FFh
236   F745 0F F0       >
237   F747 00                       DB 0
238   F748
239   F748              g_window2:
240   F748                          G_WINDOW 80h, 104, 114, 176, 37   ; 82h, 72h, 9Dh, 1Fh, 14h
240   F748 82 72 9D 1F >                DB 80h|2, 114, 90h+(104>>3), 37-6, (176>>3)-2
240   F74C 14          >
241   F74D                          G_LINE   80h, 108, 132, 168       ; 81h, 84h, 9Dh, 14h, 0Fh, 0F0h
241   F74D 81 84 9D 14 >                DB 80h|1, 132, 90h+(108>>3), (((108&7)+168+7)>>3)-2, 0FFh>>(108&7), (0FF00h>>((168+108)&7)) & 0FFh
241   F751 0F F0       >
242   F753 00                       DB 0
243   F754
244   F754              ;-----------------------------------------------------------------------
245   F754              ; Размер буфера для листинга директории (штук дескрипторов файлов)
246   F754
247   F754                  IF FULL_PANELS
248   F754 ~            FILE_LIST_SIZE    = 40
249   F754                  ELSE
250   F754              FILE_LIST_SIZE    = 36
251   F754                  ENDIF
252   F754
253   F754              ;-----------------------------------------------------------------------
254   F754              ; Коодинаты элементов панелей от левого верхнего угла экрана
255   F754              ; x - удвоенные пиксели, y - пиксели
256   F754
257   F754              P_NAME_X1         = 17  ; Заголовок панели "NAME" (2 колонки)
258   F754              P_NAME_X2         = 65
259   F754              P_NAME_Y          = 16
260   F754
261   F754              P_FILE_LIST_X1    = 6   ; Файловая таблица (2 колонки)
262   F754              P_FILE_LIST_X2    = 54
263   F754
264   F754                  IF FULL_PANELS
265   F754 ~            P_FILE_LIST_Y     = 12
266   F754                  ELSE
267   F754              P_FILE_LIST_Y     = 32
268   F754                  ENDIF
269   F754
270   F754              P_FILE_LIST_H     = FILE_LIST_SIZE / 2  ; Высота файловой таблицы в строках
271   F754              P_FILE_LIST_Y_MAX = P_FILE_LIST_H * 10 + P_FILE_LIST_Y
272   F754
273   F754              P_DRIVE_LETTER_X  = 9   ; Буква имени диска внизу панели
274   F754              P_DRIVE_LETTER_Y  = 222
275   F754              P_FILE_NAME_X     = 15  ; Имя файла внизу панели
276   F754              P_FILE_NAME_Y     = 222
277   F754              P_FILE_DATA_X     = 57  ; Данные о файле (адрес загрузки, размер)
278   F754              P_FILE_DATA_Y     = 222
279   F754
280   F754              P_INPUT_WIDTH     = 23  ; Длина поля ввода имени файла в символах
281   F754
282   F754              ;-----------------------------------------------------------------------
283   F754              ; Переменные
284   F754              ;-----------------------------------------------------------------------
285   F754
286   F754              ; Блок переменных состояния
287   F754              ; Сохраняется в неиспользуемом секторе нулевой страницs RAM-диска
288   F754
289   F754                  STRUCT NC_STATE
290   F754 ~            initState           DB    5Ah   ; признак, что NC.COM уже запускался
291   F754 ~            activePanel         DB    0     ; номер активной панели
292   F754 ~            panelA_info         DB    0     ; 1 = панель A в режиме информации
293   F754 ~            panelB_info         DB    0     ; 1 = панель B в режиме информации
294   F754 ~            panelA_drive        DB    0     ; номер диска панели A
295   F754 ~            panelB_drive        DB    7     ; номер диска панели B
296   F754 ~            panelA_filesCnt     DB    0     ; количество файлов на панели A
297   F754 ~            panelB_filesCnt     DB    0     ; количество файлов на панели B
298   F754 ~            panelA_firstFile    DB    0     ; c какого файла начинается панель A
299   F754 ~            panelB_firstFile    DB    0     ; c какого файла начинается панель B
300   F754 ~            panelA_curFile      DB    0     ; на каком файле курсор на панели A
301   F754 ~            panelB_curFile      DB    0     ; на каком файле курсор на панели B
302   F754                  ENDS
303   F754
304   F754 5A 00 00 00  state   NC_STATE
304   F758 00 07 00 00
304   F75C 00 00 00 00
305   F760              stateEnd:           ; адрес конца блока переменных состояния
306   F760
307   F760              ; Другие переменные - не включены в бинарник (машинный код не
308   F760              ; генерируется, при первом запуске переменные могут содержать мусор)
309   F760
310   F760                  STRUCT NC_VARIABLES
311   F760 ~            cmdLinePos      DW    0
312   F760 ~            cmdLineEnd      DW    0
313   F760 ~            chooseDrive     DB    0
314   F760 ~            copyLoadAddr    DW    0
315   F760 ~            diskInfoPtr     DW    0         ; адрес структуны DISK_INFO
316   F760 ~            cmdLine         BLOCK 59, 0FFh  ; командная строка
317   F760 ~            cmdLineCtrl     DB    0FFh      ; контроль переполнения командной строки
318   F760 ~            driveCount     DB    0         ; число установленных дисковых драйверов
319   F760 ~            driveList      BLOCK 8, 0     ; номера дисков с установленным драйвером
320   F760 ~                            BLOCK 4, 0FFh ; резерв внутри прежнего блока переменных
321   F760 ~
322   F760 ~            input           BLOCK 21, 0FFh
323   F760 ~                            BLOCK 11
324   F760 ~            tempFileDescr   FILE_DESCRIPTOR
325   F760                  ENDS
326   F760
327   F760              vars    NC_VARIABLES = $        ; адрес начала блока переменнных
328   F760              varsEnd = vars + NC_VARIABLES   ; адрес конца  блока переменнных
329   F760
330   F760              ; Адрес буфера для листинга директории (FILE_LIST_SIZE структур FILE_INFO + 1 = 577 байт)
331   F760              ;FILE_LIST_BUFFER = 8800h
332   F760              FILE_LIST_BUFFER      = varsEnd
333   F760              FILE_LIST_BUFFER_SIZE = FILE_LIST_SIZE * FILE_INFO_SIZE + 1
334   F760
335   F760              ;-----------------------------------------------------------------------
336   F760              ; Проверяем, что программа помещается в память вместе со своими буферами
337   F760              ;-----------------------------------------------------------------------
338   F760
339   F760              ; Конец NC.COM после разворачивания в памяти
340   F760              NC_END = FILE_LIST_BUFFER + FILE_LIST_BUFFER_SIZE
341   F760
342   F760              ; Максимальный допустимый размер NC.COM
343   F760                  IF NEW_MEMORY_MAP
344   F760              NC_END_MAX = FAT_CACHE_ADDR  ; до дискового кэша
345   F760                  ELSE
346   F760 ~            NC_END_MAX = 0E200h          ; до адреса 0E200h
347   F760                  ENDIF
348   F760
349   F760              ; Проверка
350   F760                  IF NC_END >= NC_END_MAX
351   F760 ~                    ASSERT 0
352   F760 ~                    DISPLAY /l, "Error! NC.COM did not fit (", NC_END, " > ", NC_END_MAX, ")"
353   F760                  ENDIF
354   F760
355   F760                  END
