   1  0000              ;----------------------------------------------------------------------------
   2  0000              ; MXOS
   3  0000              ; E.COM - текстовой редактор
   4  0000              ;
   5  0000              ; 2022-02-03 Дизассемблировано SpaceEngineer
   6  0000              ;----------------------------------------------------------------------------
   7  0000
   8  0000                  INCLUDE "../include/mxos.inc"
   1+ 0000              ;-----------------------------------------------------------------------
   2+ 0000              ; MXOS
   3+ 0000              ; Точки входа и настройки сборки MXOS
   4+ 0000              ;
   5+ 0000              ; Новая карта памяти:
   6+ 0000              ;   8FDF-8FFF - [  32 B] Переменные
   7+ 0000              ;   9000-BFFF - [12  KB] Экран
   8+ 0000              ;   C000-DBFF - [7168 B] DOS.SYS
   9+ 0000              ;   DC00-DDFF - [ 512 B] драйверные расширения (например, FlashSys.com)
  10+ 0000              ;   DE00-DFFF - [ 512 B] Драйвер флеш-диска
  11+ 0000              ;   E000-E7FF - [2048 B] Шрифт
  12+ 0000              ;   E800-FAFF - [4864 B] Системные программы (NC.COM, E.COM, DL-RED.COM, FORMAT.COM, MON2.COM, ...)
  13+ 0000              ;   FB00-FEFF - [1024 B] Дисковый кэш (fat + каталог)
  14+ 0000              ;   FF00-FF81 - [ 130 B] Командная строка
  15+ 0000              ;   FF82-FFBF - [  62 B] Стек
  16+ 0000              ;   FFC0-FFEF - [  32 B] Непереключаемое ОЗУ, драйвер обмена с RAM диском
  17+ 0000              ;   FFE0-FFFF - [  32 B] Оборудование
  18+ 0000              ;
  19+ 0000              ; Старая карта памяти:
  20+ 0000              ;   8FDF-8FFF - [  32 B] Переменные
  21+ 0000              ;   9000-BFFF - [12  KB] Экран
  22+ 0000              ;   C000-CFFF - [4096 B] DOS.SYS
  23+ 0000              ;   D000-E1FF - [4607 B] Системные программы (NC.COM, E.COM, DL-RED.COM)
  24+ 0000              ;   E200-E5FF - [1024 B] Свободно (1024 байт)
  25+ 0000              ;   E600-E7FF - [ 512 B] Драйвер магнитофона
  26+ 0000              ;   E800-E8FF - [ 256 B] Свободно (256 байт)
  27+ 0000              ;   E900-F0FF - [2048 B] Шрифт (можно отключить запуском ROMFNT.COM или опцией LOAD_FONT=0)
  28+ 0000              ;   F100-F8FF - [2048 B] Системные программы (FORMAT.COM, MON2.COM, ...)
  29+ 0000              ;   F900-F9FF - [ 256 B] Свободно (256 байт)
  30+ 0000              ;   FA00-FAFF - [ 256 B] Драйвер флеш-диска
  31+ 0000              ;   FB00-FEFF - [1024 B] Дисковый буфер (fat + каталог)
  32+ 0000              ;   FF00-FF81 - [ 130 B] Командная строка
  33+ 0000              ;   FF82-FFBF - [  62 B] Стек
  34+ 0000              ;   FFC0-FFEF - [  32 B] Непереключаемое ОЗУ, драйвер обмена с RAM диском
  35+ 0000              ;   FFE0-FFFF - [  32 B] Оборудование
  36+ 0000              ;-----------------------------------------------------------------------
  37+ 0000
  38+ 0000
  39+ 0000              ;-----------------------------------------------------------------------
  40+ 0000              ; Конфигурация сборки
  41+ 0000              ;-----------------------------------------------------------------------
  42+ 0000
  43+ 0000              NEW_MEMORY_MAP       =  1       ; Новая карта памяти
  44+ 0000              RAMD_MAX_PAGE        =  16      ; Максимальное количество страниц RAM диска
  45+ 0000              RAMD_PAGE_END        =  0FFBBh  ; Включить поддержку ДОЗУ большего чем 64 Кб
  46+ 0000              ROM_64K              =  1       ; Включить поддержку ПЗУ 64 Кб Специалиста МХ2
  47+ 0000              ENABLE_COLOR         =  1       ; Включить поддержку цвета
  48+ 0000              EMBED_FONT           =  0       ; Встроить шрифт в программу (при запуске шрифт копируется на FONT_ADDR)
  49+ 0000              LOAD_FONT            =  1       ; Загружать шрифт в ОЗУ
  50+ 0000              COLOR_BIOS           =  0F0h    ; Цвет командной строки
  51+ 0000              RAMFOS_COMPATIBILITY =  1       ; Совместимость с RAMFOS (WIP)
  52+ 0000              BOOT_FROM_TAPE       =  0       ; Включить загрузку с ленты при нажатой клавише после сброса
  53+ 0000
  54+ 0000                  IF  NEW_MEMORY_MAP
  55+ 0000              FONT_ADDR = 0E000h  ; Адрес шрфита
  56+ 0000                  ELSE
  57+ 0000 ~            FONT_ADDR = 0E900h  ; Адрес шрфита
  58+ 0000                  ENDIF
  59+ 0000
  60+ 0000                  IF  LOAD_FONT
  61+ 0000              FONT_ADDR_DIV_8 = FONT_ADDR/8
  62+ 0000                  ELSE
  63+ 0000 ~            FONT_ADDR_DIV_8 = -1
  64+ 0000                  ENDIF
  65+ 0000
  66+ 0000              ;-----------------------------------------------------------------------
  67+ 0000              ; Переменные ОС в подэкранном пространстве и их начальные значения
  68+ 0000              ; Доступ к переменным из программ польователя:
  69+ 0000              ; ld a, bios_vars.lastKey
  70+ 0000              ;-----------------------------------------------------------------------
  71+ 0000
  72+ 0000                  STRUCT BIOS_VARIABLES
  73+ 0000 ~            _reserv_1     DW      -1              ; 8FDFh -
  74+ 0000 ~            tapeError     DW      0C800h          ; 8FE1h - Адрес, куда происходит переход при ошибке чтения с ленты
  75+ 0000 ~            tapeAddr      DW      -1              ; 8FE3h - Адрес программы, загруженной с ленты
  76+ 0000 ~            _reserv_2     DW      -1              ; 8FE5h -
  77+ 0000 ~            charGen       DW      FONT_ADDR_DIV_8 ; 8FE7h - Адрес альтернативного знакогенератора / 8
  78+ 0000 ~            cursorCfg     DB       21h ; 0A9h     ; 8FE9h - Внешний вид курсора (биты: 7 - мигание (если 0), 654 - положение (Y) от низа строки, 3210 - размер по высоте)
  79+ 0000 ~            koi7          DB       0   ; 0FFh     ; 8FEAh - 0FFh = включен KOI-7, 0 = включен KOI-8
  80+ 0000 ~            escMode       DB      -1              ; 8FEBh - Обработка ESC-последовательности
  81+ 0000 ~            keyLocks      DB      0BAh ; 3Ah      ; 8FECh - Caps Lock или Рус/Lat (3A - прописные анг, BA - строчные анг, BB - прописные рус, 3B - строчные рус)
  82+ 0000 ~            _reserv_3     DW      -1              ; 8FEDh -
  83+ 0000 ~            lastLastKey   DB      -1              ; 8FEFh - Предпоследняя нажатая клавиша
  84+ 0000 ~            lastKey       DB      -1              ; 8FF0h - Последняя нажатая клавиша
  85+ 0000 ~            beepFreq      DB       5Fh            ; 8FF1h - Частота звукового сигнала (также влияет на длительность)
  86+ 0000 ~            beepDuration  DB       20h            ; 8FF2h - Длительность звукового сигнала (сколько раз повторять посылку)
  87+ 0000 ~            tapeInverse   DB      0FFh            ; 8FF3h - Признак инверсии данных с ленты
  88+ 0000 ~            cursorDelay   DB       20h            ; 8FF4h - Задержка мигания курсора
  89+ 0000 ~            antiBsDelay   DB      0E0h            ; 8FF5h - Задержка защиты от дребезга контактов клавиш
  90+ 0000 ~            oldSP         DW      -1              ; 8FF6h - Используется для сохранения SP некоторыми функциями
  91+ 0000 ~            ramPageCount  DB      RAMD_MAX_PAGE   ; 8FF8h - Количество детектированных 64кб страниц RAM-диска
  92+ 0000 ~            diskWriteErr  DB       0              ; 8FF9h - Признак ошибки записи диска
  93+ 0000 ~            inverse       DW       0              ; 8FFAh - Инвертирование текста (0=нормальный текст, 0FFFFh=инверсный)
  94+ 0000 ~            cursorY       DB      -1              ; 8FFCh - Положение курсора по вертикали в пикселях
  95+ 0000 ~            cursorX       DB      -1              ; 8FFDh - Положение курсора по горизонтали в пикселях / 2
  96+ 0000 ~            writeDelay    DB      28h             ; 8FFEh - Скорость при записи на ленту
  97+ 0000 ~            readDelay     DB      3Ch             ; 8FFFh - Скорость при чтении с ленты
  98+ 0000                  ENDS
  99+ 0000
 100+ 0000              ; Блок переменных BIOS начинается с адреса 8FDFh
 101+ 0000              bios_vars   BIOS_VARIABLES = 8FDFh
 102+ 0000
 103+ 0000              ;-----------------------------------------------------------------------
 104+ 0000              ; Стандартные точки входа ОС
 105+ 0000              ; Отмеченные [OLD] применять не рекомендуется
 106+ 0000              ; Отмеченные [MXOS2] - новые в MXOS 2
 107+ 0000              ;-----------------------------------------------------------------------
 108+ 0000
 109+ 0000              bios_init               = 0C000h ; Теплая перезагрузка
 110+ 0000
 111+ 0000              ; Устаревшие точки, лечше не применять
 112+ 0000              bios_keyScanOld         = 0C003h ; [OLD] Получить код нажатой клавиши, = bios_keyScan
 113+ 0000              bios_drawCursorOld      = 0C006h ; [OLD] Нарисовать/стереть курсор
 114+ 0000              bios_clearScreenOld     = 0C010h ; [OLD] Оистка экрана
 115+ 0000              bios_printCharOld       = 0C037h ; [OLD] Вывод символа на экран
 116+ 0000              bios_beep_Old           = 0C170h ; [OLD] Звуковой сигнал
 117+ 0000              bios_delay_l            = 0C18Fh ; [OLD] Задержка l циклов
 118+ 0000              bios_delay_b            = 0C190h ; [OLD] Задержка b циклов
 119+ 0000              bios_getchOld           = 0C337h ; [OLD] Ожидание ввода с клавиатуры
 120+ 0000              bios_tapeReadOld        = 0C377h ; [OLD] Чтение байта с магнитофона
 121+ 0000              bios_tapeWriteOld       = 0C3D0h ; [OLD] Запись байта на магнитофон
 122+ 0000              bios_cmp_hl_de          = 0C427h ; [OLD] Сравнить hl и de
 123+ 0000              bios_memcpy_bc_hl       = 0C42Dh ; [OLD] Скопировать блок памяти
 124+ 0000              bios_printStringOld     = 0C438h ; [OLD] Вывод строки на экран
 125+ 0000
 126+ 0000              ; Стандартные точки C800h
 127+ 0000              bios_reboot             = 0C800h ; Запустить NC.COM
 128+ 0000              bios_getch              = 0C803h ; Ожидание ввода с клавиатуры
 129+ 0000              bios_tapeRead           = 0C806h ; Чтение байта с магнитофона
 130+ 0000              bios_printChar          = 0C809h ; Вывод символа на экран
 131+ 0000              bios_tapeWrite          = 0C80Ch ; Запись байта на магнитофон
 132+ 0000              bios_input              = 0C80Fh ; Ввод строки с клавиатуры
 133+ 0000              bios_keyCheck           = 0C812h ; Получить код нажатой клавиши, = bios_keyScan
 134+ 0000              bios_printHexByte       = 0C815h ; Вывод HEX числа на экран (байт)
 135+ 0000              bios_printString        = 0C818h ; Вывод строки на экран
 136+ 0000              bios_keyScan            = 0C81Bh ; Получить код нажатой клавиши
 137+ 0000              bios_getCursorPos       = 0C81Eh ; Получить координаты курсора в hl (координаты в пикселях)
 138+ 0000              bios_setCursorPos       = 0C821h ; Установить координаты курсора из hl (координаты в пикселях)
 139+ 0000              bios_tapeLoad           = 0C824h ; Загрузить программу с магнитофона
 140+ 0000              bios_tapeSave           = 0C827h ; Сохранить программу на магнитофон
 141+ 0000              bios_calcCS             = 0C82Ah ; Расчет контрольной суммы
 142+ 0000              bios_printHexWord       = 0C82Dh ; Вывод HEX числа на экран (слово)
 143+ 0000              bios_getMemTop          = 0C830h ; Получить объем доступной памяти
 144+ 0000              bios_setMemTop          = 0C833h ; Установить объем доступной памяти
 145+ 0000              bios_printer            = 0C836h ; Напечатать байт на принтере
 146+ 0000                  IF RAMFOS_COMPATIBILITY
 147+ 0000              bios_strToHex           = 0C839h ; [MXOS2] Преобразвоние строки в HEX формате в число
 148+ 0000                  ELSE
 149+ 0000 ~            bios_rebootAlt          = 0C839h ; Запустить NC.COM
 150+ 0000                  ENDIF
 151+ 0000              bios_rebootAlt2         = 0C83Ch ; Запустить NC.COM
 152+ 0000              bios_fileList           = 0C83Fh ; Получить список файлов
 153+ 0000              bios_fileGetSetDrive    = 0C842h ; Получить/установить активное устройство
 154+ 0000              bios_fileCreate         = 0C845h ; Создать файл
 155+ 0000              bios_fileLoad           = 0C848h ; Загрузить файл по адресу из заголовка этого файла
 156+ 0000              bios_fileDelete         = 0C84Bh ; Удалить файл
 157+ 0000              bios_fileRename         = 0C84Eh ; Переименовать файл
 158+ 0000              bios_fileLoadInfo       = 0C851h ; Загрузить информацию о файле
 159+ 0000              bios_fileGetSetAddr     = 0C854h ; Получить/установить адрес загрузки файла
 160+ 0000              bios_fileGetSetAttr     = 0C857h ; Получить/установить атрибуты файла
 161+ 0000              bios_fileNamePrepare    = 0C85Ah ; Преобразовать имя файла во внутренний формат
 162+ 0000              bios_fileExec           = 0C85Dh ; Запустить файл
 163+ 0000              bios_installDriver      = 0C860h ; Установить драйвер накопителя
 164+ 0000              bios_diskDriver         = 0C863h ; Драйвер выбранного диска
 165+ 0000              bios_fileLoad2          = 0C866h ; Загрузить файл по адресу de
 166+ 0000
 167+ 0000              ; Новые точки C800h MXOS2
 168+ 0000              bios_printCharReal      = 0C869h ; [MXOS2] Вывод символа на экран (только реальные символы)
 169+ 0000              bios_printDecWord       = 0C86Ch ; [MXOS2] Вывод числа экран в десятичной форме
 170+ 0000              bios_setRAMDDriver      = 0C86Fh ; [MXOS2] Установить драйвр рам-диска
 171+ 0000              bios_getDriveFreeSpace  = 0C872h ; [MXOS2] Получить оставшийся свободный объем диска
 172+ 0000              bios_upperCase          = 0C875h ; [MXOS2] Перевод кода символа КОИ-8 в верхний регистр
 173+ 0000              bios_strcmp             = 0C878h ; [MXOS2] Сравнение строк, чувствительное к регистру
 174+ 0000              bios_stricmp            = 0C87Bh ; [MXOS2] Сравнение строк, нечувствительное к регистру
 175+ 0000              bios_sub_hl_de          = 0C87Eh ; [MXOS2] Вычитание hl и de: hl = hl - de
 176+ 0000              bios_div_hl_2           = 0C881h ; [MXOS2] Деление hl на 2: hl = hl / 2
 177+ 0000              bios_mul_hl_de          = 0C884h ; [MXOS2] Умножение hl на de: hl = hl * de
 178+ 0000              bios_div_hl_de          = 0C887h ; [MXOS2] Деление hl на de: hl = hl / de, de = hl % de
 179+ 0000              bios_fileCreatePrepare  = 0C88Ah ; [MXOS2] Создать файл и выделить цепочку FAT без записи данных
 180+ 0000              bios_fileTransfer       = 0C88Dh ; [MXOS2] Передать последовательные кластеры на выбранном диске
 181+ 0000
 182+ 0000              ;-----------------------------------------------------------------------
 183+ 0000              ; Адрес таблицы переходов драйвера магнитофона
 184+ 0000              ;-----------------------------------------------------------------------
 185+ 0000
 186+ 0000              TAPE_DRIVER_JUMPS = bios_tapeReadOld    ; старая таблица переходов магнитофона, сохранена для ABI
 187+ 0000
 188+ 0000              ;-----------------------------------------------------------------------
 189+ 0000              ; Непереключаемое ОЗУ ПК "Специалист-MX" (0FFC0h-0FFDF, 32 байта)
 190+ 0000              ;-----------------------------------------------------------------------
 191+ 0000
 192+ 0000              bios_RAMDRead   = 0FFC0h ; п/п чтения из ДОЗУ
 193+ 0000              bios_RAMDWrite  = 0FFD0h ; п/п записи в  ДОЗУ
 194+ 0000
 195+ 0000              ;-----------------------------------------------------------------------
 196+ 0000              ; Порты устройств ПК "Специалист-MX2" (0FFE0h-0FFFF, 32 байта)
 197+ 0000              ;-----------------------------------------------------------------------
 198+ 0000
 199+ 0000              IO_KEYB_A       =  0FFE0h   ; ВВ55 клавиатуры
 200+ 0000              IO_KEYB_B       =  0FFE1h
 201+ 0000              IO_KEYB_C       =  0FFE2h
 202+ 0000              IO_KEYB_MODE    =  0FFE3h
 203+ 0000              IO_PROG_A       =  0FFE4h   ; ВВ55 программатора/флеш диска
 204+ 0000              IO_PROG_B       =  0FFE5h
 205+ 0000              IO_PROG_C       =  0FFE6h
 206+ 0000              IO_PROG_MODE    =  0FFE7h
 207+ 0000              IO_FDD_CMD      =  0FFE8h   ; контроллер дисковода ВГ93
 208+ 0000              IO_FDD_TRACK    =  0FFE9h
 209+ 0000              IO_FDD_SECTOR   =  0FFEAh
 210+ 0000              IO_FDD_DATA     =  0FFEBh
 211+ 0000              IO_TIMER_CH0    =  0FFECh   ; таймер ВИ53
 212+ 0000              IO_TIMER_CH1    =  0FFEDh
 213+ 0000              IO_TIMER_CH2    =  0FFEEh
 214+ 0000              IO_TIMER_MODE   =  0FFEFh
 215+ 0000              IO_FDD_REQ      =  0FFF0h   ; контроллер дисковода
 216+ 0000              IO_FDD_MOTOR    =  0FFF1h
 217+ 0000              IO_FDD_SIDE     =  0FFF2h
 218+ 0000              IO_FDD_DRIVE    =  0FFF3h
 219+ 0000              IO_COLOR        =  0FFF8h   ; регистр цвета
 220+ 0000              IO_PAGE_RAM     =  0FFFCh   ; порт включения основного ОЗУ
 221+ 0000              IO_PAGE_RAMD    =  0FFFDh   ; порт включения ОЗУ RAM-дисков
 222+ 0000              IO_PAGE_ROM     =  0FFFEh   ; порт включения ПЗУ
 223+ 0000              IO_PAGE_STD     =  0FFFFh   ; порт включения STD режима
 224+ 0000
 225+ 0000              ;-----------------------------------------------------------------------
 226+ 0000              ; Структура файловой системы
 227+ 0000              ;-----------------------------------------------------------------------
 228+ 0000
 229+ 0000              ; Структура каталога
 230+ 0000              FILE_DESCR_SIZE  = 32   ; размер дескриптора файла в каталоге (байт)
 231+ 0000              FILE_NAME_LENGTH = 8    ; длина имени файла  (байт)
 232+ 0000              FAT_ITEM_SIZE    = 2    ; размер записи в таблице FAT (байт)
 233+ 0000
 234+ 0000              SECTOR_SIZE  = 00100h   ; размер сектора 256 байт
 235+ 0000              CLUSTER_SIZE = 00100h   ; размер кластера 256 байт
 236+ 0000
 237+ 0000              ; Специальные коды кластеров FAT
 238+ 0000              FAT12_BAD = 00FF7h  ; плохой кластер
 239+ 0000              FAT16_BAD = 0FFF7h
 240+ 0000              FAT12_EOC = 00FFFh  ; последний кластер файла
 241+ 0000              FAT16_EOC = 0FFFFh
 242+ 0000              FAT12_RES = 00FFFh  ; зарезервированный кластер
 243+ 0000              FAT16_RES = 0FFFFh
 244+ 0000
 245+ 0000              ;-----------------------------------------------------------------------
 246+ 0000              ; Десткриптор файла (одна запись в каталоге) FAT12/16/32
 247+ 0000              ;-----------------------------------------------------------------------
 248+ 0000
 249+ 0000                  STRUCT FILE_DESCRIPTOR  ; 32 байта
 250+ 0000 ~            name            BLOCK   FILE_NAME_LENGTH    ; смещение 00h, 8 байт  - имя файла
 251+ 0000 ~            ext             BLOCK   3                   ; смещение 08h, 3 байта - расширение имени файла
 252+ 0000 ~            attrib          BLOCK   1                   ; смещение 0Bh, 1 байт  - атрибуты файла
 253+ 0000 ~            ntReserved      BLOCK   1                   ; смещение 0Ch, 1 байт  - используются в Windows NT
 254+ 0000 ~            createTimeTenth BLOCK   1                   ; смещение 0Dh, 1 байт  - (только FAT32) время создания файла, десятки миллисекунд (0-199)
 255+ 0000 ~            createTime      BLOCK   2                   ; смещение 0Eh, 2 байта - (только FAT32) время создания файла, секунды*2 (0-43200)
 256+ 0000 ~            createDate      BLOCK   2                   ; смещение 10h, 2 байта - (только FAT32) дата  создания файла
 257+ 0000 ~            loadAddress     BLOCK   2  ; accDate        ; смещение 12h, 2 байта - начальный адрес загрузки в ОЗУ, он же и стартовый (!!! временный костыль, в FAT32 это accDate - дата доступа к файлу !!!)
 258+ 0000 ~            firstClusterHi  BLOCK   2                   ; смещение 14h, 2 байта - номер первого кластера в FAT, старшее слово
 259+ 0000 ~            writeTime       BLOCK   2                   ; смещение 16h, 2 байта - время модификации файла, секунды*2 (0-43200)
 260+ 0000 ~            writeDate       BLOCK   2                   ; смещение 18h, 2 байта - дата  модификации файла
 261+ 0000 ~            firstCluster    BLOCK   2                   ; смещение 1Ah, 2 байта - номер первого кластера в FAT, младшее слово
 262+ 0000 ~            size            BLOCK   4                   ; смещение 1Ch, 4 байта - размер файла в байтах
 263+ 0000                  ENDS
 264+ 0000
 265+ 0000              ;-----------------------------------------------------------------------
 266+ 0000              ; Информация о файле (компактный вариант дескриптора)
 267+ 0000              ; Почти совместимо с дескриптором оригинального Коммандера
 268+ 0000              ;-----------------------------------------------------------------------
 269+ 0000
 270+ 0000              FILE_INFO_SIZE = 16     ; размер структуры (байт)
 271+ 0000
 272+ 0000                  STRUCT FILE_INFO    ; 16 байт
 273+ 0000 ~            name            BLOCK   FILE_NAME_LENGTH    ; смещение 00h, 8 байт  - имя файла
 274+ 0000 ~            ext             BLOCK   3                   ; смещение 08h, 3 байта - расширение имени файла
 275+ 0000 ~            attrib          BLOCK   1                   ; смещение 0Bh, 1 байт  - атрибуты файла
 276+ 0000 ~            loadAddress     BLOCK   2                   ; смещение 0Eh, 2 байта - начальный адрес загрузки в ОЗУ, он же и стартовый
 277+ 0000 ~            size            BLOCK   2                   ; смещение 0Ch, 2 байта - размер файла в байтах
 278+ 0000                  ENDS
 279+ 0000
 280+ 0000              ;-----------------------------------------------------------------------
 281+ 0000              ; Информация об активном накопителе (диске)
 282+ 0000              ;-----------------------------------------------------------------------
 283+ 0000
 284+ 0000                  STRUCT DISK_INFO
 285+ 0000 ~            sectorSize          BLOCK   2   ; размер сектора, байт (256, 512, 1024)
 286+ 0000 ~            sectorsPerCluster   BLOCK   2   ; размер кластера, секторов (1, 2, 4, 8)
 287+ 0000 ~            resSectors          BLOCK   2   ; сколько секторов занимает зарезервированная область = первый сектор таблицы fat
 288+ 0000 ~            fatSectors          BLOCK   2   ; сколько секторов занимает таблица fat
 289+ 0000 ~            dirSectors          BLOCK   2   ; сколько секторов занимает корневой каталог
 290+ 0000 ~            totalSectors        BLOCK   2   ; сколько всего секторов на диске
 291+ 0000 ~            rootDirMaxFiles     BLOCK   2   ; максимум файлов в корневом каталоге
 292+ 0000 ~            descrPerSector      BLOCK   2   ; сколько дескрипторов файлов вмещается в один сектор
 293+ 0000 ~            fatNumCells         BLOCK   2   ; количество ячеек в таблице fat (= fatSectors * sectorSize / 2)
 294+ 0000 ~            dirStartSector      BLOCK   2   ; первый сектор корневого каталога
 295+ 0000 ~            dataStartSector     BLOCK   2   ; первый сектор области данных
 296+ 0000 ~            volumeLabel         BLOCK  12   ; метка тома и 0 в конце
 297+ 0000 ~            isValid             BLOCK   1   ; 0 = нет драйвера, 1 = диск не распознан, 2 = диск распознан, корректно отформатирован
 298+ 0000                  ENDS
 299+ 0000
 300+ 0000              DISK_NO_DRIVER = 0
 301+ 0000              DISK_INVALID   = 1
 302+ 0000              DISK_VALID     = 2
 303+ 0000
 304+ 0000              ;-----------------------------------------------------------------------
 305+ 0000              ; Буферы в памяти
 306+ 0000              ;-----------------------------------------------------------------------
 307+ 0000
 308+ 0000              ; Дисковый кэш
 309+ 0000              FAT_CACHE_ADDR = 0FB00h ; адрес кэша секторов fat в памяти
 310+ 0000              FAT_CACHE_SIZE = 1024   ; размер кэша в байтах
 311+ 0000              FAT_CACHE_CAPACITY = FAT_CACHE_SIZE / SECTOR_SIZE   ; сколько секторов вмещается в кэш
 312+ 0000
 313+ 0000              ; Буфер для загрузки BAT файла
 314+ 0000                  IF NEW_MEMORY_MAP
 315+ 0000              BAT_BUFFER = 0E800h
 316+ 0000                  ELSE
 317+ 0000 ~            BAT_BUFFER = 0FC00h
 318+ 0000                  ENDIF
 319+ 0000
 320+ 0000              ; Командная строка и стек
 321+ 0000              CMD_LINE   = 0FF00h  ; 192 байта, но в конце стек
 322+ 0000              STACK_ADDR = 0FFC0h  ; стек
 323+ 0000
 324+ 0000              ;-----------------------------------------------------------------------
 325+ 0000              ; Всякие полезности
 326+ 0000              ;-----------------------------------------------------------------------
 327+ 0000
 328+ 0000              ; Макрос для заполнения памяти от текущего адреса до указанного
 329+ 0000                  MACRO ORG_PAD adr
 330+ 0000 ~                     IF $ > adr
 331+ 0000 ~                       ; вывод сообщения об ошибке
 332+ 0000 ~                       ASSERT 0
 333+ 0000 ~                       DISPLAY /l, "Error! ORG_PAD failed! ", $, " is more than ", adr
 334+ 0000 ~                     ELSE
 335+ 0000 ~                       ; заполнение памяти
 336+ 0000 ~                       BLOCK adr-$, 0FFh
 337+ 0000 ~                     ENDIF
 338+ 0000 ~                     ORG adr
 339+ 0000                  ENDM
 340+ 0000
 341+ 0000                  MACRO ORG_PAD0 adr
 342+ 0000 ~                     IF $ > adr
 343+ 0000 ~                       ; вывод сообщения об ошибке
 344+ 0000 ~                       ASSERT 0
 345+ 0000 ~                       DISPLAY /l, "Error! ORG_PAD0 failed! ", $, " is more than ", adr
 346+ 0000 ~                     ELSE
 347+ 0000 ~                       ; заполнение памяти
 348+ 0000 ~                       BLOCK adr-$, 0
 349+ 0000 ~                     ENDIF
 350+ 0000 ~                     ORG adr
 351+ 0000                  ENDM
 352+ 0000
 353+ 0000              ; Макросы для проверки текущего адреса
 354+ 0000                  MACRO ASSERT_EQUAL adr
 355+ 0000 ~                     IF $ != adr
 356+ 0000 ~                       ASSERT 0
 357+ 0000 ~                       DISPLAY /l, "Error! Entry point has been shifted (", $, " != ", adr, ")"
 358+ 0000 ~                     ENDIF
 359+ 0000                  ENDM
 360+ 0000
 361+ 0000                  MACRO ASSERT_DONT_FIT adr
 362+ 0000 ~                     IF $ > adr
 363+ 0000 ~                       ASSERT 0
 364+ 0000 ~                       DISPLAY /l, "Error! Image did not fit (", $, " > ", adr, ")"
 365+ 0000 ~                     ENDIF
 366+ 0000                  ENDM
 367+ 0000
 368+ 0000              ;-----------------------------------------------------------------------
 369+ 0000              ; Конец
 370+ 0000              ;-----------------------------------------------------------------------
 371+ 0000
   9  0000
  10  0000              ; Компиляция оригинального редаткора (если 1)
  11  0000              STANDARD_EDITOR = 0
  12  0000
  13  0000              ; Используемые подпрограммы DOS.SYS:
  14  0000              ; bios_beep_Old         = 0C170h
  15  0000              ; bios_delay_b          = 0C190h
  16  0000              ; bios_cmp_hl_de        = 0C427h
  17  0000              ; bios_memcpy_bc_hl     = 0C42Dh
  18  0000              ; bios_reboot           = 0C800h
  19  0000              ; bios_getch            = 0C803h
  20  0000              ; bios_tapeRead         = 0C806h
  21  0000              ; bios_printChar        = 0C809h
  22  0000              ; bios_tapeWrite        = 0C80Ch
  23  0000              ; bios_printString      = 0C818h
  24  0000              ; bios_calcCS           = 0C82Ah
  25  0000              ; bios_fileCreate       = 0C845h
  26  0000              ; bios_fileLoadInfo     = 0C851h
  27  0000              ; bios_fileNamePrepare  = 0C85Ah
  28  0000              ; bios_fileLoad2        = 0C866h
  29  0000
  30  0000              ; Используемые переменные DOS.SYS:
  31  0000              ; bios_vars.lastKey     = 08FF0h
  32  0000              ; bios_vars.tapeInverse = 08FF3h
  33  0000              ; bios_vars.cursorDelay = 08FF4h
  34  0000              ; bios_vars.inverse     = 08FFAh
  35  0000              ; bios_vars.cursorY     = 08FFCh
  36  0000
  37  0000              ; Используемые порты устройств:
  38  0000              ; IO_KEYB_A = 0FFE0h
  39  0000              ; IO_KEYB_B = 0FFE1h
  40  0000
  41  0000              ;----------------------------------------------------------------------------
  42  0000
  43  0000              ; Цвета
  44  0000
  45  0000              COLOR_TEXT      = 0B1h
  46  0000              COLOR_STATUSBAR = 071h
  47  0000
  48  0000              ; Когда цвет включен, макрос вставляет такой код
  49  0000                  MACRO COLOR x
  50  0000 ~                    IF STANDARD_EDITOR==0
  51  0000 ~                        ld a, x
  52  0000 ~                        ld (IO_COLOR), a
  53  0000 ~                    ENDIF
  54  0000                  ENDM
  55  0000
  56  0000              ;----------------------------------------------------------------------------
  57  0000
  58  0000              ; Собственные переменные
  59  0000                  STRUCT EDITOR_VARIABLES
  60  0000 ~            buffer  BLOCK  10, 0
  61  0000 ~            last    BLOCK  1,  0
  62  0000                  ENDS
  63  0000
  64  0000              ; Блок переменных редактора начинается с адреса 8F80H
  65  0000              editor_vars EDITOR_VARIABLES = 8F80H
  66  0000
  67  0000              ;----------------------------------------------------------------------------
  68  0000
  69  0000              ; Начало программы
  70  0000                  IF NEW_MEMORY_MAP && !STANDARD_EDITOR
  71  0000                      ORG 0E800h
  72  0000                  ELSE
  73  0000 ~                    ORG 0D000h
  74  0000                  ENDIF
  75  E800
  76  E800              ;----------------------------------------------------------------------------
  77  E800
  78  E800              ; Буферы в конце программы
  79  E800              BUFFER1 = $ + 0F0Ah ; 0DF0AH
  80  E800              BUFFER2 = $ + 0F00h ; 0DF00H
  81  E800
  82  E800              EDITOR_BUFFER_SIZE = 08500h - 01800h
  83  E800
  84  E800              ;----------------------------------------------------------------------------
  85  E800
  86  E800              SMC1:
  87  E800 C3 83 F6             JP    LBL145    ; адрес этого перехода изменяется п/п LBL3
  88  E803 C3 3E F2             JP    LBL103
  89  E806
  90  E806                      ; Что-то непонятное, границы буфера текста?
  91  E806 00           VAR01:  DB    0
  92  E807 18           VAR02:  DB    18h
  93  E808 00           VAR03:  DB    0
  94  E809 85           VAR04:  DB    85h
  95  E80A
  96  E80A 21 22 E8     LBL2:   LD    HL,REF2
  97  E80D CD 18 C8             CALL  bios_printString
  98  E810
  99  E810                      ; Похоже на обработчик ошибки ввода/вывода с ленты
 100  E810              LBL3:   ; ??? Считаем контрольную сумму блока 7000-8EFF
 101  E810 21 00 70             LD    HL,7000H
 102  E813 11 00 8F             LD    DE,8F00H
 103  E816 CD 2A C8             CALL  bios_calcCS
 104  E819                      ; Суровая самомодификация кода:
 105  E819                      ; Меняем адрес в первой инстукции JP в начале редактора на LBL4
 106  E819 21 D1 E8     SMC6:   LD    HL, LBL4
 107  E81C 22 01 E8             LD    (SMC1+1),HL
 108  E81F
 109  E81F                      ; И прыгаем на LBL4
 110  E81F C3 D1 E8             JP    LBL4
 111  E822
 112  E822 0A 20 20 20  REF2:   DB    0AH,"          EDITOR VERSION 4.1, (C) OM"
 112  E826 20 20 20 20
 112  E82A 20 20 20 45
 112  E82E 44 49 54 4F
 112  E832 52 20 56 45
 112  E836 52 53 49 4F
 112  E83A 4E 20 34 2E
 112  E83E 31 2C 20 28
 112  E842 43 29 20 4F
 112  E846 4D
 113  E847 53           REF3:   DB    "S"
 114  E848 4B           REF4:   DB    "K"
 115  E849 20           REF5:   DB    " "
 116  E84A 4B 53 4F 46  REF6:   DB    "KSOFT ",27H,"92",2EH,00H
 116  E84E 54 20 27 39
 116  E852 32 2E 00
 117  E855 00 00        VAR1:   DW    0000H
 118  E857 00 00        VAR2:   DW    0000H
 119  E859 00 00        VAR3:   DW    0000H
 120  E85B 00           VAR4:   DB    00H
 121  E85C 00           VAR5:   DB    00H
 122  E85D 00 00        VAR6:   DW    0000H
 123  E85F 00 00        VAR7:   DW    0000H
 124  E861 00 00        VAR8:   DW    0000H
 125  E863 04 05 08     REF7:   DB    04H,05H,08H
 126  E866 00           VAR9:   DB    00H
 127  E867 1F 0A 20 20  REF8:   DB    1FH,0AH,"  OUT OF MEMORY",2EH,00H
 127  E86B 4F 55 54 20
 127  E86F 4F 46 20 4D
 127  E873 45 4D 4F 52
 127  E877 59 2E 00
 128  E87A 1F           REF9:   DB    1FH
 129  E87B 0A 20 46 49  REF10:  DB    0AH," FILE: ",00H
 129  E87F 4C 45 3A 20
 129  E883 00
 130  E884 08 20 08 00  REF11:  DB    08H,20H,08H,00H           ; <-, ' ', <-
 131  E888 0A 20 4D 49  REF12:  DB    0AH," MISTAKE",2EH,00H
 131  E88C 53 54 41 4B
 131  E890 45 2E 00
 132  E893 53 45 41 52  REF13:  DB    "SEARCH: "
 132  E897 43 48 3A 20
 133  E89B 00 41 4C 4C  REF14:  DB    00H,"ALL V33",00H,"RLN]N",00H,"y"
 133  E89F 20 56 33 33
 133  E8A3 00 52 4C 4E
 133  E8A7 5D 4E 00 79
 134  E8AB
 135  E8AB 1F 0A 20 4E  txtNew:     DB    1FH,0AH," NEW ?",00H
 135  E8AF 45 57 20 3F
 135  E8B3 00
 136  E8B4 49 4E 53 45  txtIns:     DB    "INSERT   ",00H
 136  E8B8 52 54 20 20
 136  E8BC 20 00
 137  E8BE 4F 56 45 52  txtOvr:     DB    "OVERWRITE",00H
 137  E8C2 57 52 49 54
 137  E8C6 45 00
 138  E8C8 4C 49 4E 45  txtLine:    DB    "LINE",00H
 138  E8CC 00
 139  E8CD 43 4F 4C 00  txtCol:     DB    "COL",00H
 140  E8D1
 141  E8D1              LBL4:   ; Читаем указатель стека в hl
 142  E8D1 21 00 00             LD    HL,0000H
 143  E8D4 39                   ADD   HL,SP
 144  E8D5                      ; И записываем его в код п/п SMC4
 145  E8D5 22 DC F3             LD    (SMC4+1),HL
 146  E8D8
 147  E8D8                      COLOR COLOR_TEXT
 147  E8D8             >        IF STANDARD_EDITOR==0
 147  E8D8 3E B1       >            ld a, COLOR_TEXT
 147  E8DA 32 F8 FF    >            ld (IO_COLOR), a
 147  E8DD             >        ENDIF
 148  E8DD
 149  E8DD 3E 10        LBL5:   LD    A,10H         ; 16
 150  E8DF 32 8A 8F             LD    (editor_vars.last),A
 151  E8E2 AF                   XOR   A
 152  E8E3 32 5B E8             LD    (VAR4),A
 153  E8E6 67                   LD    H,A
 154  E8E7 6F                   LD    L,A
 155  E8E8 22 5D E8             LD    (VAR6),HL
 156  E8EB 22 FA 8F             LD    (bios_vars.inverse),HL
 157  E8EE 21 01 00             LD    HL,0001H    ; 1
 158  E8F1 22 61 E8             LD    (VAR8),HL
 159  E8F4 2A 06 E8             LD    HL,(VAR01)
 160  E8F7 22 55 E8             LD    (VAR1),HL
 161  E8FA 22 59 E8             LD    (VAR3),HL
 162  E8FD 5D                   LD    E,L
 163  E8FE 54                   LD    D,H
 164  E8FF 7E           LBL6:   LD    A,(HL)
 165  E900 B7                   OR    A
 166  E901 C2 06 E9             JP    NZ,LBL7
 167  E904 3D                   DEC   A
 168  E905 77                   LD    (HL),A
 169  E906 3C           LBL7:   INC   A
 170  E907 CA 0E E9             JP    Z,LBL8
 171  E90A 23                   INC   HL
 172  E90B C3 FF E8             JP    LBL6
 173  E90E CD 09 F2     LBL8:   CALL  SUB38
 174  E911 C2 19 E9             JP    NZ,LBL9
 175  E914 36 0D                LD    (HL),0DH    ; 13
 176  E916 23                   INC   HL
 177  E917 36 FF                LD    (HL),0FFH   ; 255
 178  E919 22 57 E8     LBL9:   LD    (VAR2),HL
 179  E91C 0E 1F        LBL10:  LD    C,1FH         ; 31
 180  E91E CD 09 C8             CALL  bios_printChar
 181  E921 CD 18 EA             CALL  SUB1
 182  E924 21 24 E9     REF21:  LD    HL,REF21    ; 53535
 183  E927 E5                   PUSH  HL
 184  E928 2A FC 8F             LD    HL,(bios_vars.cursorY)
 185  E92B E5                   PUSH  HL
 186  E92C CD 68 F4             CALL  SUB56
 187  E92F 21 00 00             LD    HL,0000H
 188  E932 CD E7 EB             CALL  SUB14
 189  E935 EB                   EX    DE,HL
 190  E936 21 F9 8C             LD    HL,8CF9H    ; 36089
 191  E939 22 FC 8F             LD    (bios_vars.cursorY),HL
 192  E93C EB                   EX    DE,HL
 193  E93D 11 F6 FF             LD    DE,0FFF6H   ; 65526
 194  E940 06 20                LD    B,20H         ; 32 ' '
 195  E942 23                   INC   HL
 196  E943 CD 66 F3             CALL  SUB51
 197  E946 7D                   LD    A,L
 198  E947 C6 3A                ADD   A,3AH         ; 58 ':'
 199  E949 4F                   LD    C,A
 200  E94A CD 09 C8             CALL  bios_printChar
 201  E94D CD 71 F4             CALL  SUB57
 202  E950 E1                   POP   HL
 203  E951 22 FC 8F             LD    (bios_vars.cursorY),HL
 204  E954 C3 29 F6             JP    keyInput
 205  E957
 206  E957              ;----------------------------------------------------------------------
 207  E957
 208  E957                      ; Продолжение разбора кода нажатой клавиши
 209  E957              keyInput2:
 210  E957 4F                   LD    C,A               ; сохраняем в регистре c
 211  E958 FE 7F                CP    7FH               ; Del - удалить символ над курсором
 212  E95A CA F2 EB             JP    Z,keyHandler_Del
 213  E95D FE 07                CP    07H               ; F8 - отмена изменений в строке
 214  E95F CA DF F1             JP    Z,keyHandler_F8
 215  E962 FE 01                CP    01H               ; F2 - курсор на страницу вверх (PageUp)
 216  E964 CA 5D ED             JP    Z,keyHandler_F2
 217  E967 FE 02                CP    02H               ; F3 - курсор на страницу вниз (PageDn)
 218  E969 CA 82 ED             JP    Z,keyHandler_F3
 219  E96C FE 20                CP    20H               ; пробел
 220  E96E D2 8C EB             JP    NC,keyHandler_Space
 221  E971 B7                   OR    A                 ; F1 - Ins (перекл. режима Insert/Overwrite)
 222  E972 CA DB EB             JP    Z,keyHandler_F1
 223  E975
 224  E975                      ; Теперь проходм по таблице подпрограмм
 225  E975 21 88 E9             LD    HL, KeyHendlerTable
 226  E978              fkh_Loop:
 227  E978 7E                   LD    A,(HL)        ; код клавиши
 228  E979 B7                   OR    A             ; если 0 - достигнут конец таблицы
 229  E97A CA 16 F2             JP    Z,Beep4       ; бип 4 раза и выход
 230  E97D 23                   INC   HL
 231  E97E 5E                   LD    E,(HL)        ; de = адрес подпрограммы
 232  E97F 23                   INC   HL
 233  E980 56                   LD    D,(HL)
 234  E981 23                   INC   HL
 235  E982 B9                   CP    C             ; сравниваем a и запомненный в с код клавиши
 236  E983 C2 78 E9             JP    NZ,fkh_Loop   ; если не равно, повтор цикла
 237  E986 D5                   PUSH  DE            ; алрес п/п - в стек
 238  E987 C9                   RET                 ; переход на адрес п/п
 239  E988
 240  E988              ;----------------------------------------------------------------------
 241  E988
 242  E988                  STRUCT  KEY_HANDLER
 243  E988 ~            key:        DB  0
 244  E988 ~            address:    DW  0
 245  E988                  ENDS
 246  E988
 247  E988                      ; Таблица переходов на подпрограммы
 248  E988                      ; код символа, адрес
 249  E988              KeyHendlerTable:
 250  E988 1A 58 EA             KEY_HANDLER  1Ah, keyHandler_Down   ; Вниз      - курсор вниз
 251  E98B 19 82 EA             KEY_HANDLER  19h, keyHandler_Up     ; Вверх     - курсор вверх
 252  E98E 08 FD EA             KEY_HANDLER  08h, keyHandler_Left   ; Влево     - курсор влево
 253  E991 18 F2 EA             KEY_HANDLER  18h, keyHandler_Right  ; Вправо    - курсор вправо
 254  E994 0D 22 EB             KEY_HANDLER  0Dh, keyHandler_Enter  ; Enter     - вставить строку ниже (не разбивает текущую строку!)
 255  E997 09 05 ED             KEY_HANDLER  09h, keyHandler_Tab    ; Tab       - курсор на 4 (8) позиций влево, с привязкой по сетке (?)
 256  E99A 1F E5 E9             KEY_HANDLER  1Fh, keyHandler_CTP    ; СТР       - выход без сохранения!
 257  E99D 02 F8 E9             KEY_HANDLER  02h, keyHandler_F3_2   ; F3 снова?
 258  E9A0 06 7A F0             KEY_HANDLER  06h, keyHandler_F7     ; F7        - поиск текста в строке курсора и ниже (перематывает документ на строку с текстом)
 259  E9A3 0C 1D EB             KEY_HANDLER  0Ch, keyHandler_Home   ; Home      - курсор в начало строки
 260  E9A6 0A 0D EB             KEY_HANDLER  0Ah, keyHandler_End    ; End (ПС)  - курсор в конец строки
 261  E9A9 1B AD E9             KEY_HANDLER  1Bh, keyHandler_Esc    ; Esc       - режим Esc-последовательности
 262  E9AC 00                   DB  00H
 263  E9AD
 264  E9AD              ;----------------------------------------------------------------------
 265  E9AD
 266  E9AD                      ; Обработка нажатия Esc
 267  E9AD              keyHandler_Esc:
 268  E9AD CD 26 EC             CALL    SUB15
 269  E9B0
 270  E9B0                      ; Ожидаем ввод второго символа Esc-последовательности
 271  E9B0 CD 03 C8             CALL    bios_getch
 272  E9B3 4F                   LD      C,A
 273  E9B4
 274  E9B4                      ; Проходм по второй таблице подпрограмм
 275  E9B4 21 BA E9             LD      HL,KeyHendlerTable2
 276  E9B7 C3 78 E9             JP      fkh_Loop
 277  E9BA
 278  E9BA              ;----------------------------------------------------------------------
 279  E9BA
 280  E9BA                      ; Таблица переходов на подпрограммы
 281  E9BA                      ; код символа, адрес
 282  E9BA              KeyHendlerTable2:
 283  E9BA 0C 09 EA             KEY_HANDLER  0Ch, keyHandler_Esc_Home   ; Esc-Home - курсор в начало первой страницы
 284  E9BD 0A AD ED             KEY_HANDLER  0Ah, keyHandler_Esc_End    ; Esc-End  - курсор в начало последней страницы
 285  E9C0 4C C1 ED             KEY_HANDLER  4Ch, keyHandler_Esc_L      ; Esc-L    - выделить текущую строку, второй раз Esc-L - выделить от первой выделенной первой до текущей
 286  E9C3 44 F2 ED             KEY_HANDLER  44h, keyHandler_Esc_D      ; Esc-D    - удалить выделенные строки
 287  E9C6 55 66 EE             KEY_HANDLER  55h, keyHandler_Esc_U      ; Esc-U    - снять выделение строк
 288  E9C9 4F 8F EE             KEY_HANDLER  4Fh, keyHandler_Esc_O      ; Esc-O    - сохранить файл на магнитофон
 289  E9CC 49 1F EF             KEY_HANDLER  49h, keyHandler_Esc_I      ; Esc-I    - загрузить файл с магнитофона
 290  E9CF 56 0F F0             KEY_HANDLER  56h, keyHandler_Esc_V      ; Esc-V    - загрузить файл с магнитофона (в другом формате?)
 291  E9D2 47 14 F0             KEY_HANDLER  47h, keyHandler_Esc_G      ; Esc-G    - загрузить файл с магнитофона и вставить в конец документа
 292  E9D5 4E C3 F1             KEY_HANDLER  4Eh, keyHandler_Esc_N      ; Esc-N    - новый файл (очистить буфер)
 293  E9D8 4A E6 F0             KEY_HANDLER  4Ah, keyHandler_Esc_J      ; Esc-J    - объединить текущую строку и следующую
 294  E9DB 53 15 F1             KEY_HANDLER  53h, keyHandler_Esc_S      ; Esc-S    - разбить строку в положении курсора
 295  E9DE 43 4E F1             KEY_HANDLER  43h, keyHandler_Esc_C      ; Esc-C    - вставить выделенные строки ниже текущей
 296  E9E1 4D 81 F1             KEY_HANDLER  4Dh, keyHandler_Esc_M      ; Esc-M    - переместить выделенные строки ниже текущей
 297  E9E4 00                   DB  00H
 298  E9E5
 299  E9E5              ;----------------------------------------------------------------------
 300  E9E5
 301  E9E5              keyHandler_CTP:
 302  E9E5                      COLOR COLOR_BIOS
 302  E9E5             >        IF STANDARD_EDITOR==0
 302  E9E5 3E F0       >            ld a, COLOR_BIOS
 302  E9E7 32 F8 FF    >            ld (IO_COLOR), a
 302  E9EA             >        ENDIF
 303  E9EA 0E 1F                LD    C,1FH
 304  E9EC CD 09 C8             CALL  bios_printChar
 305  E9EF CD 26 EC             CALL  SUB15
 306  E9F2 CD DA F3             CALL  SUB54
 307  E9F5 C3 00 C8             JP    bios_reboot
 308  E9F8
 309  E9F8              keyHandler_F3_2:
 310  E9F8 CD 26 EC             CALL  SUB15
 311  E9FB                      COLOR COLOR_BIOS
 311  E9FB             >        IF STANDARD_EDITOR==0
 311  E9FB 3E F0       >            ld a, COLOR_BIOS
 311  E9FD 32 F8 FF    >            ld (IO_COLOR), a
 311  EA00             >        ENDIF
 312  EA00 0E 1F                LD    C,1FH
 313  EA02 CD 09 C8             CALL  bios_printChar
 314  EA05 CD DA F3             CALL  SUB54
 315  EA08 C9                   RET
 316  EA09
 317  EA09              keyHandler_Esc_Home:
 318  EA09 21 01 00             LD    HL,0001H    ; 1; [4]
 319  EA0C 22 61 E8             LD    (VAR8),HL
 320  EA0F 2A 06 E8             LD    HL,(VAR01)
 321  EA12 22 55 E8             LD    (VAR1),HL
 322  EA15 22 59 E8             LD    (VAR3),HL
 323  EA18 2A 55 E8     SUB1:   LD    HL,(VAR1)   ; [10]
 324  EA1B EB                   EX    DE,HL
 325  EA1C 2A 59 E8             LD    HL,(VAR3)
 326  EA1F CD 09 F2             CALL  SUB38
 327  EA22 CA 2B EA             JP    Z,SUB2
 328  EA25 CD 13 F3             CALL  SUB49
 329  EA28 C3 18 EA             JP    SUB1
 330  EA2B CD 3D F4     SUB2:   CALL  SUB55         ; [2]
 331  EA2E 01 0C 18     SUB3:   LD    BC,180CH    ; 6156; [2]
 332  EA31 CD 09 C8     LBL14:  CALL  bios_printChar
 333  EA34 CD A8 EA             CALL  SUB7
 334  EA37 3C                   INC   A
 335  EA38 CA 41 EA             JP    Z,SUB4
 336  EA3B 05                   DEC   B
 337  EA3C 0E 0A                LD    C,0AH         ; 10
 338  EA3E C2 31 EA             JP    NZ,LBL14
 339  EA41 CD 97 F3     SUB4:   CALL  SUB53         ; [2]
 340  EA44 0E 0C                LD    C,0CH         ; 12
 341  EA46 C3 09 C8             JP    bios_printChar
 342  EA49 CD 26 EC     LBL15:  CALL  SUB15         ; [3]
 343  EA4C CD 2C F2     SUB5:   CALL  SUB43         ; [5]
 344  EA4F 2A 55 E8             LD    HL,(VAR1)
 345  EA52 CD 2B EA             CALL  SUB2
 346  EA55 C3 35 F2             JP    SUB44
 347  EA58
 348  EA58              keyHandler_Down:
 349  EA58 CD 26 EC             CALL  SUB15
 350  EA5B CD FD F2             CALL  SUB48
 351  EA5E C8                   RET   Z
 352  EA5F CD 25 F3             CALL  SUB50
 353  EA62 3A FC 8F             LD    A,(bios_vars.cursorY)
 354  EA65 FE EE                CP    0EEH          ; 238
 355  EA67 C2 09 C8             JP    NZ,bios_printChar
 356  EA6A 2A 55 E8             LD    HL,(VAR1)
 357  EA6D CD 21 F2             CALL  SUB42
 358  EA70 22 55 E8             LD    (VAR1),HL
 359  EA73 CD 2C F2             CALL  SUB43
 360  EA76 CD 6E F2             CALL  SUB45
 361  EA79 2A 59 E8             LD    HL,(VAR3)
 362  EA7C CD A8 EA             CALL  SUB7
 363  EA7F C3 35 F2             JP    SUB44
 364  EA82
 365  EA82              keyHandler_Up
 366  EA82 CD 26 EC             CALL  SUB15
 367  EA85 CD 13 F3             CALL  SUB49
 368  EA88 C8                   RET   Z
 369  EA89 CD 25 F3             CALL  SUB50
 370  EA8C 3A FC 8F             LD    A,(bios_vars.cursorY)
 371  EA8F FE 08                CP    08H           ; 8
 372  EA91 C2 09 C8             JP    NZ,bios_printChar
 373  EA94 2A 59 E8             LD    HL,(VAR3)
 374  EA97 22 55 E8             LD    (VAR1),HL
 375  EA9A E5                   PUSH  HL
 376  EA9B CD 9D F2             CALL  SUB46
 377  EA9E E1                   POP   HL
 378  EA9F CD 2C F2             CALL  SUB43
 379  EAA2 CD A8 EA             CALL  SUB7
 380  EAA5 C3 35 F2             JP    SUB44
 381  EAA8 CD 1D EB     SUB7:   CALL  keyHandler_Home          ; [4]
 382  EAAB CD D6 EA             CALL  SUB8
 383  EAAE D2 B6 EA             JP    NC,LBL16
 384  EAB1 3E FF                LD    A,0FFH                ; 255
 385  EAB3 32 FA 8F             LD    (bios_vars.inverse),A
 386  EAB6 7E           LBL16:  LD    A,(HL)
 387  EAB7 FE 0D                CP    0DH           ; 13
 388  EAB9 0E 20                LD    C,20H         ; 32 ' '
 389  EABB CC 09 C8             CALL  Z,bios_printChar
 390  EABE 7E           LBL17:  LD    A,(HL)
 391  EABF 4F                   LD    C,A
 392  EAC0 3C                   INC   A
 393  EAC1 CA CD EA             JP    Z,LBL18
 394  EAC4 23                   INC   HL
 395  EAC5 CD 09 C8             CALL  bios_printChar
 396  EAC8 FE 0E                CP    0EH           ; 14
 397  EACA C2 BE EA             JP    NZ,LBL17
 398  EACD AF           LBL18:  XOR   A
 399  EACE 32 FA 8F             LD    (bios_vars.inverse),A
 400  EAD1 32 FB 8F             LD    (bios_vars.inverse+1),A
 401  EAD4 79                   LD    A,C
 402  EAD5 C9                   RET
 403  EAD6 D5           SUB8: PUSH  DE            ; [7]
 404  EAD7 EB                   EX    DE,HL
 405  EAD8 2A 5D E8             LD    HL,(VAR6)
 406  EADB 7C                   LD    A,H
 407  EADC B5                   OR    L
 408  EADD CA EF EA             JP    Z,LBL19
 409  EAE0 2B                   DEC   HL
 410  EAE1 CD 09 F2             CALL  SUB38
 411  EAE4 D2 EF EA             JP    NC,LBL19
 412  EAE7 2A 5F E8             LD    HL,(VAR7)
 413  EAEA 2B                   DEC   HL
 414  EAEB CD 09 F2             CALL  SUB38
 415  EAEE 3F                   CCF
 416  EAEF EB           LBL19:  EX    DE,HL         ; [2]
 417  EAF0 D1                   POP   DE
 418  EAF1 C9                   RET
 419  EAF2
 420  EAF2              keyHandler_Right:
 421  EAF2 CD F8 F1             CALL  SUB36
 422  EAF5 CA DF F3             JP    Z,LBL117
 423  EAF8 06 BA        LBL20:  LD    B,0BAH                ; 186
 424  EAFA C3 05 EB             JP    LBL21
 425  EAFD
 426  EAFD              keyHandler_Left:
 427  EAFD CD F8 F1             CALL  SUB36
 428  EB00 CA 0C F4             JP    Z,LBL120
 429  EB03 06 00                LD    B,00H
 430  EB05 3A FD 8F     LBL21:  LD    A,(bios_vars.cursorY+1)
 431  EB08 B8                   CP    B
 432  EB09 C8                   RET   Z
 433  EB0A C3 09 C8             JP    bios_printChar
 434  EB0D
 435  EB0D              keyHandler_End:
 436  EB0D CD 60 EB             CALL  SUB12
 437  EB10 CD 54 EB             CALL  SUB10
 438  EB13 21 0A E8             LD    HL,LBL2             ; 53258
 439  EB16 CD 0F F2             CALL  SUB39
 440  EB19 7B                   LD    A,E
 441  EB1A C3 22 ED             JP    LBL48
 442  EB1D
 443  EB1D              keyHandler_Home:
 444  EB1D AF                   XOR   A             ; [4]
 445  EB1E 32 FD 8F             LD    (bios_vars.cursorY+1),A
 446  EB21 C9                   RET
 447  EB22
 448  EB22              keyHandler_Enter:
 449  EB22 2A 59 E8             LD    HL,(VAR3)
 450  EB25 CD D6 EA             CALL  SUB8
 451  EB28 DA 16 F2             JP    C,Beep4
 452  EB2B CD 60 EB             CALL  SUB12
 453  EB2E CD 54 EB             CALL  SUB10
 454  EB31 3E 0D                LD    A,0DH         ; 13
 455  EB33 12                   LD    (DE),A
 456  EB34 CD 26 EC             CALL  SUB15
 457  EB37 CD 1D EB             CALL  keyHandler_Home
 458  EB3A 2A 59 E8             LD    HL,(VAR3)
 459  EB3D 0E 18                LD    C,18H         ; 24
 460  EB3F 7E           LBL23:  LD    A,(HL)
 461  EB40 FE 20                CP    20H           ; 32 ' '
 462  EB42 C2 4C EB             JP    NZ,LBL24
 463  EB45 CD 09 C8             CALL  bios_printChar
 464  EB48 23                   INC   HL
 465  EB49 C3 3F EB             JP    LBL23
 466  EB4C 0E 1A        LBL24:  LD    C,1AH         ; 26
 467  EB4E CD 58 EA             CALL  keyHandler_Down
 468  EB51 C3 9D F2             JP    SUB46
 469  EB54
 470  EB54                      ; В REF6 изначально текст "KSOFT '92"
 471  EB54 11 4A E8     SUB10:  LD    DE, REF6
 472  EB57
 473  EB57                      ; Пропус пробелов в строке по адресу de
 474  EB57              SkipSpaces:
 475  EB57 1B                   DEC   DE
 476  EB58 1A                   LD    A,(DE)
 477  EB59 FE 20                CP    20H
 478  EB5B CA 57 EB             JP    Z,SkipSpaces
 479  EB5E 13                   INC   DE
 480  EB5F C9                   RET
 481  EB60
 482  EB60 3A 5B E8     SUB12:  LD    A,(VAR4)    ; [7]
 483  EB63 B7                   OR    A
 484  EB64 C0                   RET   NZ
 485  EB65 2F                   cpl
 486  EB66 32 5B E8             LD    (VAR4),A
 487  EB69 21 0A E8             LD    HL,LBL2             ; 53258
 488  EB6C 3E 40                LD    A,40H         ; 64 '@'
 489  EB6E 36 20        LBL25:  LD    (HL),20H    ; 32 ' '
 490  EB70 23                   INC   HL
 491  EB71 3D                   DEC   A
 492  EB72 C2 6E EB             JP    NZ,LBL25
 493  EB75 11 0A E8             LD    DE,LBL2             ; 53258
 494  EB78 2A 59 E8             LD    HL,(VAR3)
 495  EB7B 06 40                LD    B,40H         ; 64 '@'
 496  EB7D 7E           LBL26:  LD    A,(HL)
 497  EB7E FE 0D                CP    0DH           ; 13
 498  EB80 C8                   RET   Z
 499  EB81 FE FF                CP    0FFH          ; 255
 500  EB83 C8                   RET   Z
 501  EB84 05                   DEC   B
 502  EB85 C8                   RET   Z
 503  EB86 12                   LD    (DE),A
 504  EB87 23                   INC   HL
 505  EB88 13                   INC   DE
 506  EB89 C3 7D EB             JP    LBL26
 507  EB8C
 508  EB8C              keyHandler_Space:
 509  EB8C 2A 59 E8             LD    HL,(VAR3)
 510  EB8F CD D6 EA             CALL  SUB8
 511  EB92 DA 16 F2             JP    C,Beep4
 512  EB95 CD 60 EB             CALL  SUB12
 513  EB98 CD E4 EB             CALL  SUB13
 514  EB9B 3A 5C E8             LD    A,(VAR5)
 515  EB9E B7                   OR    A
 516  EB9F C2 B1 EB             JP    NZ,LBL28
 517  EBA2 71                   LD    (HL),C
 518  EBA3 CD 09 C8             CALL  bios_printChar
 519  EBA6 3A FD 8F             LD    A,(bios_vars.cursorY+1)
 520  EBA9 FE BD                CP    0BDH          ; 189
 521  EBAB C0                   RET   NZ
 522  EBAC 0E 08                LD    C,08H         ; 8
 523  EBAE C3 09 C8             JP    bios_printChar
 524  EBB1 11 49 E8     LBL28:  LD    DE,REF5             ; 53321
 525  EBB4 CD 57 EB             CALL  SkipSpaces
 526  EBB7 E5                   PUSH  HL
 527  EBB8 21 49 E8             LD    HL,REF5             ; 53321
 528  EBBB CD 09 F2             CALL  SUB38
 529  EBBE CA C2 EB             JP    Z,LBL29
 530  EBC1 13                   INC   DE
 531  EBC2 E1           LBL29:  POP   HL
 532  EBC3 CD 2C F2             CALL  SUB43
 533  EBC6 46           LBL30:  LD    B,(HL)
 534  EBC7 71                   LD    (HL),C
 535  EBC8 CD 09 C8             CALL  bios_printChar
 536  EBCB 48                   LD    C,B
 537  EBCC 23                   INC   HL
 538  EBCD CD 09 F2             CALL  SUB38
 539  EBD0 DA C6 EB             JP    C,LBL30
 540  EBD3 CD 35 F2             CALL  SUB44
 541  EBD6 0E 18                LD    C,18H         ; 24
 542  EBD8 C3 F8 EA             JP    LBL20
 543  EBDB
 544  EBDB              keyHandler_F1:
 545  EBDB 21 5C E8             LD    HL,VAR5             ; 53340
 546  EBDE 7E                   LD    A,(HL)
 547  EBDF 2F                   cpl
 548  EBE0 77                   LD    (HL),A
 549  EBE1 C3 D6 F2             JP    SUB47
 550  EBE4 21 0A E8     SUB13:  LD    HL,LBL2             ; 53258; [4]
 551  EBE7 3A FD 8F     SUB14:  LD    A,(bios_vars.cursorY+1)        ; [4]
 552  EBEA B7                   OR    A
 553  EBEB C8           LBL32:  RET   Z
 554  EBEC 23                   INC   HL
 555  EBED D6 03                SUB   03H           ; 3
 556  EBEF C3 EB EB             JP    LBL32
 557  EBF2
 558  EBF2              keyHandler_Del:
 559  EBF2 CD 60 EB             CALL  SUB12
 560  EBF5 CD E4 EB             CALL  SUB13
 561  EBF8 E5                   PUSH  HL
 562  EBF9 4D                   LD    C,L
 563  EBFA 44                   LD    B,H
 564  EBFB 03                   INC   BC
 565  EBFC 11 49 E8             LD    DE,REF5             ; 53321
 566  EBFF CD FE F1             CALL  SUB37
 567  EC02 E1                   POP   HL
 568  EC03 11 49 E8             LD    DE,REF5             ; 53321
 569  EC06 CD 57 EB             CALL  SkipSpaces
 570  EC09 E5                   PUSH  HL
 571  EC0A 21 49 E8             LD    HL,REF5             ; 53321
 572  EC0D CD 09 F2             CALL  SUB38
 573  EC10 CA 14 EC             JP    Z,LBL34
 574  EC13 13                   INC   DE
 575  EC14 E1           LBL34:  POP   HL
 576  EC15 CD 2C F2             CALL  SUB43
 577  EC18 4E           LBL35:  LD    C,(HL)
 578  EC19 CD 09 C8             CALL  bios_printChar
 579  EC1C CD 09 F2             CALL  SUB38
 580  EC1F 23                   INC   HL
 581  EC20 DA 18 EC             JP    C,LBL35
 582  EC23 C3 35 F2             JP    SUB44
 583  EC26
 584  EC26 3A 5B E8     SUB15:  LD    A,(VAR4)  ; читаем VAR4
 585  EC29 B7                   OR    A
 586  EC2A C8                   RET   Z         ; если VAR4 == 0, выходим
 587  EC2B AF                   XOR   A         ; инвертируем
 588  EC2C 32 5B E8             LD    (VAR4),A  ; сохраняем обртано
 589  EC2F C5                   PUSH  BC
 590  EC30 CD 54 EB             CALL  SUB10
 591  EC33 21 0A E8             LD    HL,LBL2
 592  EC36 CD 0F F2             CALL  SUB39
 593  EC39 2A 59 E8             LD    HL,(VAR3)
 594  EC3C EB                   EX    DE,HL
 595  EC3D 19                   ADD   HL,DE
 596  EC3E EB                   EX    DE,HL
 597  EC3F CD 21 F2             CALL  SUB42
 598  EC42 3C                   INC   A
 599  EC43 CA 47 EC             JP    Z,LBL36
 600  EC46 2B                   DEC   HL
 601  EC47 CD 58 EC     LBL36:  CALL  SUB16
 602  EC4A 2A 59 E8             LD    HL,(VAR3)
 603  EC4D 01 0A E8             LD    BC,LBL2             ; 53258
 604  EC50 CD 09 F2             CALL  SUB38
 605  EC53 C4 FE F1             CALL  NZ,SUB37
 606  EC56 C1                   POP   BC
 607  EC57 C9                   RET
 608  EC58 CD 09 F2     SUB16:  CALL  SUB38         ; [5]
 609  EC5B C8                   RET   Z
 610  EC5C F5                   PUSH  AF
 611  EC5D D5                   PUSH  DE
 612  EC5E CD 0F F2             CALL  SUB39
 613  EC61 42                   LD    B,D
 614  EC62 4B                   LD    C,E
 615  EC63 EB                   EX    DE,HL
 616  EC64 2A 5D E8             LD    HL,(VAR6)
 617  EC67 CD 09 F2             CALL  SUB38
 618  EC6A DA 71 EC             JP    C,LBL37
 619  EC6D 09                   ADD   HL,BC
 620  EC6E 22 5D E8             LD    (VAR6),HL
 621  EC71 2A 5F E8     LBL37:  LD    HL,(VAR7)
 622  EC74 EB                   EX    DE,HL
 623  EC75 CD 09 F2             CALL  SUB38
 624  EC78 EB                   EX    DE,HL
 625  EC79 D2 80 EC             JP    NC,LBL38
 626  EC7C 09                   ADD   HL,BC
 627  EC7D 22 5F E8             LD    (VAR7),HL
 628  EC80 EB           LBL38:  EX    DE,HL
 629  EC81 D1                   POP   DE
 630  EC82 F1                   POP   AF
 631  EC83 DA B5 EC             JP    C,LBL42
 632  EC86 D5                   PUSH  DE
 633  EC87 4B                   LD    C,E
 634  EC88 42                   LD    B,D
 635  EC89 EB                   EX    DE,HL
 636  EC8A 2A 57 E8             LD    HL,(VAR2)
 637  EC8D 23                   INC   HL
 638  EC8E EB                   EX    DE,HL
 639  EC8F CD 0F F2             CALL  SUB39
 640  EC92 7B           LBL39:  LD    A,E
 641  EC93 E6 FE                AND   0FEH          ; 254
 642  EC95 B2                   OR    D
 643  EC96 CA A6 EC             JP    Z,LBL40
 644  EC99 7E                   LD    A,(HL)
 645  EC9A 02                   LD    (BC),A
 646  EC9B 03                   INC   BC
 647  EC9C 23                   INC   HL
 648  EC9D 1B                   DEC   DE
 649  EC9E 7E                   LD    A,(HL)
 650  EC9F 02                   LD    (BC),A
 651  ECA0 03                   INC   BC
 652  ECA1 23                   INC   HL
 653  ECA2 1B                   DEC   DE
 654  ECA3 C3 92 EC             JP    LBL39
 655  ECA6 BB           LBL40:  CP    E
 656  ECA7 CA AD EC             JP    Z,LBL41
 657  ECAA 7E                   LD    A,(HL)
 658  ECAB 02                   LD    (BC),A
 659  ECAC 03                   INC   BC
 660  ECAD 0B           LBL41:  DEC   BC
 661  ECAE 69                   LD    L,C
 662  ECAF 60                   LD    H,B
 663  ECB0 22 57 E8             LD    (VAR2),HL
 664  ECB3 D1                   POP   DE
 665  ECB4 C9                   RET
 666  ECB5 D5           LBL42:  PUSH  DE
 667  ECB6 CD 0F F2             CALL  SUB39
 668  ECB9 2A 57 E8             LD    HL,(VAR2)
 669  ECBC 44                   LD    B,H
 670  ECBD 4D                   LD    C,L
 671  ECBE 19                   ADD   HL,DE
 672  ECBF D1                   POP   DE
 673  ECC0 D5                   PUSH  DE
 674  ECC1 E5                   PUSH  HL
 675  ECC2 EB                   EX    DE,HL
 676  ECC3 2A 08 E8             LD    HL,(VAR03)
 677  ECC6 CD 09 F2             CALL  SUB38
 678  ECC9 DA 80 EE             JP    C,LBL71
 679  ECCC E1                   POP   HL
 680  ECCD D1                   POP   DE
 681  ECCE 22 57 E8             LD    (VAR2),HL
 682  ECD1 E5                   PUSH  HL
 683  ECD2 EB                   EX    DE,HL
 684  ECD3 CD 0F F2             CALL  SUB39
 685  ECD6 E3                   EX    (SP),HL
 686  ECD7 13                   INC   DE
 687  ECD8 7B           LBL43:  LD    A,E
 688  ECD9 E6 FC                AND   0FCH          ; 252
 689  ECDB B2                   OR    D
 690  ECDC CA F6 EC             JP    Z,LBL44
 691  ECDF 0A                   LD    A,(BC)
 692  ECE0 77                   LD    (HL),A
 693  ECE1 2B                   DEC   HL
 694  ECE2 0B                   DEC   BC
 695  ECE3 1B                   DEC   DE
 696  ECE4 0A                   LD    A,(BC)
 697  ECE5 77                   LD    (HL),A
 698  ECE6 2B                   DEC   HL
 699  ECE7 0B                   DEC   BC
 700  ECE8 1B                   DEC   DE
 701  ECE9 0A                   LD    A,(BC)
 702  ECEA 77                   LD    (HL),A
 703  ECEB 2B                   DEC   HL
 704  ECEC 0B                   DEC   BC
 705  ECED 1B                   DEC   DE
 706  ECEE 0A                   LD    A,(BC)
 707  ECEF 77                   LD    (HL),A
 708  ECF0 2B                   DEC   HL
 709  ECF1 0B                   DEC   BC
 710  ECF2 1B                   DEC   DE
 711  ECF3 C3 D8 EC             JP    LBL43
 712  ECF6 7B           LBL44:  LD    A,E
 713  ECF7 B7                   OR    A
 714  ECF8 CA 03 ED             JP    Z,LBL46
 715  ECFB 0A           LBL45:  LD    A,(BC)
 716  ECFC 77                   LD    (HL),A
 717  ECFD 2B                   DEC   HL
 718  ECFE 0B                   DEC   BC
 719  ECFF 1D                   DEC   E
 720  ED00 C2 FB EC             JP    NZ,LBL45
 721  ED03 D1           LBL46:  POP   DE
 722  ED04 C9                   RET
 723  ED05
 724  ED05              keyHandler_Tab:
 725  ED05 CD F8 F1             CALL  SUB36
 726  ED08 CA 38 ED             JP    Z,LBL51
 727  ED0B 21 01 00             LD    HL,0001H    ; 1
 728  ED0E CD E7 EB             CALL  SUB14
 729  ED11 5D                   LD    E,L
 730  ED12 21 63 E8             LD    HL,REF7             ; 53347
 731  ED15 0E 03                LD    C,03H         ; 3
 732  ED17 AF                   XOR   A
 733  ED18 0D           LBL47:  DEC   C
 734  ED19 CA 30 ED             JP    Z,LBL50
 735  ED1C 86                   ADD   A,(HL)
 736  ED1D BB                   CP    E
 737  ED1E 23                   INC   HL
 738  ED1F DA 18 ED             JP    C,LBL47
 739  ED22 FE 3E        LBL48:  CP    3EH           ; 62 '>'; [2]
 740  ED24 DA 29 ED             JP    C,LBL49
 741  ED27 3E 3E                LD    A,3EH         ; 62 '>'
 742  ED29 6F           LBL49:  LD    L,A           ; [3]
 743  ED2A 87                   ADD   A,A
 744  ED2B 85                   ADD   A,L
 745  ED2C 32 FD 8F             LD    (bios_vars.cursorY+1),A
 746  ED2F C9                   RET
 747  ED30 86           LBL50:  ADD   A,(HL)                ; [2]
 748  ED31 BB                   CP    E
 749  ED32 DA 30 ED             JP    C,LBL50
 750  ED35 C3 22 ED             JP    LBL48
 751  ED38 21 00 00     LBL51:  LD    HL,0000H
 752  ED3B CD E7 EB             CALL  SUB14
 753  ED3E 5D                   LD    E,L
 754  ED3F 21 63 E8             LD    HL,REF7             ; 53347
 755  ED42 0E 03                LD    C,03H         ; 3
 756  ED44 AF                   XOR   A
 757  ED45 0D           LBL52:  DEC   C
 758  ED46 CA 54 ED             JP    Z,LBL53
 759  ED49 86                   ADD   A,(HL)
 760  ED4A BB                   CP    E
 761  ED4B 23                   INC   HL
 762  ED4C DA 45 ED             JP    C,LBL52
 763  ED4F 2B                   DEC   HL
 764  ED50 96                   SUB   (HL)
 765  ED51 C3 29 ED             JP    LBL49
 766  ED54 86           LBL53:  ADD   A,(HL)                ; [2]
 767  ED55 BB                   CP    E
 768  ED56 DA 54 ED             JP    C,LBL53
 769  ED59 96                   SUB   (HL)
 770  ED5A C3 29 ED             JP    LBL49
 771  ED5D
 772  ED5D              keyHandler_F2:
 773  ED5D CD 26 EC             CALL  SUB15         ; [2]
 774  ED60 2A 06 E8             LD    HL,(VAR01)
 775  ED63 EB                   EX    DE,HL
 776  ED64 2A 55 E8             LD    HL,(VAR1)
 777  ED67 06 16                LD    B,16H         ; 22
 778  ED69 CD 09 F2     LBL55:  CALL  SUB38
 779  ED6C CA 7B ED             JP    Z,LBL56
 780  ED6F CD 28 F1             CALL  SUB35
 781  ED72 E5                   PUSH  HL
 782  ED73 CD 13 F3             CALL  SUB49
 783  ED76 E1                   POP   HL
 784  ED77 05                   DEC   B
 785  ED78 C2 69 ED             JP    NZ,LBL55
 786  ED7B 22 55 E8     LBL56:  LD    (VAR1),HL
 787  ED7E CD 4C EA             CALL  SUB5
 788  ED81 C9                   RET
 789  ED82
 790  ED82              keyHandler_F3:
 791  ED82 CD 26 EC             CALL  SUB15
 792  ED85 2A 55 E8             LD    HL,(VAR1)
 793  ED88 01 19 16             LD    BC,1619H    ; 5657
 794  ED8B 5D           LBL58:  LD    E,L
 795  ED8C 54                   LD    D,H
 796  ED8D CD 21 F2             CALL  SUB42
 797  ED90 7E                   LD    A,(HL)
 798  ED91 3C                   INC   A
 799  ED92 C2 9A ED             JP    NZ,LBL59
 800  ED95 6B                   LD    L,E
 801  ED96 62                   LD    H,D
 802  ED97 C3 A6 ED             JP    LBL60
 803  ED9A E5           LBL59:  PUSH  HL
 804  ED9B CD FD F2             CALL  SUB48
 805  ED9E CC 09 C8             CALL  Z,bios_printChar
 806  EDA1 E1                   POP   HL
 807  EDA2 05                   DEC   B
 808  EDA3 C2 8B ED             JP    NZ,LBL58
 809  EDA6 22 55 E8     LBL60:  LD    (VAR1),HL
 810  EDA9 CD 4C EA             CALL  SUB5
 811  EDAC C9                   RET
 812  EDAD
 813  EDAD              keyHandler_Esc_End:
 814  EDAD CD FD F2             CALL  SUB48
 815  EDB0 C2 AD ED             JP    NZ,keyHandler_Esc_End
 816  EDB3 2A 59 E8             LD    HL,(VAR3)
 817  EDB6 22 55 E8             LD    (VAR1),HL
 818  EDB9 3E 08                LD    A,08H         ; 8
 819  EDBB 32 FC 8F             LD    (bios_vars.cursorY),A
 820  EDBE C3 5D ED             JP    keyHandler_F2
 821  EDC1
 822  EDC1              keyHandler_Esc_L:
 823  EDC1 21 74 EE             LD    HL,REF23    ; 54885
 824  EDC4 E5                   PUSH  HL
 825  EDC5 2A 5D E8             LD    HL,(VAR6)
 826  EDC8 7C                   LD    A,H
 827  EDC9 B5                   OR    L
 828  EDCA C2 D3 ED             JP    NZ,LBL62
 829  EDCD CD E1 ED             CALL  SUB17
 830  EDD0 C3 E8 ED             JP    LBL63
 831  EDD3
 832  EDD3 EB           LBL62:  EX    DE,HL
 833  EDD4 2A 59 E8             LD    HL,(VAR3)
 834  EDD7 CD 21 F2             CALL  SUB42
 835  EDDA EB                   EX    DE,HL
 836  EDDB CD 09 F2             CALL  SUB38
 837  EDDE DA E8 ED             JP    C,LBL63
 838  EDE1 2A 59 E8     SUB17:  LD    HL,(VAR3)
 839  EDE4 22 5D E8             LD    (VAR6),HL
 840  EDE7 C9                   RET
 841  EDE8
 842  EDE8 2A 59 E8     LBL63:  LD    HL,(VAR3)   ; [2]
 843  EDEB CD 21 F2             CALL  SUB42
 844  EDEE 22 5F E8             LD    (VAR7),HL
 845  EDF1 C9                   RET
 846  EDF2
 847  EDF2              keyHandler_Esc_D:
 848  EDF2 2A 5D E8             LD    HL,(VAR6)
 849  EDF5 7D                   LD    A,L
 850  EDF6 B4                   OR    H
 851  EDF7 CA 16 F2             JP    Z,Beep4
 852  EDFA EB                   EX    DE,HL
 853  EDFB 2A 59 E8             LD    HL,(VAR3)
 854  EDFE CD D6 EA     LBL64:  CALL  SUB8
 855  EE01 D2 0A EE             JP    NC,LBL65
 856  EE04 CD 28 F1             CALL  SUB35
 857  EE07 C2 FE ED             JP    NZ,LBL64
 858  EE0A 22 59 E8     LBL65:  LD    (VAR3),HL
 859  EE0D 21 00 00             LD    HL,0000H
 860  EE10 22 5D E8             LD    (VAR6),HL
 861  EE13 2A 5F E8             LD    HL,(VAR7)
 862  EE16 D5           LBL66:  PUSH  DE
 863  EE17 CD 0F F2             CALL  SUB39
 864  EE1A 42                   LD    B,D
 865  EE1B 4B                   LD    C,E
 866  EE1C EB                   EX    DE,HL
 867  EE1D 2A 55 E8             LD    HL,(VAR1)
 868  EE20 CD 09 F2             CALL  SUB38
 869  EE23 DA 2A EE             JP    C,LBL67
 870  EE26 09                   ADD   HL,BC
 871  EE27 22 55 E8             LD    (VAR1),HL
 872  EE2A 2A 59 E8     LBL67:  LD    HL,(VAR3)
 873  EE2D CD 09 F2             CALL  SUB38
 874  EE30 DA 37 EE             JP    C,LBL68
 875  EE33 09                   ADD   HL,BC
 876  EE34 22 59 E8             LD    (VAR3),HL
 877  EE37 EB           LBL68:  EX    DE,HL
 878  EE38 D1                   POP   DE
 879  EE39 CD 58 EC             CALL  SUB16
 880  EE3C CD 7A F3             CALL  SUB52
 881  EE3F 3A FC 8F             LD    A,(bios_vars.cursorY)
 882  EE42 D6 08                SUB   08H           ; 8
 883  EE44 47                   LD    B,A
 884  EE45 CA 55 EE             JP    Z,LBL70
 885  EE48 CD 28 F1     LBL69:  CALL  SUB35
 886  EE4B CC 5B EE             CALL  Z,SUB18
 887  EE4E 78                   LD    A,B
 888  EE4F D6 0A                SUB   0AH           ; 10
 889  EE51 47                   LD    B,A
 890  EE52 C2 48 EE             JP    NZ,LBL69
 891  EE55 22 55 E8     LBL70:  LD    (VAR1),HL
 892  EE58 C3 4C EA             JP    SUB5
 893  EE5B E5           SUB18:  PUSH  HL
 894  EE5C CD FD F2             CALL  SUB48
 895  EE5F E1                   POP   HL
 896  EE60 C0                   RET   NZ
 897  EE61 0E 19                LD    C,19H         ; 25
 898  EE63 C3 09 C8             JP    bios_printChar
 899  EE66
 900  EE66              keyHandler_Esc_U:
 901  EE66 2A 5D E8             LD    HL,(VAR6)
 902  EE69 11 00 00             LD    DE,0000H
 903  EE6C CD 09 F2             CALL  SUB38
 904  EE6F C8                   RET   Z
 905  EE70 EB                   EX    DE,HL
 906  EE71 22 5D E8             LD    (VAR6),HL
 907  EE74 CD 2C F2     REF23:  CALL  SUB43
 908  EE77 2A 55 E8             LD    HL,(VAR1)
 909  EE7A CD 2E EA             CALL  SUB3
 910  EE7D C3 35 F2             JP    SUB44
 911  EE80 21 67 E8     LBL71:  LD    HL,REF8             ; 53351; [2]
 912  EE83 CD 18 C8             CALL  bios_printString
 913  EE86 CD 16 F2             CALL  Beep4
 914  EE89 CD 03 C8             CALL  bios_getch
 915  EE8C C3 DD E8             JP    LBL5
 916  EE8F
 917  EE8F              keyHandler_Esc_O:
 918  EE8F 21 7A E8             LD    HL,REF9             ; 53370
 919  EE92 CD 18 C8             CALL  bios_printString
 920  EE95 CD 2A F0             CALL  SUB33
 921  EE98 C2 18 EA             JP    NZ,SUB1
 922  EE9B 2A 06 E8             LD    HL,(VAR01)
 923  EE9E CD 19 F0             CALL  SUB32
 924  EEA1 C5                   PUSH  BC
 925  EEA2 D5                   PUSH  DE
 926  EEA3 CD F1 EE             CALL  SUB19
 927  EEA6 E3                   EX    (SP),HL
 928  EEA7 EB                   EX    DE,HL
 929  EEA8 21 0A E8             LD    HL,LBL2
 930  EEAB 3E E6                LD    A,0E6H
 931  EEAD 06 05                LD    B,05H
 932  EEAF CD 1B EF     LBL72:  CALL  SUB24
 933  EEB2 05                   DEC   B
 934  EEB3 C2 AF EE             JP    NZ,LBL72
 935  EEB6 7E           LBL73:  LD    A,(HL)
 936  EEB7 CD 1B EF             CALL  SUB24
 937  EEBA B7                   OR    A
 938  EEBB CA C2 EE             JP    Z,LBL74
 939  EEBE 23                   INC   HL
 940  EEBF C3 B6 EE             JP    LBL73
 941  EEC2 CD 00 EF     LBL74:  CALL  SUB20
 942  EEC5 D1                   POP   DE
 943  EEC6 3A 06 E8             LD    A,(VAR01)
 944  EEC9 2F                   cpl
 945  EECA 3C                   INC   A
 946  EECB 6F                   LD    L,A
 947  EECC 3A 07 E8             LD    A,(VAR02)
 948  EECF 2F                   cpl
 949  EED0 3C                   INC   A
 950  EED1 67                   LD    H,A
 951  EED2 19                   ADD   HL,DE
 952  EED3 3E E6                LD    A,0E6H
 953  EED5 CD 1B EF             CALL  SUB24
 954  EED8 7D                   LD    A,L
 955  EED9 2F                   cpl
 956  EEDA CD 1B EF             CALL  SUB24
 957  EEDD 7C                   LD    A,H
 958  EEDE 2F                   cpl
 959  EEDF 2A 06 E8             LD    HL,(VAR01)
 960  EEE2 CD 0D EF             CALL  SUB23
 961  EEE5 C1                   POP   BC
 962  EEE6 79                   LD    A,C
 963  EEE7 CD 1B EF             CALL  SUB24
 964  EEEA 78                   LD    A,B
 965  EEEB CD 1B EF             CALL  SUB24
 966  EEEE C3 18 EA             JP    SUB1
 967  EEF1 16 04        SUB19:  LD    D,04H         ; 4
 968  EEF3 AF                   XOR   A
 969  EEF4 1E 40        LBL75:  LD    E,40H         ; 64 '@'
 970  EEF6 EE 55                XOR   55H           ; 85 'U'
 971  EEF8 CD 05 EF             CALL  SUB22
 972  EEFB 15                   DEC   D
 973  EEFC C2 F4 EE             JP    NZ,LBL75
 974  EEFF C9                   RET
 975  EF00 CD 03 EF     SUB20:  CALL  SUB21
 976  EF03 AF           SUB21:  XOR   A
 977  EF04 5F                   LD    E,A
 978  EF05 CD 1B EF     SUB22:  CALL  SUB24         ; [2]
 979  EF08 1D                   DEC   E
 980  EF09 C2 05 EF             JP    NZ,SUB22
 981  EF0C C9                   RET
 982  EF0D CD 1B EF     SUB23:  CALL  SUB24         ; [2]
 983  EF10 CD 09 F2             CALL  SUB38
 984  EF13 7E                   LD    A,(HL)
 985  EF14 23                   INC   HL
 986  EF15 C2 0D EF             JP    NZ,SUB23
 987  EF18 C3 1B EF             JP    SUB24
 988  EF1B 4F           SUB24:  LD    C,A           ; [9]
 989  EF1C C3 0C C8             JP    bios_tapeWrite
 990  EF1F
 991  EF1F              keyHandler_Esc_I:
 992  EF1F 06 00                LD    B,00H
 993  EF21
 994  EF21 78           LBL76:  LD    A,B           ; [2]
 995  EF22 32 66 E8             LD    (VAR9),A
 996  EF25 21 00 00             LD    HL,0000H
 997  EF28 22 5D E8             LD    (VAR6),HL
 998  EF2B 21 7A E8             LD    HL,REF9             ; 53370
 999  EF2E CD 18 C8             CALL  bios_printString
1000  EF31 CD 2A F0             CALL  SUB33
1001  EF34 C2 18 EA             JP    NZ,SUB1
1002  EF37 CD E4 EF             CALL  SUB31
1003  EF3A E5                   PUSH  HL
1004  EF3B CD DF EF     LBL77:  CALL  SUB30
1005  EF3E 47                   LD    B,A
1006  EF3F 3A 66 E8             LD    A,(VAR9)
1007  EF42 3C                   INC   A
1008  EF43 C2 4B EF             JP    NZ,LBL78
1009  EF46 78                   LD    A,B
1010  EF47 BE                   CP    (HL)
1011  EF48 C2 6B EF             JP    NZ,LBL79
1012  EF4B 70           LBL78:  LD    (HL),B
1013  EF4C 23                   INC   HL
1014  EF4D 04                   INC   B
1015  EF4E C2 3B EF             JP    NZ,LBL77
1016  EF51 3E 08                LD    A,08H
1017  EF53 CD BF EF             CALL  SUB28
1018  EF56 E1                   POP   HL
1019  EF57 C5                   PUSH  BC
1020  EF58 CD 19 F0             CALL  SUB32
1021  EF5B E3                   EX    (SP),HL
1022  EF5C 50                   LD    D,B
1023  EF5D 59                   LD    E,C
1024  EF5E CD 09 F2             CALL  SUB38
1025  EF61 C2 6B EF             JP    NZ,LBL79
1026  EF64 E1                   POP   HL
1027  EF65 22 57 E8             LD    (VAR2),HL
1028  EF68 C3 09 EA             JP    keyHandler_Esc_Home
1029  EF6B
1030  EF6B E1           LBL79:  POP   HL
1031  EF6C 21 88 E8             LD    HL,REF12
1032  EF6F CD 18 C8             CALL  bios_printString
1033  EF72 CD 16 F2             CALL  Beep4
1034  EF75 CD 03 C8             CALL  bios_getch
1035  EF78 2A 57 E8             LD    HL,(VAR2)
1036  EF7B 36 FF                LD    (HL),0FFH
1037  EF7D C3 09 EA             JP    keyHandler_Esc_Home
1038  EF80
1039  EF80 21 1A E8     SUB25:  LD    HL,SMC6+1 ; тут адрес перехода в п/п LBL3
1040  EF83 CD CC EF             CALL  SUB29
1041  EF86 CD DF EF     LBL80:  CALL  SUB30
1042  EF89 77                   LD    (HL),A
1043  EF8A B7                   OR    A
1044  EF8B CA 92 EF             JP    Z,LBL81
1045  EF8E 23                   INC   HL
1046  EF8F C3 86 EF             JP    LBL80
1047  EF92
1048  EF92 21 7B E8     LBL81:  LD    HL,REF10
1049  EF95 CD 18 C8             CALL  bios_printString
1050  EF98 21 1A E8             LD    HL,SMC6+1 ; тут адрес перехода в п/п LBL3
1051  EF9B E5                   PUSH  HL
1052  EF9C CD 18 C8             CALL  bios_printString
1053  EF9F CD B0 EF             CALL  SUB26
1054  EFA2 E1                   POP   HL
1055  EFA3 11 0A E8             LD    DE,LBL2
1056  EFA6 1A           LBL82:  LD    A,(DE)
1057  EFA7 B7                   OR    A
1058  EFA8 C8                   RET   Z
1059  EFA9 BE                   CP    (HL)
1060  EFAA 23                   INC   HL
1061  EFAB 13                   INC   DE
1062  EFAC CA A6 EF             JP    Z,LBL82
1063  EFAF C9                   RET
1064  EFB0 21 00 00     SUB26:  LD    HL,0000H
1065  EFB3 5D                   LD    E,L
1066  EFB4 54                   LD    D,H
1067  EFB5 2B           LBL83:  DEC   HL
1068  EFB6 CD 09 F2             CALL  SUB38
1069  EFB9 C8                   RET   Z
1070  EFBA C3 B5 EF             JP    LBL83
1071  EFBD 3E FF        SUB27:  LD    A,0FFH
1072  EFBF CD 06 C8     SUB28:  CALL  bios_tapeRead
1073  EFC2 4F                   LD    C,A
1074  EFC3 CD DF EF             CALL  SUB30
1075  EFC6 47                   LD    B,A
1076  EFC7 C9                   RET
1077  EFC8 AF           LBL84:  XOR   A
1078  EFC9 32 F3 8F             LD    (bios_vars.tapeInverse),A
1079  EFCC
1080  EFCC 06 04        SUB29:  LD    B,04H
1081  EFCE 3E FF                LD    A,0FFH
1082  EFD0 CD 06 C8     LBL85:  CALL  bios_tapeRead
1083  EFD3 FE E6                CP    0E6H
1084  EFD5 C2 C8 EF             JP    NZ,LBL84
1085  EFD8 05                   DEC   B
1086  EFD9 3E 08                LD    A,08H
1087  EFDB C2 D0 EF             JP    NZ,LBL85
1088  EFDE C9                   RET
1089  EFDF
1090  EFDF 3E 08        SUB30:  LD    A,08H
1091  EFE1 C3 06 C8             JP    bios_tapeRead
1092  EFE4
1093  EFE4 CD 80 EF     SUB31:  CALL  SUB25
1094  EFE7 C2 E4 EF             JP    NZ,SUB31
1095  EFEA CD BD EF             CALL  SUB27
1096  EFED 2A 06 E8             LD    HL,(VAR01)
1097  EFF0 3A 66 E8             LD    A,(VAR9)
1098  EFF3 3D                   DEC   A
1099  EFF4 FA FA EF             JP    M,LBL86
1100  EFF7 2A 57 E8             LD    HL,(VAR2)
1101  EFFA 78           LBL86:  LD    A,B
1102  EFFB 2F                   cpl
1103  EFFC 47                   LD    B,A
1104  EFFD 79                   LD    A,C
1105  EFFE 2F                   cpl
1106  EFFF 4F                   LD    C,A
1107  F000 E5                   PUSH  HL
1108  F001 EB                   EX    DE,HL
1109  F002 2A 08 E8             LD    HL,(VAR03)
1110  F005 EB                   EX    DE,HL
1111  F006 09                   ADD   HL,BC
1112  F007 CD 09 F2             CALL  SUB38
1113  F00A E1                   POP   HL
1114  F00B D8                   RET   C
1115  F00C C3 80 EE             JP    LBL71
1116  F00F
1117  F00F              keyHandler_Esc_V:
1118  F00F 06 FF                LD    B,0FFH                ; 255
1119  F011 C3 21 EF             JP    LBL76
1120  F014
1121  F014              keyHandler_Esc_G:
1122  F014 06 01                LD    B,01H         ; 1
1123  F016 C3 21 EF             JP    LBL76
1124  F019
1125  F019 01 00 00     SUB32:  LD    BC,0000H    ; [2]
1126  F01C 7E           LBL87:  LD    A,(HL)
1127  F01D FE FF                CP    0FFH          ; 255
1128  F01F C8                   RET   Z
1129  F020 81                   ADD   A,C
1130  F021 4F                   LD    C,A
1131  F022 3E 00                LD    A,00H
1132  F024 88                   ADC   A,B
1133  F025 47                   LD    B,A
1134  F026 23                   INC   HL
1135  F027 C3 1C F0             JP    LBL87
1136  F02A 06 30        SUB33:  LD    B,30H         ; 48 '0'; [2]
1137  F02C 21 0A E8             LD    HL,LBL2             ; 53258
1138  F02F 5D                   LD    E,L
1139  F030 54                   LD    D,H
1140  F031 CD 03 C8     LBL88:  CALL  bios_getch          ; [5]
1141  F034 FE 20        SUB34:  CP    20H           ; 32 ' '
1142  F036 DA 53 F0             JP    C,LBL90
1143  F039 05                   DEC   B
1144  F03A C2 41 F0             JP    NZ,LBL89
1145  F03D 04                   INC   B
1146  F03E C3 31 F0             JP    LBL88
1147  F041 4F           LBL89:  LD    C,A
1148  F042 CD 09 C8             CALL  bios_printChar
1149  F045 77                   LD    (HL),A
1150  F046 23                   INC   HL
1151  F047 C3 31 F0             JP    LBL88
1152  F04A 01 20 2A             LD    BC,2A20H    ; 10784
1153  F04D CD 1D EB             CALL  keyHandler_Home
1154  F050 C3 19 F2             JP    TypeCharCtimesB
1155  F053 FE 1F        LBL90:  CP    1FH           ; 31
1156  F055 C2 5A F0             JP    NZ,LBL91
1157  F058 B7                   OR    A
1158  F059 C9                   RET
1159  F05A FE 08        LBL91:  CP    08H           ; 8
1160  F05C C2 72 F0             JP    NZ,LBL92
1161  F05F CD 09 F2             CALL  SUB38
1162  F062 CA 31 F0             JP    Z,LBL88
1163  F065 E5                   PUSH  HL
1164  F066 21 84 E8             LD    HL,REF11    ; 53380
1165  F069 CD 18 C8             CALL  bios_printString
1166  F06C E1                   POP   HL
1167  F06D 2B                   DEC   HL
1168  F06E 04                   INC   B
1169  F06F C3 31 F0             JP    LBL88
1170  F072 FE 0D        LBL92:  CP    0DH           ; 13
1171  F074 C2 31 F0             JP    NZ,LBL88
1172  F077 AF                   XOR   A
1173  F078 77                   LD    (HL),A
1174  F079 C9                   RET
1175  F07A
1176  F07A              keyHandler_F7:
1177  F07A CD 26 EC             CALL  SUB15
1178  F07D 21 F9 06             LD    HL,06F9H    ; 1785
1179  F080 22 FC 8F             LD    (bios_vars.cursorY),HL
1180  F083 CD 68 F4             CALL  SUB56
1181  F086 21 93 E8             LD    HL,REF13    ; 53395
1182  F089 CD 18 C8             CALL  bios_printString
1183  F08C 21 F9 1E             LD    HL,1EF9H    ; 7929
1184  F08F 22 FC 8F             LD    (bios_vars.cursorY),HL
1185  F092 CD 03 C8             CALL  bios_getch
1186  F095 FE 0D                CP    0DH           ; 13
1187  F097 CA B5 F0             JP    Z,LBL93
1188  F09A 01 20 10             LD    BC,1020H    ; 4128
1189  F09D CD 19 F2             CALL  TypeCharCtimesB
1190  F0A0 22 FC 8F             LD    (bios_vars.cursorY),HL
1191  F0A3 21 9B E8             LD    HL,REF14    ; 53403
1192  F0A6 5D                   LD    E,L
1193  F0A7 54                   LD    D,H
1194  F0A8 06 0F                LD    B,0FH         ; 15
1195  F0AA CD 34 F0             CALL  SUB34
1196  F0AD F5                   PUSH  AF
1197  F0AE CD 71 F4             CALL  SUB57
1198  F0B1 F1                   POP   AF
1199  F0B2 C2 18 EA             JP    NZ,SUB1
1200  F0B5 CD 71 F4     LBL93:  CALL  SUB57
1201  F0B8 2A 55 E8             LD    HL,(VAR1)
1202  F0BB CD 21 F2             CALL  SUB42
1203  F0BE 11 9B E8     LBL94:  LD    DE,REF14    ; 53403
1204  F0C1 46           LBL95:  LD    B,(HL)
1205  F0C2 1A                   LD    A,(DE)
1206  F0C3 B7                   OR    A
1207  F0C4 CA D7 F0             JP    Z,LBL96
1208  F0C7 B8                   CP    B
1209  F0C8 23                   INC   HL
1210  F0C9 13                   INC   DE
1211  F0CA CA C1 F0             JP    Z,LBL95
1212  F0CD 04                   INC   B
1213  F0CE C2 BE F0             JP    NZ,LBL94
1214  F0D1 CD 16 F2             CALL  Beep4
1215  F0D4 C3 09 EA             JP    keyHandler_Esc_Home
1216  F0D7 CD 28 F1     LBL96:  CALL  SUB35
1217  F0DA 22 55 E8             LD    (VAR1),HL
1218  F0DD 22 59 E8             LD    (VAR3),HL
1219  F0E0 CD 7A F3             CALL  SUB52
1220  F0E3 C3 18 EA             JP    SUB1
1221  F0E6
1222  F0E6              keyHandler_Esc_J:
1223  F0E6 CD 60 EB             CALL  SUB12
1224  F0E9 CD 54 EB             CALL  SUB10
1225  F0EC 2A 59 E8             LD    HL,(VAR3)
1226  F0EF CD 21 F2             CALL  SUB42
1227  F0F2 7E                   LD    A,(HL)
1228  F0F3 3C                   INC   A
1229  F0F4 C8                   RET   Z
1230  F0F5 2B                   DEC   HL
1231  F0F6 36 20                LD    (HL),20H    ; 32 ' '
1232  F0F8 23                   INC   HL
1233  F0F9 4D                   LD    C,L
1234  F0FA 44                   LD    B,H
1235  F0FB 21 47 E8             LD    HL,REF3             ; 53319
1236  F0FE CD 09 F2     LBL97:  CALL  SUB38
1237  F101 DA 49 EA             JP    C,LBL15
1238  F104 0A                   LD    A,(BC)
1239  F105 FE 0D                CP    0DH           ; 13
1240  F107 CA 49 EA             JP    Z,LBL15
1241  F10A FE FF                CP    0FFH          ; 255
1242  F10C CA 49 EA             JP    Z,LBL15
1243  F10F 12                   LD    (DE),A
1244  F110 13                   INC   DE
1245  F111 03                   INC   BC
1246  F112 C3 FE F0             JP    LBL97
1247  F115
1248  F115              keyHandler_Esc_S:
1249  F115 2A 59 E8             LD    HL,(VAR3)
1250  F118 CD E7 EB             CALL  SUB14
1251  F11B 5D                   LD    E,L
1252  F11C 54                   LD    D,H
1253  F11D 13                   INC   DE
1254  F11E E5                   PUSH  HL
1255  F11F CD 58 EC             CALL  SUB16
1256  F122 E1                   POP   HL
1257  F123 36 0D                LD    (HL),0DH    ; 13
1258  F125 C3 4C EA             JP    SUB5
1259  F128
1260  F128 D5           SUB35:  PUSH  DE            ; [6]
1261  F129 EB                   EX    DE,HL
1262  F12A 2A 06 E8             LD    HL,(VAR01)
1263  F12D EB                   EX    DE,HL
1264  F12E CD 09 F2             CALL  SUB38
1265  F131 CA 4C F1             JP    Z,LBL101
1266  F134 2B                   DEC   HL
1267  F135 CD 09 F2             CALL  SUB38
1268  F138 CA 4A F1             JP    Z,LBL100
1269  F13B 2B                   DEC   HL
1270  F13C 7E           LBL98:  LD    A,(HL)
1271  F13D FE 0D                CP    0DH           ; 13
1272  F13F CA 49 F1             JP    Z,LBL99
1273  F142 CD 09 F2             CALL  SUB38
1274  F145 2B                   DEC   HL
1275  F146 C2 3C F1             JP    NZ,LBL98
1276  F149
1277  F149 23           LBL99:  INC   HL
1278  F14A AF           LBL100: XOR   A
1279  F14B 3C                   INC   A
1280  F14C
1281  F14C D1           LBL101: POP   DE
1282  F14D C9                   RET
1283  F14E
1284  F14E              keyHandler_Esc_C:
1285  F14E 2A 5F E8             LD    HL,(VAR7)
1286  F151 EB                   EX    DE,HL
1287  F152 2A 5D E8             LD    HL,(VAR6)
1288  F155 7C                   LD    A,H
1289  F156 B5                   OR    L
1290  F157 CA 16 F2             JP    Z,Beep4
1291  F15A CD 0F F2             CALL  SUB39
1292  F15D 2A 59 E8             LD    HL,(VAR3)
1293  F160 CD D6 EA             CALL  SUB8
1294  F163 F5                   PUSH  AF
1295  F164 CD 21 F2             CALL  SUB42
1296  F167 F1                   POP   AF
1297  F168 DC D6 EA             CALL  C,SUB8
1298  F16B DA 16 F2             JP    C,Beep4
1299  F16E E5                   PUSH  HL
1300  F16F EB                   EX    DE,HL
1301  F170 19                   ADD   HL,DE
1302  F171 EB                   EX    DE,HL
1303  F172 CD 58 EC             CALL  SUB16
1304  F175 2A 5D E8             LD    HL,(VAR6)
1305  F178 4D                   LD    C,L
1306  F179 44                   LD    B,H
1307  F17A E1                   POP   HL
1308  F17B CD FE F1             CALL  SUB37
1309  F17E C3 4C EA             JP    SUB5
1310  F181
1311  F181              keyHandler_Esc_M:
1312  F181 2A 5F E8             LD    HL,(VAR7)
1313  F184 EB                   EX    DE,HL
1314  F185 2A 5D E8             LD    HL,(VAR6)
1315  F188 7C                   LD    A,H
1316  F189 B5                   OR    L
1317  F18A CA 16 F2             JP    Z,Beep4
1318  F18D CD 0F F2             CALL  SUB39
1319  F190 2A 59 E8             LD    HL,(VAR3)
1320  F193 CD D6 EA             CALL  SUB8
1321  F196 DA 16 F2             JP    C,Beep4
1322  F199 CD 21 F2             CALL  SUB42
1323  F19C E5                   PUSH  HL
1324  F19D EB                   EX    DE,HL
1325  F19E 19                   ADD   HL,DE
1326  F19F EB                   EX    DE,HL
1327  F1A0 C1                   POP   BC
1328  F1A1 D5                   PUSH  DE
1329  F1A2 E5                   PUSH  HL
1330  F1A3 C5                   PUSH  BC
1331  F1A4 CD 58 EC             CALL  SUB16
1332  F1A7 2A 5D E8             LD    HL,(VAR6)
1333  F1AA 4D                   LD    C,L
1334  F1AB 44                   LD    B,H
1335  F1AC E1                   POP   HL
1336  F1AD CD FE F1             CALL  SUB37
1337  F1B0 2A 5D E8             LD    HL,(VAR6)
1338  F1B3 EB                   EX    DE,HL
1339  F1B4 E1                   POP   HL
1340  F1B5 22 5D E8             LD    (VAR6),HL
1341  F1B8 2A 5F E8             LD    HL,(VAR7)
1342  F1BB E3                   EX    (SP),HL
1343  F1BC 22 5F E8             LD    (VAR7),HL
1344  F1BF E1                   POP   HL
1345  F1C0 C3 16 EE             JP    LBL66
1346  F1C3
1347  F1C3              keyHandler_Esc_N:
1348  F1C3 21 AB E8             LD    HL,txtNew    ; 53419
1349  F1C6 CD 18 C8             CALL  bios_printString
1350  F1C9 CD 03 C8             CALL  bios_getch
1351  F1CC FE 59                CP    59H           ; 89 'Y'
1352  F1CE C2 18 EA             JP    NZ,SUB1
1353  F1D1 2A 06 E8             LD    HL,(VAR01)
1354  F1D4 36 0D                LD    (HL),0DH    ; 13
1355  F1D6 23                   INC   HL
1356  F1D7 36 FF                LD    (HL),0FFH   ; 255
1357  F1D9 22 57 E8             LD    (VAR2),HL
1358  F1DC C3 09 EA             JP    keyHandler_Esc_Home
1359  F1DF
1360  F1DF              keyHandler_F8:
1361  F1DF AF                   XOR   A
1362  F1E0 32 5B E8             LD    (VAR4),A
1363  F1E3 CD 2C F2             CALL  SUB43
1364  F1E6 CD 1D EB             CALL  keyHandler_Home
1365  F1E9 01 20 3F             LD    BC,3F20H    ; 16160
1366  F1EC CD 19 F2             CALL  TypeCharCtimesB
1367  F1EF 2A 59 E8             LD    HL,(VAR3)
1368  F1F2 CD A8 EA             CALL  SUB7
1369  F1F5 C3 35 F2             JP    SUB44
1370  F1F8 3A E1 FF     SUB36:  LD    A,(IO_KEYB_B) ; [3]
1371  F1FB E6 02                AND   02H           ; 2
1372  F1FD C9                   RET
1373  F1FE 0A           SUB37:  LD    A,(BC)        ; [5]
1374  F1FF 77                   LD    (HL),A
1375  F200 23                   INC   HL
1376  F201 03                   INC   BC
1377  F202 CD 09 F2             CALL  SUB38
1378  F205 C2 FE F1             JP    NZ,SUB37
1379  F208 C9                   RET
1380  F209 7C           SUB38:  LD    A,H           ; [34]
1381  F20A BA                   CP    D
1382  F20B C0                   RET   NZ
1383  F20C 7D                   LD    A,L
1384  F20D BB                   CP    E
1385  F20E C9                   RET
1386  F20F 7B           SUB39:  LD    A,E           ; [9]
1387  F210 95                   SUB   L
1388  F211 5F                   LD    E,A
1389  F212 7A                   LD    A,D
1390  F213 9C                   SBC   A,H
1391  F214 57                   LD    D,A
1392  F215 C9                   RET
1393  F216
1394  F216                      ; Звуковой сигнал 4 раза через п/п печати символа 07h
1395  F216              Beep4:
1396  F216 01 07 04             LD    BC,0407H      ; b = счетчик цикла, c = код символа
1397  F219
1398  F219                      ; Печать b раз символа с кодом c
1399  F219              TypeCharCtimesB:
1400  F219 CD 09 C8             CALL  bios_printChar
1401  F21C 05                   DEC   B
1402  F21D C2 19 F2             JP    NZ,TypeCharCtimesB
1403  F220 C9                   RET
1404  F221
1405  F221 7E           SUB42:  LD    A,(HL)                ; [11]
1406  F222 FE FF                CP    0FFH          ; 255
1407  F224 C8                   RET   Z
1408  F225 FE 0D                CP    0DH           ; 13
1409  F227 23                   INC   HL
1410  F228 C2 21 F2             JP    NZ,SUB42
1411  F22B C9                   RET
1412  F22C E5           SUB43:  PUSH  HL            ; [7]
1413  F22D 2A FC 8F             LD    HL,(bios_vars.cursorY)
1414  F230 22 37 F2             LD    (SMC2+1),HL
1415  F233 E1                   POP   HL
1416  F234 C9                   RET
1417  F235 E5           SUB44:  PUSH  HL            ; [7]
1418  F236 21 00 00     SMC2:   LD    HL,0000H
1419  F239 22 FC 8F             LD    (bios_vars.cursorY),HL
1420  F23C E1                   POP   HL
1421  F23D C9                   RET
1422  F23E CD DA F3     LBL103: CALL  SUB54
1423  F241 CD 28 F1             CALL  SUB35
1424  F244 22 59 E8             LD    (VAR3),HL
1425  F247 22 55 E8             LD    (VAR1),HL
1426  F24A CD 7A F3             CALL  SUB52
1427  F24D CD 97 F3             CALL  SUB53
1428  F250 CD 2E EA             CALL  SUB3
1429  F253 CD 03 C8             CALL  bios_getch
1430  F256 F5                   PUSH  AF
1431  F257 21 F9 06             LD    HL,06F9H    ; 1785
1432  F25A 22 FC 8F             LD    (bios_vars.cursorY),HL
1433  F25D 01 20 30             LD    BC,3020H    ; 12320
1434  F260 CD 19 F2             CALL  TypeCharCtimesB
1435  F263 CD 41 EA             CALL  SUB4
1436  F266 F1                   POP   AF
1437  F267 21 24 E9             LD    HL,REF21    ; 53535
1438  F26A E5                   PUSH  HL
1439  F26B C3 57 E9             JP    keyInput2
1440  F26E 26 90        SUB45:  LD    H,90H         ; 144
1441  F270 54                   LD    D,H
1442  F271 0E 39        LBL104: LD    C,39H         ; 57 '9'
1443  F273 2E 01                LD    L,01H         ; 1
1444  F275 1E 0B                LD    E,0BH         ; 11
1445  F277 1A           LBL105: LD    A,(DE)
1446  F278 77                   LD    (HL),A
1447  F279 23                   INC   HL
1448  F27A 13                   INC   DE
1449  F27B 1A                   LD    A,(DE)
1450  F27C 77                   LD    (HL),A
1451  F27D 23                   INC   HL
1452  F27E 13                   INC   DE
1453  F27F 1A                   LD    A,(DE)
1454  F280 77                   LD    (HL),A
1455  F281 23                   INC   HL
1456  F282 13                   INC   DE
1457  F283 1A                   LD    A,(DE)
1458  F284 77                   LD    (HL),A
1459  F285 23                   INC   HL
1460  F286 13                   INC   DE
1461  F287 0D                   DEC   C
1462  F288 C2 77 F2             JP    NZ,LBL105
1463  F28B 0E 0A                LD    C,0AH         ; 10
1464  F28D AF                   XOR   A
1465  F28E 77           LBL106: LD    (HL),A
1466  F28F 23                   INC   HL
1467  F290 0D                   DEC   C
1468  F291 C2 8E F2             JP    NZ,LBL106
1469  F294 7C                   LD    A,H
1470  F295 FE BF                CP    0BFH          ; 191
1471  F297 C8                   RET   Z
1472  F298 24                   INC   H
1473  F299 14                   INC   D
1474  F29A C3 71 F2             JP    LBL104
1475  F29D 3A FC 8F     SUB46:  LD    A,(bios_vars.cursorY)  ; [2]
1476  F2A0 6F                   LD    L,A
1477  F2A1 3E EE                LD    A,0EEH                ; 238
1478  F2A3 95                   SUB   L
1479  F2A4 B7                   OR    A
1480  F2A5 1F                   rra
1481  F2A6 32 B3 F2             LD    (SMC3+1),A
1482  F2A9 26 BF                LD    H,0BFH                ; 191
1483  F2AB 54                   LD    D,H
1484  F2AC 06 30                LD    B,30H         ; 48 '0'
1485  F2AE 2E EF        LBL107: LD    L,0EFH                ; 239
1486  F2B0 1E E5                LD    E,0E5H                ; 229
1487  F2B2 3E 00        SMC3:   LD    A,00H
1488  F2B4 4F                   LD    C,A
1489  F2B5 B7                   OR    A
1490  F2B6 CA C5 F2             JP    Z,LBL109
1491  F2B9 1A           LBL108: LD    A,(DE)
1492  F2BA 77                   LD    (HL),A
1493  F2BB 2B                   DEC   HL
1494  F2BC 1B                   DEC   DE
1495  F2BD 1A                   LD    A,(DE)
1496  F2BE 77                   LD    (HL),A
1497  F2BF 2B                   DEC   HL
1498  F2C0 1B                   DEC   DE
1499  F2C1 0D                   DEC   C
1500  F2C2 C2 B9 F2             JP    NZ,LBL108
1501  F2C5 0E 09        LBL109: LD    C,09H         ; 9
1502  F2C7 AF                   XOR   A
1503  F2C8 77           LBL110: LD    (HL),A
1504  F2C9 2B                   DEC   HL
1505  F2CA 1B                   DEC   DE
1506  F2CB 0D                   DEC   C
1507  F2CC C2 C8 F2             JP    NZ,LBL110
1508  F2CF 25                   DEC   H
1509  F2D0 54                   LD    D,H
1510  F2D1 05                   DEC   B
1511  F2D2 C2 AE F2             JP    NZ,LBL107
1512  F2D5 C9                   RET
1513  F2D6
1514  F2D6                      ; Обновление стаус бара
1515  F2D6 E5           SUB47:  PUSH  HL
1516  F2D7 2A FC 8F             LD    HL,(bios_vars.cursorY)
1517  F2DA E5                   PUSH  HL
1518  F2DB CD 68 F4             CALL  SUB56
1519  F2DE 21 F9 9D             LD    HL,9DF9H    ; 40441
1520  F2E1 22 FC 8F             LD    (bios_vars.cursorY),HL
1521  F2E4 3A 5C E8             LD    A,(VAR5)
1522  F2E7 B7                   OR    A
1523  F2E8 21 B4 E8             LD    HL,txtIns
1524  F2EB C2 F1 F2             JP    NZ,LBL111
1525  F2EE 21 BE E8             LD    HL,txtOvr
1526  F2F1 CD 18 C8     LBL111: CALL  bios_printString
1527  F2F4 CD 71 F4             CALL  SUB57
1528  F2F7 E1                   POP   HL
1529  F2F8 22 FC 8F             LD    (bios_vars.cursorY),HL
1530  F2FB E1                   POP   HL
1531  F2FC C9                   RET
1532  F2FD
1533  F2FD 2A 59 E8     SUB48:  LD    HL,(VAR3)   ; [5]
1534  F300 CD 21 F2             CALL  SUB42
1535  F303 7E                   LD    A,(HL)
1536  F304 3C                   INC   A
1537  F305 C8                   RET   Z
1538  F306 22 59 E8             LD    (VAR3),HL
1539  F309 2A 61 E8             LD    HL,(VAR8)
1540  F30C 23                   INC   HL
1541  F30D 22 61 E8             LD    (VAR8),HL
1542  F310 AF                   XOR   A
1543  F311 3C                   INC   A
1544  F312 C9                   RET
1545  F313 2A 59 E8     SUB49:  LD    HL,(VAR3)   ; [3]
1546  F316 CD 28 F1             CALL  SUB35
1547  F319 C8                   RET   Z
1548  F31A 22 59 E8             LD    (VAR3),HL
1549  F31D 2A 61 E8             LD    HL,(VAR8)
1550  F320 2B                   DEC   HL
1551  F321 22 61 E8             LD    (VAR8),HL
1552  F324 C9                   RET
1553  F325 D5           SUB50:  PUSH  DE            ; [3]
1554  F326 C5                   PUSH  BC
1555  F327 E5                   PUSH  HL
1556  F328 2A FC 8F             LD    HL,(bios_vars.cursorY)
1557  F32B E5                   PUSH  HL
1558  F32C CD 68 F4             CALL  SUB56
1559  F32F 21 F9 67             LD    HL,67F9H    ; 26617
1560  F332 22 FC 8F             LD    (bios_vars.cursorY),HL
1561  F335 2A 61 E8             LD    HL,(VAR8)
1562  F338 06 20                LD    B,20H         ; 32 ' '
1563  F33A 11 18 FC             LD    DE,0FC18H   ; 64536
1564  F33D CD 66 F3             CALL  SUB51
1565  F340 11 E8 03             LD    DE,03E8H    ; 1000
1566  F343 19                   ADD   HL,DE
1567  F344 11 9C FF             LD    DE,0FF9CH   ; 65436
1568  F347 CD 66 F3             CALL  SUB51
1569  F34A 11 64 00             LD    DE,0064H    ; 100
1570  F34D 19                   ADD   HL,DE
1571  F34E 11 F6 FF             LD    DE,0FFF6H   ; 65526
1572  F351 CD 66 F3             CALL  SUB51
1573  F354 7D                   LD    A,L
1574  F355 C6 3A                ADD   A,3AH         ; 58 ':'
1575  F357 4F                   LD    C,A
1576  F358 CD 09 C8             CALL  bios_printChar
1577  F35B CD 71 F4             CALL  SUB57
1578  F35E E1                   POP   HL
1579  F35F 22 FC 8F             LD    (bios_vars.cursorY),HL
1580  F362 E1                   POP   HL
1581  F363 C1                   POP   BC
1582  F364 D1                   POP   DE
1583  F365 C9                   RET
1584  F366 0E 2F        SUB51:  LD    C,2FH         ; 47 '/'; [4]
1585  F368 0C           LBL112: INC   C
1586  F369 19                   ADD   HL,DE
1587  F36A DA 68 F3             JP    C,LBL112
1588  F36D 79                   LD    A,C
1589  F36E FE 30                CP    30H           ; 48 '0'
1590  F370 CA 75 F3             JP    Z,LBL113
1591  F373 06 FF                LD    B,0FFH                ; 255
1592  F375 A0           LBL113: AND   B
1593  F376 4F                   LD    C,A
1594  F377 C3 09 C8             JP    bios_printChar
1595  F37A 2A 59 E8     SUB52:  LD    HL,(VAR3)   ; [3]
1596  F37D EB                   EX    DE,HL
1597  F37E 2A 06 E8             LD    HL,(VAR01)
1598  F381 22 59 E8             LD    (VAR3),HL
1599  F384 21 01 00             LD    HL,0001H    ; 1
1600  F387 22 61 E8             LD    (VAR8),HL
1601  F38A 2A 59 E8     LBL114: LD    HL,(VAR3)
1602  F38D CD 09 F2             CALL  SUB38
1603  F390 C8                   RET   Z
1604  F391 CD FD F2             CALL  SUB48
1605  F394 C3 8A F3             JP    LBL114
1606  F397 E5           SUB53:  PUSH  HL            ; [2]
1607  F398 2A FC 8F             LD    HL,(bios_vars.cursorY)
1608  F39B E5                   PUSH  HL
1609  F39C CD 68 F4             CALL  SUB56
1610  F39F 26 90                LD    H,90H
1611  F3A1 0E 30                LD    C,30H
1612  F3A3 2E F1        LBL115: LD    L,0F1H
1613  F3A5 3E 09                LD    A,09H
1614  F3A7 36 FF        LBL116: LD    (HL),0FFH
1615  F3A9 2C                   INC   L
1616  F3AA 3D                   DEC   A
1617  F3AB C2 A7 F3             JP    NZ,LBL116
1618  F3AE 24                   INC   H
1619  F3AF 0D                   DEC   C
1620  F3B0 C2 A3 F3             JP    NZ,LBL115
1621  F3B3 21 F9 58             LD    HL,58F9H
1622  F3B6 22 FC 8F             LD    (bios_vars.cursorY),HL
1623  F3B9 21 C8 E8             LD    HL,txtLine
1624  F3BC CD 18 C8             CALL  bios_printString
1625  F3BF 21 F9 80             LD    HL,80F9H
1626  F3C2 22 FC 8F             LD    (bios_vars.cursorY),HL
1627  F3C5 21 CD E8             LD    HL,txtCol
1628  F3C8 CD 18 C8             CALL  bios_printString
1629  F3CB CD 25 F3             CALL  SUB50
1630  F3CE CD D6 F2             CALL  SUB47
1631  F3D1 CD 71 F4             CALL  SUB57
1632  F3D4 E1                   POP   HL
1633  F3D5 22 FC 8F             LD    (bios_vars.cursorY),HL
1634  F3D8 E1                   POP   HL
1635  F3D9 C9                   RET
1636  F3DA
1637  F3DA E1           SUB54:  POP   HL
1638  F3DB
1639  F3DB                      ; Установка указателя стека, агрумент этой инструкции
1640  F3DB                      ; может меняться из п/п LBL4
1641  F3DB 31 50 8F     SMC4:   LD    SP,8F50H
1642  F3DE                      ; Переход по адресу в hl
1643  F3DE E9                   JP    (HL)
1644  F3DF
1645  F3DF CD 60 EB     LBL117: CALL  SUB12
1646  F3E2 CD E4 EB             CALL  SUB13
1647  F3E5 11 48 E8             LD    DE,REF4             ; 53320
1648  F3E8 0E 18                LD    C,18H         ; 24
1649  F3EA CD 09 F2     LBL118: CALL  SUB38
1650  F3ED C8                   RET   Z
1651  F3EE 7E                   LD    A,(HL)
1652  F3EF FE 20                CP    20H           ; 32 ' '
1653  F3F1 CA FB F3             JP    Z,LBL119
1654  F3F4 23                   INC   HL
1655  F3F5 CD 09 C8             CALL  bios_printChar
1656  F3F8 C3 EA F3             JP    LBL118
1657  F3FB CD 09 F2     LBL119: CALL  SUB38         ; [2]
1658  F3FE CA 0D EB             JP    Z,keyHandler_End
1659  F401 7E                   LD    A,(HL)
1660  F402 FE 20                CP    20H           ; 32 ' '
1661  F404 C0                   RET   NZ
1662  F405 23                   INC   HL
1663  F406 CD 09 C8             CALL  bios_printChar
1664  F409 C3 FB F3             JP    LBL119
1665  F40C CD 60 EB     LBL120: CALL  SUB12
1666  F40F CD E4 EB             CALL  SUB13
1667  F412 11 0A E8             LD    DE,LBL2             ; 53258
1668  F415 0E 08                LD    C,08H         ; 8
1669  F417 CD 09 F2             CALL  SUB38
1670  F41A C8                   RET   Z
1671  F41B 2B                   DEC   HL
1672  F41C 1B                   DEC   DE
1673  F41D CD 09 F2     LBL121: CALL  SUB38
1674  F420 C8                   RET   Z
1675  F421 7E                   LD    A,(HL)
1676  F422 FE 20                CP    20H           ; 32 ' '
1677  F424 C2 2E F4             JP    NZ,LBL122
1678  F427 CD 09 C8             CALL  bios_printChar
1679  F42A 2B                   DEC   HL
1680  F42B C3 1D F4             JP    LBL121
1681  F42E CD 09 F2     LBL122: CALL  SUB38         ; [2]
1682  F431 C8                   RET   Z
1683  F432 7E                   LD    A,(HL)
1684  F433 FE 20                CP    20H           ; 32 ' '
1685  F435 C8                   RET   Z
1686  F436 2B                   DEC   HL
1687  F437 CD 09 C8             CALL  bios_printChar
1688  F43A C3 2E F4             JP    LBL122
1689  F43D E5           SUB55:  PUSH  HL
1690  F43E D5                   PUSH  DE
1691  F43F 21 00 00             LD    HL,0000H
1692  F442 39                   ADD   HL,SP
1693  F443 22 63 F4             LD    (SMC5+1),HL
1694  F446 11 00 00             LD    DE,0000H
1695  F449 21 F0 BF             LD    HL,0BFF0H   ; 49136
1696  F44C 0E 30                LD    C,30H         ; 48 '0'
1697  F44E F9           LBL123: LD    SP,HL
1698  F44F 3E 0F                LD    A,0FH         ; 15
1699  F451 D5           LBL124: PUSH  DE
1700  F452 D5                   PUSH  DE
1701  F453 D5                   PUSH  DE
1702  F454 D5                   PUSH  DE
1703  F455 D5                   PUSH  DE
1704  F456 D5                   PUSH  DE
1705  F457 D5                   PUSH  DE
1706  F458 D5                   PUSH  DE
1707  F459 3D                   DEC   A
1708  F45A C2 51 F4             JP    NZ,LBL124
1709  F45D 25                   DEC   H
1710  F45E 0D                   DEC   C
1711  F45F C2 4E F4             JP    NZ,LBL123
1712  F462 31 FF FF     SMC5:   LD    SP,0FFFFH   ; 65535
1713  F465 D1                   POP   DE
1714  F466 E1                   POP   HL
1715  F467 C9                   RET
1716  F468 E5           SUB56:  PUSH  HL            ; [5]
1717  F469 21 FF FF             LD    HL,0FFFFH   ; 65535
1718  F46C 22 FA 8F     LBL125: LD    (bios_vars.inverse),HL
1719  F46F E1                   POP   HL
1720  F470 C9                   RET
1721  F471 E5           SUB57:  PUSH  HL            ; [6]
1722  F472 21 00 00             LD    HL,0000H
1723  F475 C3 6C F4             JP    LBL125
1724  F478
1725  F478              ;----------------------------------------------------------------------
1726  F478              ; Запрос имени файла в строке состояния
1727  F478
1728  F478              inputFileName:
1729  F478 CD 5B F6             CALL  SUB63
1730  F47B 11 0A F7             LD    DE,BUFFER1
1731  F47E 01 E9 F5             LD    BC,inputBuf
1732  F481 CD 2D C4             CALL  bios_memcpy_bc_hl
1733  F484 21 F9 00             LD    HL,00F9H
1734  F487 22 FC 8F             LD    (bios_vars.cursorY),HL
1735  F48A 21 FF FF             LD    HL,0FFFFH
1736  F48D 22 FA 8F             LD    (bios_vars.inverse),HL
1737  F490 21 E4 F5             LD    HL,txtFile
1738  F493 CD 18 C8             CALL  bios_printString
1739  F496 CD 03 C8             CALL  bios_getch
1740  F499 21 F9 0F             LD    HL,0FF9H
1741  F49C 22 FC 8F             LD    (bios_vars.cursorY),HL
1742  F49F FE 0D                CP    0DH           ; 13
1743  F4A1 CA BE F4             JP    Z,LBL126
1744  F4A4 F5                   PUSH  AF
1745  F4A5 21 1C F6             LD    HL,txtSpace12
1746  F4A8 CD 18 C8             CALL  bios_printString
1747  F4AB 21 F9 0F             LD    HL,0FF9H
1748  F4AE 22 FC 8F             LD    (bios_vars.cursorY),HL
1749  F4B1 21 E9 F5             LD    HL,inputBuf
1750  F4B4 01 E9 F5             LD    BC,inputBuf
1751  F4B7 11 F9 F5             LD    DE,inputBufEnd    ; 56781
1752  F4BA F1                   POP   AF
1753  F4BB C3 37 F5             JP    LBL131
1754  F4BE
1755  F4BE 21 E9 F5     LBL126: LD    HL,inputBuf
1756  F4C1 11 F9 F5             LD    DE,inputBufEnd
1757  F4C4 01 00 F7             LD    BC,BUFFER2
1758  F4C7 CD 2D C4             CALL  bios_memcpy_bc_hl
1759  F4CA 21 00 00             LD    HL,0000H
1760  F4CD 22 FA 8F             LD    (bios_vars.inverse),HL
1761  F4D0 C9                   RET
1762  F4D1
1763  F4D1              ;----------------------------------------------------------------------
1764  F4D1              ; Загрузка файла с диска
1765  F4D1
1766  F4D1              openFile:
1767  F4D1 CD F9 F4             CALL  prepareFileName
1768  F4D4 21 FC F5             LD    HL,fileDescName
1769  F4D7 CD 51 C8             CALL  bios_fileLoadInfo
1770  F4DA DA 82 F5             JP    C,LBL135
1771  F4DD CD 62 F6             CALL  editorCheckFileSize
1772  F4E0 DA F3 F4             JP    C,editorFileTooLarge
1773  F4E3 2A 06 E8             LD    HL,(VAR01)
1774  F4E6 EB                   EX    DE,HL
1775  F4E7 21 FC F5             LD    HL,fileDescName
1776  F4EA CD 66 C8             CALL  bios_fileLoad2
1777  F4ED DA 82 F5             JP    C,LBL135
1778  F4F0 C3 BE F4             JP    LBL126
1779  F4F3
1780  F4F3              editorFileTooLarge:
1781  F4F3 CD 7A F6             CALL  editorShowFileTooLarge
1782  F4F6 C3 BE F4             JP    LBL126
1783  F4F9
1784  F4F9              ;----------------------------------------------------------------------
1785  F4F9              ; Подготовка имени файла для файловых операций
1786  F4F9
1787  F4F9              prepareFileName:
1788  F4F9 21 E9 F5             LD    HL,inputBuf
1789  F4FC 11 FC F5             LD    DE,fileDescName
1790  F4FF CD 5A C8             CALL  bios_fileNamePrepare
1791  F502 C9                   RET
1792  F503
1793  F503              ;----------------------------------------------------------------------
1794  F503              ; Сохранение файла на диск
1795  F503
1796  F503              saveFile:
1797  F503 CD F9 F4             CALL  prepareFileName
1798  F506 11 00 00             LD    DE,0000H
1799  F509 06 00                LD    B,00H
1800  F50B 2A 06 E8             LD    HL,(VAR01)
1801  F50E
1802  F50E              getCRC: ; Поиск конца буфера и подсчет контрольной суммы
1803  F50E                  IF STANDARD_EDITOR
1804  F50E ~                    ; В MXOS 2 контрольная сумма не нужна
1805  F50E ~                    LD    A,B
1806  F50E ~                    ADD   A,(HL)
1807  F50E ~                    LD    B,A
1808  F50E                  ENDIF
1809  F50E 13                   INC   DE
1810  F50F 7E                   LD    A,(HL)
1811  F510 3C                   INC   A
1812  F511 CA 18 F5             JP    Z,LBL128
1813  F514 23                   INC   HL
1814  F515 C3 0E F5             JP    getCRC
1815  F518
1816  F518                      ; Формирование дескриптора файла
1817  F518 2A 06 E8     LBL128: LD    HL,(VAR01)
1818  F51B 22 0E F6             LD    (fileDescAddr),HL
1819  F51E EB                   EX    DE,HL
1820  F51F 22 18 F6             LD    (fileDescSize),HL
1821  F522
1822  F522                  IF STANDARD_EDITOR
1823  F522 ~                    ; В MXOS 2 контрольная сумма не нужна
1824  F522 ~                    LD    A,B
1825  F522 ~                    LD    (fileDescCRC),A
1826  F522                  ENDIF
1827  F522
1828  F522                      ; Сохранение файла
1829  F522 21 FC F5             LD    HL,fileDescName
1830  F525 CD 45 C8             CALL  bios_fileCreate
1831  F528 DA 82 F5             JP    C,LBL135
1832  F52B C3 BE F4             JP    LBL126
1833  F52E
1834  F52E              ;----------------------------------------------------------------------
1835  F52E
1836  F52E F1           LBL129: POP   AF
1837  F52F C3 18 EA             JP    SUB1
1838  F532 44                   LD    B,H
1839  F533 4D                   LD    C,L
1840  F534 CD 03 C8     LBL130: CALL  bios_getch          ; [4]
1841  F537 FE 08        LBL131: CP    08H           ; 8
1842  F539 CA 5E F5             JP    Z,LBL132
1843  F53C FE 0D                CP    0DH           ; 13
1844  F53E CA 7D F5             JP    Z,LBL134
1845  F541 FE 1F                CP    1FH           ; 31
1846  F543 CA DA F5             JP    Z,LBL140
1847  F546 FE 20                CP    20H           ; 32 ' '
1848  F548 DA 34 F5             JP    C,LBL130
1849  F54B F5                   PUSH  AF
1850  F54C CD 27 C4             CALL  bios_cmp_hl_de
1851  F54F CA 2E F5             JP    Z,LBL129
1852  F552 F1                   POP   AF
1853  F553 77                   LD    (HL),A
1854  F554 C5                   PUSH  BC
1855  F555 4F                   LD    C,A
1856  F556 CD 09 C8             CALL  bios_printChar
1857  F559 C1                   POP   BC
1858  F55A 23                   INC   HL
1859  F55B C3 34 F5             JP    LBL130
1860  F55E 7C           LBL132: LD    A,H
1861  F55F B8                   CP    B
1862  F560 C2 68 F5             JP    NZ,LBL133
1863  F563 7D                   LD    A,L
1864  F564 B9                   CP    C
1865  F565 CA 34 F5             JP    Z,LBL130
1866  F568 2B           LBL133: DEC   HL
1867  F569 C5                   PUSH  BC
1868  F56A 0E 08                LD    C,08H         ; 8
1869  F56C CD 09 C8             CALL  bios_printChar
1870  F56F 0E 20                LD    C,20H         ; 32 ' '
1871  F571 CD 09 C8             CALL  bios_printChar
1872  F574 0E 08                LD    C,08H         ; 8
1873  F576 CD 09 C8             CALL  bios_printChar
1874  F579 C1                   POP   BC
1875  F57A C3 34 F5             JP    LBL130
1876  F57D 36 00        LBL134: LD    (HL),00H
1877  F57F C3 BE F4             JP    LBL126
1878  F582 0E 05        LBL135:  LD    C,05H         ; 5; [5]
1879  F584 CD 70 C1     LBL136: CALL  bios_beep_Old
1880  F587 06 FF                LD    B,0FFH                ; 255
1881  F589 CD 90 C1             CALL  bios_delay_b
1882  F58C CD 90 C1             CALL  bios_delay_b
1883  F58F 0D                   DEC   C
1884  F590 C2 84 F5             JP    NZ,LBL136
1885  F593 C3 BE F4             JP    LBL126
1886  F596              ;----------------------------------------------------------------------
1887  F596
1888  F596              insertFile:
1889  F596 CD F9 F4             CALL  prepareFileName
1890  F599 21 FC F5             LD    HL,fileDescName
1891  F59C
1892  F59C                      ; Запрашиваем дескриптор файла
1893  F59C CD 51 C8             CALL  bios_fileLoadInfo
1894  F59F DA 82 F5             JP    C,LBL135
1895  F5A2 CD 62 F6             CALL  editorCheckFileSize
1896  F5A5 DA F3 F4             JP    C,editorFileTooLarge
1897  F5A8 2A 18 F6             LD    HL,(fileDescSize)
1898  F5AB EB                   EX    DE,HL         ; de = размер файла
1899  F5AC D5                   PUSH  DE
1900  F5AD 2A 06 E8             LD    HL,(VAR01)    ; hl = адрес буфера
1901  F5B0
1902  F5B0                      ; Сканируем буфер, пока не найдем конец текста (0FFh)
1903  F5B0 7E           LBL137: LD    A,(HL)
1904  F5B1 3C                   INC   A
1905  F5B2 CA B9 F5             JP    Z,LBL138
1906  F5B5 23                   INC   HL
1907  F5B6 C3 B0 F5             JP    LBL137
1908  F5B9
1909  F5B9 D1           LBL138: POP   DE    ; de = размер файла
1910  F5BA E5                   PUSH  HL    ; hl = адрес конца буфера
1911  F5BB 19                   ADD   HL,DE
1912  F5BC EB                   EX    DE,HL
1913  F5BD 2A 08 E8             LD    HL,(VAR03)
1914  F5C0 7C                   LD    A,H
1915  F5C1 BA                   CP    D
1916  F5C2 DA 82 F5             JP    C,LBL135
1917  F5C5 C2 CD F5             JP    NZ,LBL139
1918  F5C8 7D                   LD    A,L
1919  F5C9 BB                   CP    E
1920  F5CA DA 82 F5             JP    C,LBL135
1921  F5CD
1922  F5CD                      ; загрузка файла по адресу de
1923  F5CD D1           LBL139: POP   DE
1924  F5CE 21 FC F5             LD    HL,fileDescName
1925  F5D1 CD 66 C8             CALL  bios_fileLoad2
1926  F5D4 DA 82 F5             JP    C,LBL135
1927  F5D7 C3 BE F4             JP    LBL126
1928  F5DA
1929  F5DA              ;----------------------------------------------------------------------
1930  F5DA
1931  F5DA D1           LBL140: POP   DE
1932  F5DB 21 00 00             LD    HL,0000H
1933  F5DE 22 FA 8F             LD    (bios_vars.inverse),HL
1934  F5E1 C3 1C E9             JP    LBL10
1935  F5E4
1936  F5E4              ;----------------------------------------------------------------------
1937  F5E4
1938  F5E4 46 49 4C 45  txtFile:        DB    "FILE:"
1938  F5E8 3A
1939  F5E9
1940  F5E9                  IF STANDARD_EDITOR
1941  F5E9 ~
1942  F5E9 ~            inputBuf:       BLOCK 10, 00h
1943  F5E9 ~            inputBufEnd:    DB    00H,00H,00H
1944  F5E9 ~
1945  F5E9 ~            ; Дескриптор файла (запись в каталоге MXOS FAT8)
1946  F5E9 ~            fileDescName:   BLOCK 10, 20h   ; имя, расширение и атрибуты
1947  F5E9 ~            fileDescAddr:   DW    2020H     ; адрес загрузки
1948  F5E9 ~            fileDescSize:   DW    2020H     ; размер
1949  F5E9 ~            fileDescCRC:    DB    20H       ; контрольная сумма
1950  F5E9 ~                            DB    20H       ; первый сектор
1951  F5E9 ~
1952  F5E9                  ELSE
1953  F5E9
1954  F5E9 00 00 00...  inputBuf:       BLOCK 16, 00h
1955  F5F9 00 00 00     inputBufEnd:    DB    00H,00H,00H
1956  F5FC
1957  F5FC              ; Дескриптор файла (запись в каталоге FAT16)
1958  F5FC 20 20 20...  fileDescName:   BLOCK 12, 20h   ; имя, расширение и атрибуты
1959  F608 00 00 00...                  BLOCK 6, 0
1960  F60E 20 20        fileDescAddr:   DW    2020H     ; адрес загрузки
1961  F610 00 00 00...                  BLOCK 8, 0
1962  F618 20 20        fileDescSize:   DW    2020H     ; размер
1963  F61A 00 00                        BLOCK 2, 0
1964  F61C
1965  F61C                  ENDIF
1966  F61C
1967  F61C 20 20 20 20  txtSpace12:     DB   "            ",00H
1967  F620 20 20 20 20
1967  F624 20 20 20 20
1967  F628 00
1968  F629
1969  F629              ;----------------------------------------------------------------------
1970  F629
1971  F629                      ; Обработка кода нажатой клавиши
1972  F629              keyInput:
1973  F629 CD 03 C8             CALL  bios_getch
1974  F62C 4F                   LD    C,A
1975  F62D FE 03                CP    03H               ; F4 - открыть файл
1976  F62F CA 3F F6             JP    Z,keyHandler_F4
1977  F632 FE 04                CP    04H               ; F5 - сохранить файл на диск
1978  F634 CA 48 F6             JP    Z,keyHandler_F5
1979  F637 FE 05                CP    05H               ; F6 - открыть файл и вставить его в конец документа
1980  F639 CA 51 F6             JP    Z,keyHandler_F6
1981  F63C C3 57 E9             JP    keyInput2
1982  F63F
1983  F63F              ;----------------------------------------------------------------------
1984  F63F
1985  F63F              keyHandler_F4:
1986  F63F CD 78 F4             CALL  inputFileName
1987  F642 CD D1 F4             CALL  openFile
1988  F645 C3 10 E8             JP    LBL3
1989  F648
1990  F648              keyHandler_F5:
1991  F648 CD 78 F4             CALL  inputFileName
1992  F64B CD 03 F5             CALL  saveFile
1993  F64E C3 18 EA             JP    SUB1
1994  F651
1995  F651              keyHandler_F6:
1996  F651 CD 78 F4             CALL  inputFileName
1997  F654 CD 96 F5             CALL  insertFile
1998  F657 C3 10 E8             JP    LBL3
1999  F65A
2000  F65A              ;----------------------------------------------------------------------
2001  F65A
2002  F65A                      ; ???
2003  F65A 00                   NOP
2004  F65B
2005  F65B              SUB63:
2006  F65B CD 26 EC             CALL  SUB15
2007  F65E 21 00 F7             LD    HL,BUFFER2
2008  F661 C9                   RET
2009  F662              ; Проверка до загрузки: fileLoad2 пишет полные секторы и не знает границ редактора.
2010  F662              ; OUT: CF=1 - файл не помещается в буфер 01800h-084FFh.
2011  F662              editorCheckFileSize:
2012  F662                  IF !STANDARD_EDITOR
2013  F662 2A 1A F6             LD    HL,(fileDescSize + 2)
2014  F665 7C                   LD    A,H
2015  F666 B5                   OR    L
2016  F667 C2 78 F6             JP    NZ,editorCheckFileSizeError
2017  F66A                  ENDIF
2018  F66A 2A 18 F6             LD    HL,(fileDescSize)
2019  F66D 11 00 6D             LD    DE,EDITOR_BUFFER_SIZE
2020  F670 CD 27 C4             CALL  bios_cmp_hl_de
2021  F673 D2 78 F6             JP    NC,editorCheckFileSizeError
2022  F676 B7                   OR    A
2023  F677 C9                   RET
2024  F678
2025  F678              editorCheckFileSizeError:
2026  F678 37                   SCF
2027  F679 C9                   RET
2028  F67A
2029  F67A              editorShowFileTooLarge:
2030  F67A 21 67 E8             LD    HL,REF8
2031  F67D CD 18 C8             CALL  bios_printString
2032  F680 C3 03 C8             JP    bios_getch
2033  F683
2034  F683              LBL145:
2035  F683 EB                   EX    DE,HL
2036  F684 11 FC F5             LD    DE,fileDescName
2037  F687 CD 5A C8             CALL  bios_fileNamePrepare
2038  F68A 21 FC F5             LD    HL,fileDescName
2039  F68D CD 51 C8             CALL  bios_fileLoadInfo
2040  F690 DA 0A E8             JP    C,LBL2
2041  F693 CD 62 F6             CALL  editorCheckFileSize
2042  F696 DA A6 F6             JP    C,LBL145FileTooLarge
2043  F699 2A 06 E8             LD    HL,(VAR01)
2044  F69C EB                   EX    DE,HL
2045  F69D 21 FC F5             LD    HL,fileDescName
2046  F6A0 CD 66 C8             CALL  bios_fileLoad2
2047  F6A3 C3 0A E8             JP    LBL2
2048  F6A6
2049  F6A6              LBL145FileTooLarge:
2050  F6A6 CD 7A F6             CALL  editorShowFileTooLarge
2051  F6A9 C3 00 C8             JP    bios_reboot
2052  F6AC
2053  F6AC 00 00                DB    00H,00H
2054  F6AE
