  1   0000              ;----------------------------------------------------------------------------
  2   0000              ; MXOS BIOS/DOS.
  3   0000              ;
  4   0000              ; РЎР±РѕСЂРѕС‡РЅС‹Р№ РІС…РѕРґ РґР»СЏ РІР°СЂРёР°РЅС‚Р° СЃ РїСЂРѕРІРµСЂСЏРµРјРѕР№ Р·Р°РїРёСЃСЊСЋ RAM-РґРёСЃРєР°. РћСЃС‚Р°Р»СЊРЅС‹Рµ
  5   0000              ; РјРѕРґСѓР»Рё РѕСЃС‚Р°СЋС‚СЃСЏ РёСЃС…РѕРґРЅС‹РјРё; driverChecked.inc Р·Р°РјРµРЅСЏРµС‚ С‚РѕР»СЊРєРѕ С„РёР·РёС‡РµСЃРєРёР№
  6   0000              ; РІСЃС‚СЂРѕРµРЅРЅС‹Р№ РґСЂР°Р№РІРµСЂ.
  7   0000              ;----------------------------------------------------------------------------
  8   0000
  9   0000                  INCLUDE "../include/mxos.inc"
  1+  0000              ;-----------------------------------------------------------------------
  2+  0000              ; MXOS
  3+  0000              ; Точки входа и настройки сборки MXOS
  4+  0000              ;
  5+  0000              ; Новая карта памяти:
  6+  0000              ;   8FDF-8FFF - [  32 B] Переменные
  7+  0000              ;   9000-BFFF - [12  KB] Экран
  8+  0000              ;   C000-DBFF - [7168 B] DOS.SYS
  9+  0000              ;   DC00-DDFF - [ 512 B] драйверные расширения (например, FlashSys.com)
 10+  0000              ;   DE00-DFFF - [ 512 B] Драйвер флеш-диска
 11+  0000              ;   E000-E7FF - [2048 B] Шрифт
 12+  0000              ;   E800-FAFF - [4864 B] Системные программы (NC.COM, E.COM, DL-RED.COM, FORMAT.COM, MON2.COM, ...)
 13+  0000              ;   FB00-FEFF - [1024 B] Дисковый кэш (fat + каталог)
 14+  0000              ;   FF00-FF81 - [ 130 B] Командная строка
 15+  0000              ;   FF82-FFBF - [  62 B] Стек
 16+  0000              ;   FFC0-FFEF - [  32 B] Непереключаемое ОЗУ, драйвер обмена с RAM диском
 17+  0000              ;   FFE0-FFFF - [  32 B] Оборудование
 18+  0000              ;
 19+  0000              ; Старая карта памяти:
 20+  0000              ;   8FDF-8FFF - [  32 B] Переменные
 21+  0000              ;   9000-BFFF - [12  KB] Экран
 22+  0000              ;   C000-CFFF - [4096 B] DOS.SYS
 23+  0000              ;   D000-E1FF - [4607 B] Системные программы (NC.COM, E.COM, DL-RED.COM)
 24+  0000              ;   E200-E5FF - [1024 B] Свободно (1024 байт)
 25+  0000              ;   E600-E7FF - [ 512 B] Драйвер магнитофона
 26+  0000              ;   E800-E8FF - [ 256 B] Свободно (256 байт)
 27+  0000              ;   E900-F0FF - [2048 B] Шрифт (можно отключить запуском ROMFNT.COM или опцией LOAD_FONT=0)
 28+  0000              ;   F100-F8FF - [2048 B] Системные программы (FORMAT.COM, MON2.COM, ...)
 29+  0000              ;   F900-F9FF - [ 256 B] Свободно (256 байт)
 30+  0000              ;   FA00-FAFF - [ 256 B] Драйвер флеш-диска
 31+  0000              ;   FB00-FEFF - [1024 B] Дисковый буфер (fat + каталог)
 32+  0000              ;   FF00-FF81 - [ 130 B] Командная строка
 33+  0000              ;   FF82-FFBF - [  62 B] Стек
 34+  0000              ;   FFC0-FFEF - [  32 B] Непереключаемое ОЗУ, драйвер обмена с RAM диском
 35+  0000              ;   FFE0-FFFF - [  32 B] Оборудование
 36+  0000              ;-----------------------------------------------------------------------
 37+  0000
 38+  0000
 39+  0000              ;-----------------------------------------------------------------------
 40+  0000              ; Конфигурация сборки
 41+  0000              ;-----------------------------------------------------------------------
 42+  0000
 43+  0000              NEW_MEMORY_MAP       =  1       ; Новая карта памяти
 44+  0000              RAMD_MAX_PAGE        =  16      ; Максимальное количество страниц RAM диска
 45+  0000              RAMD_PAGE_END        =  0FFBBh  ; Включить поддержку ДОЗУ большего чем 64 Кб
 46+  0000              ROM_64K              =  1       ; Включить поддержку ПЗУ 64 Кб Специалиста МХ2
 47+  0000              ENABLE_COLOR         =  1       ; Включить поддержку цвета
 48+  0000              EMBED_FONT           =  0       ; Встроить шрифт в программу (при запуске шрифт копируется на FONT_ADDR)
 49+  0000              LOAD_FONT            =  1       ; Загружать шрифт в ОЗУ
 50+  0000              COLOR_BIOS           =  0F0h    ; Цвет командной строки
 51+  0000              RAMFOS_COMPATIBILITY =  1       ; Совместимость с RAMFOS (WIP)
 52+  0000              BOOT_FROM_TAPE       =  0       ; Включить загрузку с ленты при нажатой клавише после сброса
 53+  0000
 54+  0000                  IF  NEW_MEMORY_MAP
 55+  0000              FONT_ADDR = 0E000h  ; Адрес шрфита
 56+  0000                  ELSE
 57+  0000 ~            FONT_ADDR = 0E900h  ; Адрес шрфита
 58+  0000                  ENDIF
 59+  0000
 60+  0000                  IF  LOAD_FONT
 61+  0000              FONT_ADDR_DIV_8 = FONT_ADDR/8
 62+  0000                  ELSE
 63+  0000 ~            FONT_ADDR_DIV_8 = -1
 64+  0000                  ENDIF
 65+  0000
 66+  0000              ;-----------------------------------------------------------------------
 67+  0000              ; Переменные ОС в подэкранном пространстве и их начальные значения
 68+  0000              ; Доступ к переменным из программ польователя:
 69+  0000              ; ld a, bios_vars.lastKey
 70+  0000              ;-----------------------------------------------------------------------
 71+  0000
 72+  0000                  STRUCT BIOS_VARIABLES
 73+  0000 ~            _reserv_1     DW      -1              ; 8FDFh -
 74+  0000 ~            tapeError     DW      0C800h          ; 8FE1h - Адрес, куда происходит переход при ошибке чтения с ленты
 75+  0000 ~            tapeAddr      DW      -1              ; 8FE3h - Адрес программы, загруженной с ленты
 76+  0000 ~            _reserv_2     DW      -1              ; 8FE5h -
 77+  0000 ~            charGen       DW      FONT_ADDR_DIV_8 ; 8FE7h - Адрес альтернативного знакогенератора / 8
 78+  0000 ~            cursorCfg     DB       21h ; 0A9h     ; 8FE9h - Внешний вид курсора (биты: 7 - мигание (если 0), 654 - положение (Y) от низа строки, 3210 - размер по высоте)
 79+  0000 ~            koi7          DB       0   ; 0FFh     ; 8FEAh - 0FFh = включен KOI-7, 0 = включен KOI-8
 80+  0000 ~            escMode       DB      -1              ; 8FEBh - Обработка ESC-последовательности
 81+  0000 ~            keyLocks      DB      0BAh ; 3Ah      ; 8FECh - Caps Lock или Рус/Lat (3A - прописные анг, BA - строчные анг, BB - прописные рус, 3B - строчные рус)
 82+  0000 ~            _reserv_3     DW      -1              ; 8FEDh -
 83+  0000 ~            lastLastKey   DB      -1              ; 8FEFh - Предпоследняя нажатая клавиша
 84+  0000 ~            lastKey       DB      -1              ; 8FF0h - Последняя нажатая клавиша
 85+  0000 ~            beepFreq      DB       5Fh            ; 8FF1h - Частота звукового сигнала (также влияет на длительность)
 86+  0000 ~            beepDuration  DB       20h            ; 8FF2h - Длительность звукового сигнала (сколько раз повторять посылку)
 87+  0000 ~            tapeInverse   DB      0FFh            ; 8FF3h - Признак инверсии данных с ленты
 88+  0000 ~            cursorDelay   DB       20h            ; 8FF4h - Задержка мигания курсора
 89+  0000 ~            antiBsDelay   DB      0E0h            ; 8FF5h - Задержка защиты от дребезга контактов клавиш
 90+  0000 ~            oldSP         DW      -1              ; 8FF6h - Используется для сохранения SP некоторыми функциями
 91+  0000 ~            ramPageCount  DB      RAMD_MAX_PAGE   ; 8FF8h - Количество детектированных 64кб страниц RAM-диска
 92+  0000 ~            diskWriteErr  DB       0              ; 8FF9h - Признак ошибки записи диска
 93+  0000 ~            inverse       DW       0              ; 8FFAh - Инвертирование текста (0=нормальный текст, 0FFFFh=инверсный)
 94+  0000 ~            cursorY       DB      -1              ; 8FFCh - Положение курсора по вертикали в пикселях
 95+  0000 ~            cursorX       DB      -1              ; 8FFDh - Положение курсора по горизонтали в пикселях / 2
 96+  0000 ~            writeDelay    DB      28h             ; 8FFEh - Скорость при записи на ленту
 97+  0000 ~            readDelay     DB      3Ch             ; 8FFFh - Скорость при чтении с ленты
 98+  0000                  ENDS
 99+  0000
100+  0000              ; Блок переменных BIOS начинается с адреса 8FDFh
101+  0000              bios_vars   BIOS_VARIABLES = 8FDFh
102+  0000
103+  0000              ;-----------------------------------------------------------------------
104+  0000              ; Стандартные точки входа ОС
105+  0000              ; Отмеченные [OLD] применять не рекомендуется
106+  0000              ; Отмеченные [MXOS2] - новые в MXOS 2
107+  0000              ;-----------------------------------------------------------------------
108+  0000
109+  0000              bios_init               = 0C000h ; Теплая перезагрузка
110+  0000
111+  0000              ; Устаревшие точки, лечше не применять
112+  0000              bios_keyScanOld         = 0C003h ; [OLD] Получить код нажатой клавиши, = bios_keyScan
113+  0000              bios_drawCursorOld      = 0C006h ; [OLD] Нарисовать/стереть курсор
114+  0000              bios_clearScreenOld     = 0C010h ; [OLD] Оистка экрана
115+  0000              bios_printCharOld       = 0C037h ; [OLD] Вывод символа на экран
116+  0000              bios_beep_Old           = 0C170h ; [OLD] Звуковой сигнал
117+  0000              bios_delay_l            = 0C18Fh ; [OLD] Задержка l циклов
118+  0000              bios_delay_b            = 0C190h ; [OLD] Задержка b циклов
119+  0000              bios_getchOld           = 0C337h ; [OLD] Ожидание ввода с клавиатуры
120+  0000              bios_tapeReadOld        = 0C377h ; [OLD] Чтение байта с магнитофона
121+  0000              bios_tapeWriteOld       = 0C3D0h ; [OLD] Запись байта на магнитофон
122+  0000              bios_cmp_hl_de          = 0C427h ; [OLD] Сравнить hl и de
123+  0000              bios_memcpy_bc_hl       = 0C42Dh ; [OLD] Скопировать блок памяти
124+  0000              bios_printStringOld     = 0C438h ; [OLD] Вывод строки на экран
125+  0000
126+  0000              ; Стандартные точки C800h
127+  0000              bios_reboot             = 0C800h ; Запустить NC.COM
128+  0000              bios_getch              = 0C803h ; Ожидание ввода с клавиатуры
129+  0000              bios_tapeRead           = 0C806h ; Чтение байта с магнитофона
130+  0000              bios_printChar          = 0C809h ; Вывод символа на экран
131+  0000              bios_tapeWrite          = 0C80Ch ; Запись байта на магнитофон
132+  0000              bios_input              = 0C80Fh ; Ввод строки с клавиатуры
133+  0000              bios_keyCheck           = 0C812h ; Получить код нажатой клавиши, = bios_keyScan
134+  0000              bios_printHexByte       = 0C815h ; Вывод HEX числа на экран (байт)
135+  0000              bios_printString        = 0C818h ; Вывод строки на экран
136+  0000              bios_keyScan            = 0C81Bh ; Получить код нажатой клавиши
137+  0000              bios_getCursorPos       = 0C81Eh ; Получить координаты курсора в hl (координаты в пикселях)
138+  0000              bios_setCursorPos       = 0C821h ; Установить координаты курсора из hl (координаты в пикселях)
139+  0000              bios_tapeLoad           = 0C824h ; Загрузить программу с магнитофона
140+  0000              bios_tapeSave           = 0C827h ; Сохранить программу на магнитофон
141+  0000              bios_calcCS             = 0C82Ah ; Расчет контрольной суммы
142+  0000              bios_printHexWord       = 0C82Dh ; Вывод HEX числа на экран (слово)
143+  0000              bios_getMemTop          = 0C830h ; Получить объем доступной памяти
144+  0000              bios_setMemTop          = 0C833h ; Установить объем доступной памяти
145+  0000              bios_printer            = 0C836h ; Напечатать байт на принтере
146+  0000                  IF RAMFOS_COMPATIBILITY
147+  0000              bios_strToHex           = 0C839h ; [MXOS2] Преобразвоние строки в HEX формате в число
148+  0000                  ELSE
149+  0000 ~            bios_rebootAlt          = 0C839h ; Запустить NC.COM
150+  0000                  ENDIF
151+  0000              bios_rebootAlt2         = 0C83Ch ; Запустить NC.COM
152+  0000              bios_fileList           = 0C83Fh ; Получить список файлов
153+  0000              bios_fileGetSetDrive    = 0C842h ; Получить/установить активное устройство
154+  0000              bios_fileCreate         = 0C845h ; Создать файл
155+  0000              bios_fileLoad           = 0C848h ; Загрузить файл по адресу из заголовка этого файла
156+  0000              bios_fileDelete         = 0C84Bh ; Удалить файл
157+  0000              bios_fileRename         = 0C84Eh ; Переименовать файл
158+  0000              bios_fileLoadInfo       = 0C851h ; Загрузить информацию о файле
159+  0000              bios_fileGetSetAddr     = 0C854h ; Получить/установить адрес загрузки файла
160+  0000              bios_fileGetSetAttr     = 0C857h ; Получить/установить атрибуты файла
161+  0000              bios_fileNamePrepare    = 0C85Ah ; Преобразовать имя файла во внутренний формат
162+  0000              bios_fileExec           = 0C85Dh ; Запустить файл
163+  0000              bios_installDriver      = 0C860h ; Установить драйвер накопителя
164+  0000              bios_diskDriver         = 0C863h ; Драйвер выбранного диска
165+  0000              bios_fileLoad2          = 0C866h ; Загрузить файл по адресу de
166+  0000
167+  0000              ; Новые точки C800h MXOS2
168+  0000              bios_printCharReal      = 0C869h ; [MXOS2] Вывод символа на экран (только реальные символы)
169+  0000              bios_printDecWord       = 0C86Ch ; [MXOS2] Вывод числа экран в десятичной форме
170+  0000              bios_setRAMDDriver      = 0C86Fh ; [MXOS2] Установить драйвр рам-диска
171+  0000              bios_getDriveFreeSpace  = 0C872h ; [MXOS2] Получить оставшийся свободный объем диска
172+  0000              bios_upperCase          = 0C875h ; [MXOS2] Перевод кода символа КОИ-8 в верхний регистр
173+  0000              bios_strcmp             = 0C878h ; [MXOS2] Сравнение строк, чувствительное к регистру
174+  0000              bios_stricmp            = 0C87Bh ; [MXOS2] Сравнение строк, нечувствительное к регистру
175+  0000              bios_sub_hl_de          = 0C87Eh ; [MXOS2] Вычитание hl и de: hl = hl - de
176+  0000              bios_div_hl_2           = 0C881h ; [MXOS2] Деление hl на 2: hl = hl / 2
177+  0000              bios_mul_hl_de          = 0C884h ; [MXOS2] Умножение hl на de: hl = hl * de
178+  0000              bios_div_hl_de          = 0C887h ; [MXOS2] Деление hl на de: hl = hl / de, de = hl % de
179+  0000
180+  0000              ;-----------------------------------------------------------------------
181+  0000              ; Адрес таблицы переходов драйвера магнитофона
182+  0000              ;-----------------------------------------------------------------------
183+  0000
184+  0000              TAPE_DRIVER_JUMPS = bios_tapeReadOld    ; старая таблица переходов магнитофона, сохранена для ABI
185+  0000
186+  0000              ;-----------------------------------------------------------------------
187+  0000              ; Непереключаемое ОЗУ ПК "Специалист-MX" (0FFC0h-0FFDF, 32 байта)
188+  0000              ;-----------------------------------------------------------------------
189+  0000
190+  0000              bios_RAMDRead   = 0FFC0h ; п/п чтения из ДОЗУ
191+  0000              bios_RAMDWrite  = 0FFD0h ; п/п записи в  ДОЗУ
192+  0000
193+  0000              ;-----------------------------------------------------------------------
194+  0000              ; Порты устройств ПК "Специалист-MX2" (0FFE0h-0FFFF, 32 байта)
195+  0000              ;-----------------------------------------------------------------------
196+  0000
197+  0000              IO_KEYB_A       =  0FFE0h   ; ВВ55 клавиатуры
198+  0000              IO_KEYB_B       =  0FFE1h
199+  0000              IO_KEYB_C       =  0FFE2h
200+  0000              IO_KEYB_MODE    =  0FFE3h
201+  0000              IO_PROG_A       =  0FFE4h   ; ВВ55 программатора/флеш диска
202+  0000              IO_PROG_B       =  0FFE5h
203+  0000              IO_PROG_C       =  0FFE6h
204+  0000              IO_PROG_MODE    =  0FFE7h
205+  0000              IO_FDD_CMD      =  0FFE8h   ; контроллер дисковода ВГ93
206+  0000              IO_FDD_TRACK    =  0FFE9h
207+  0000              IO_FDD_SECTOR   =  0FFEAh
208+  0000              IO_FDD_DATA     =  0FFEBh
209+  0000              IO_TIMER_CH0    =  0FFECh   ; таймер ВИ53
210+  0000              IO_TIMER_CH1    =  0FFEDh
211+  0000              IO_TIMER_CH2    =  0FFEEh
212+  0000              IO_TIMER_MODE   =  0FFEFh
213+  0000              IO_FDD_REQ      =  0FFF0h   ; контроллер дисковода
214+  0000              IO_FDD_MOTOR    =  0FFF1h
215+  0000              IO_FDD_SIDE     =  0FFF2h
216+  0000              IO_FDD_DRIVE    =  0FFF3h
217+  0000              IO_COLOR        =  0FFF8h   ; регистр цвета
218+  0000              IO_PAGE_RAM     =  0FFFCh   ; порт включения основного ОЗУ
219+  0000              IO_PAGE_RAMD    =  0FFFDh   ; порт включения ОЗУ RAM-дисков
220+  0000              IO_PAGE_ROM     =  0FFFEh   ; порт включения ПЗУ
221+  0000              IO_PAGE_STD     =  0FFFFh   ; порт включения STD режима
222+  0000
223+  0000              ;-----------------------------------------------------------------------
224+  0000              ; Структура файловой системы
225+  0000              ;-----------------------------------------------------------------------
226+  0000
227+  0000              ; Структура каталога
228+  0000              FILE_DESCR_SIZE  = 32   ; размер дескриптора файла в каталоге (байт)
229+  0000              FILE_NAME_LENGTH = 8    ; длина имени файла  (байт)
230+  0000              FAT_ITEM_SIZE    = 2    ; размер записи в таблице FAT (байт)
231+  0000
232+  0000              SECTOR_SIZE  = 00100h   ; размер сектора 256 байт
233+  0000              CLUSTER_SIZE = 00100h   ; размер кластера 256 байт
234+  0000
235+  0000              ; Специальные коды кластеров FAT
236+  0000              FAT12_BAD = 00FF7h  ; плохой кластер
237+  0000              FAT16_BAD = 0FFF7h
238+  0000              FAT12_EOC = 00FFFh  ; последний кластер файла
239+  0000              FAT16_EOC = 0FFFFh
240+  0000              FAT12_RES = 00FFFh  ; зарезервированный кластер
241+  0000              FAT16_RES = 0FFFFh
242+  0000
243+  0000              ;-----------------------------------------------------------------------
244+  0000              ; Десткриптор файла (одна запись в каталоге) FAT12/16/32
245+  0000              ;-----------------------------------------------------------------------
246+  0000
247+  0000                  STRUCT FILE_DESCRIPTOR  ; 32 байта
248+  0000 ~            name            BLOCK   FILE_NAME_LENGTH    ; смещение 00h, 8 байт  - имя файла
249+  0000 ~            ext             BLOCK   3                   ; смещение 08h, 3 байта - расширение имени файла
250+  0000 ~            attrib          BLOCK   1                   ; смещение 0Bh, 1 байт  - атрибуты файла
251+  0000 ~            ntReserved      BLOCK   1                   ; смещение 0Ch, 1 байт  - используются в Windows NT
252+  0000 ~            createTimeTenth BLOCK   1                   ; смещение 0Dh, 1 байт  - (только FAT32) время создания файла, десятки миллисекунд (0-199)
253+  0000 ~            createTime      BLOCK   2                   ; смещение 0Eh, 2 байта - (только FAT32) время создания файла, секунды*2 (0-43200)
254+  0000 ~            createDate      BLOCK   2                   ; смещение 10h, 2 байта - (только FAT32) дата  создания файла
255+  0000 ~            loadAddress     BLOCK   2  ; accDate        ; смещение 12h, 2 байта - начальный адрес загрузки в ОЗУ, он же и стартовый (!!! временный костыль, в FAT32 это accDate - дата доступа к файлу !!!)
256+  0000 ~            firstClusterHi  BLOCK   2                   ; смещение 14h, 2 байта - номер первого кластера в FAT, старшее слово
257+  0000 ~            writeTime       BLOCK   2                   ; смещение 16h, 2 байта - время модификации файла, секунды*2 (0-43200)
258+  0000 ~            writeDate       BLOCK   2                   ; смещение 18h, 2 байта - дата  модификации файла
259+  0000 ~            firstCluster    BLOCK   2                   ; смещение 1Ah, 2 байта - номер первого кластера в FAT, младшее слово
260+  0000 ~            size            BLOCK   4                   ; смещение 1Ch, 4 байта - размер файла в байтах
261+  0000                  ENDS
262+  0000
263+  0000              ;-----------------------------------------------------------------------
264+  0000              ; Информация о файле (компактный вариант дескриптора)
265+  0000              ; Почти совместимо с дескриптором оригинального Коммандера
266+  0000              ;-----------------------------------------------------------------------
267+  0000
268+  0000              FILE_INFO_SIZE = 16     ; размер структуры (байт)
269+  0000
270+  0000                  STRUCT FILE_INFO    ; 16 байт
271+  0000 ~            name            BLOCK   FILE_NAME_LENGTH    ; смещение 00h, 8 байт  - имя файла
272+  0000 ~            ext             BLOCK   3                   ; смещение 08h, 3 байта - расширение имени файла
273+  0000 ~            attrib          BLOCK   1                   ; смещение 0Bh, 1 байт  - атрибуты файла
274+  0000 ~            loadAddress     BLOCK   2                   ; смещение 0Eh, 2 байта - начальный адрес загрузки в ОЗУ, он же и стартовый
275+  0000 ~            size            BLOCK   2                   ; смещение 0Ch, 2 байта - размер файла в байтах
276+  0000                  ENDS
277+  0000
278+  0000              ;-----------------------------------------------------------------------
279+  0000              ; Информация об активном накопителе (диске)
280+  0000              ;-----------------------------------------------------------------------
281+  0000
282+  0000                  STRUCT DISK_INFO
283+  0000 ~            sectorSize          BLOCK   2   ; размер сектора, байт (256, 512, 1024)
284+  0000 ~            sectorsPerCluster   BLOCK   2   ; размер кластера, секторов (1, 2, 4, 8)
285+  0000 ~            resSectors          BLOCK   2   ; сколько секторов занимает зарезервированная область = первый сектор таблицы fat
286+  0000 ~            fatSectors          BLOCK   2   ; сколько секторов занимает таблица fat
287+  0000 ~            dirSectors          BLOCK   2   ; сколько секторов занимает корневой каталог
288+  0000 ~            totalSectors        BLOCK   2   ; сколько всего секторов на диске
289+  0000 ~            rootDirMaxFiles     BLOCK   2   ; максимум файлов в корневом каталоге
290+  0000 ~            descrPerSector      BLOCK   2   ; сколько дескрипторов файлов вмещается в один сектор
291+  0000 ~            fatNumCells         BLOCK   2   ; количество ячеек в таблице fat (= fatSectors * sectorSize / 2)
292+  0000 ~            dirStartSector      BLOCK   2   ; первый сектор корневого каталога
293+  0000 ~            dataStartSector     BLOCK   2   ; первый сектор области данных
294+  0000 ~            volumeLabel         BLOCK  12   ; метка тома и 0 в конце
295+  0000 ~            isValid             BLOCK   1   ; 0 = нет драйвера, 1 = диск не распознан, 2 = диск распознан, корректно отформатирован
296+  0000                  ENDS
297+  0000
298+  0000              DISK_NO_DRIVER = 0
299+  0000              DISK_INVALID   = 1
300+  0000              DISK_VALID     = 2
301+  0000
302+  0000              ;-----------------------------------------------------------------------
303+  0000              ; Буферы в памяти
304+  0000              ;-----------------------------------------------------------------------
305+  0000
306+  0000              ; Дисковый кэш
307+  0000              FAT_CACHE_ADDR = 0FB00h ; адрес кэша секторов fat в памяти
308+  0000              FAT_CACHE_SIZE = 1024   ; размер кэша в байтах
309+  0000              FAT_CACHE_CAPACITY = FAT_CACHE_SIZE / SECTOR_SIZE   ; сколько секторов вмещается в кэш
310+  0000
311+  0000              ; Буфер для загрузки BAT файла
312+  0000                  IF NEW_MEMORY_MAP
313+  0000              BAT_BUFFER = 0E800h
314+  0000                  ELSE
315+  0000 ~            BAT_BUFFER = 0FC00h
316+  0000                  ENDIF
317+  0000
318+  0000              ; Командная строка и стек
319+  0000              CMD_LINE   = 0FF00h  ; 192 байта, но в конце стек
320+  0000              STACK_ADDR = 0FFC0h  ; стек
321+  0000
322+  0000              ;-----------------------------------------------------------------------
323+  0000              ; Всякие полезности
324+  0000              ;-----------------------------------------------------------------------
325+  0000
326+  0000              ; Макрос для заполнения памяти от текущего адреса до указанного
327+  0000                  MACRO ORG_PAD adr
328+  0000 ~                     IF $ > adr
329+  0000 ~                       ; вывод сообщения об ошибке
330+  0000 ~                       ASSERT 0
331+  0000 ~                       DISPLAY /l, "Error! ORG_PAD failed! ", $, " is more than ", adr
332+  0000 ~                     ELSE
333+  0000 ~                       ; заполнение памяти
334+  0000 ~                       BLOCK adr-$, 0FFh
335+  0000 ~                     ENDIF
336+  0000 ~                     ORG adr
337+  0000                  ENDM
338+  0000
339+  0000                  MACRO ORG_PAD0 adr
340+  0000 ~                     IF $ > adr
341+  0000 ~                       ; вывод сообщения об ошибке
342+  0000 ~                       ASSERT 0
343+  0000 ~                       DISPLAY /l, "Error! ORG_PAD0 failed! ", $, " is more than ", adr
344+  0000 ~                     ELSE
345+  0000 ~                       ; заполнение памяти
346+  0000 ~                       BLOCK adr-$, 0
347+  0000 ~                     ENDIF
348+  0000 ~                     ORG adr
349+  0000                  ENDM
350+  0000
351+  0000              ; Макросы для проверки текущего адреса
352+  0000                  MACRO ASSERT_EQUAL adr
353+  0000 ~                     IF $ != adr
354+  0000 ~                       ASSERT 0
355+  0000 ~                       DISPLAY /l, "Error! Entry point has been shifted (", $, " != ", adr, ")"
356+  0000 ~                     ENDIF
357+  0000                  ENDM
358+  0000
359+  0000                  MACRO ASSERT_DONT_FIT adr
360+  0000 ~                     IF $ > adr
361+  0000 ~                       ASSERT 0
362+  0000 ~                       DISPLAY /l, "Error! Image did not fit (", $, " > ", adr, ")"
363+  0000 ~                     ENDIF
364+  0000                  ENDM
365+  0000
366+  0000              ;-----------------------------------------------------------------------
367+  0000              ; Конец
368+  0000              ;-----------------------------------------------------------------------
369+  0000
 10   0000
 11   0000                  ORG     0C000h
 12   C000                  INCLUDE "jmps_c000.inc"
  1+  C000              ;+---------------------------------------------------------------------------
  2+  C000              ; MXOS
  3+  C000              ; Стандартные точки входа C000
  4+  C000              ;
  5+  C000              ; 2013-12-12 Дизассемблировано vinxru
  6+  C000              ;----------------------------------------------------------------------------
  7+  C000
  8+  C000 C3 09 C0                 jp    reboot        ; C000: Теплая перезагрузка
  9+  C003 C3 BA C1     j_keyScan:  jp    keyScan2      ; C003: Получить код нажатой клавиши
 10+  C006 C3 4E C3                 jp    drawCursor3   ; C006: Нарисовать/стереть курсор
 11+  C009 31 C0 FF     reboot:     ld    sp, STACK_ADDR; C009: Теплая перезагрузка
 12+  C00C C3 34 C5                 jp    reboot1
 13+  C00F
 13   C00F
 14   C00F                  ORG_PAD 0C010h
 14   C00F             >         IF $ > 0C010h
 14   C00F ~           >           ; вывод сообщения об ошибке
 14   C00F ~           >           ASSERT 0
 14   C00F ~           >           DISPLAY /l, "Error! ORG_PAD failed! ", $, " is more than ", adr
 14   C00F             >         ELSE
 14   C00F             >           ; заполнение памяти
 14   C00F FF          >           BLOCK 0C010h-$, 0FFh
 14   C010             >         ENDIF
 14   C010             >         ORG 0C010h
 15   C010                  INCLUDE "clearScreen.inc"
  1+  C010              ;+---------------------------------------------------------------------------
  2+  C010              ; MXOS
  3+  C010              ; Очистить экран
  4+  C010              ;
  5+  C010              ; На выходе
  6+  C010              ;  bc, de, hl - сохраняются
  7+  C010              ;
  8+  C010              ; 2013-12-12 Дизассемблировано vinxru
  9+  C010              ;----------------------------------------------------------------------------
 10+  C010
 11+  C010              clearScreen:
 12+  C010                          ; bc, hl - сохраняем. de - не используется
 13+  C010 E5                       push  hl
 14+  C011 C5                       push  bc
 15+  C012
 16+  C012                          ; Сохранение sp
 17+  C012 21 00 00                 ld    hl, 0
 18+  C015 39                       add   hl,sp
 19+  C016 22 F6 8F                 ld    (bios_vars.oldSP), hl
 20+  C019
 21+  C019                          ; Устанавливаем sp в конец видеопамяти
 22+  C019 31 00 C0                 ld    sp, 0C000h
 23+  C01C
 24+  C01C                          ; Байт (слово) для заполнения памяти
 25+  C01C 2A FA 8F                 ld    hl, (bios_vars.inverse)
 26+  C01F
 27+  C01F                          ; Помещаем в стек 3000h байт
 28+  C01F 01 00 03                 ld    bc, 3000h / 16
 29+  C022              clearScreen_0:
 30+  C022 E5                       push      hl
 31+  C023 E5                       push      hl
 32+  C024 E5                       push      hl
 33+  C025 E5                       push      hl
 34+  C026 E5                       push      hl
 35+  C027 E5                       push      hl
 36+  C028 E5                       push      hl
 37+  C029 E5                       push      hl
 38+  C02A 0B                       dec bc
 39+  C02B 78                       ld  a, b
 40+  C02C B1                       or  c
 41+  C02D C2 22 C0                 jp nz,  clearScreen_0
 42+  C030
 43+  C030                          ; Восстанавливаем sp
 44+  C030 2A F6 8F                 ld    hl, (bios_vars.oldSP)
 45+  C033 F9                       ld    sp, hl
 46+  C034
 47+  C034                          ; bc, hl были сохранены. de - не используется
 48+  C034 C1                       pop   bc
 49+  C035 E1                       pop   hl
 50+  C036 C9                       ret
 51+  C037
 16   C037
 17   C037                  ORG_PAD 0C037h
 17   C037             >         IF $ > 0C037h
 17   C037 ~           >           ; вывод сообщения об ошибке
 17   C037 ~           >           ASSERT 0
 17   C037 ~           >           DISPLAY /l, "Error! ORG_PAD failed! ", $, " is more than ", adr
 17   C037             >         ELSE
 17   C037             >           ; заполнение памяти
 17   C037             >           BLOCK 0C037h-$, 0FFh
 17   C037             >         ENDIF
 17   C037             >         ORG 0C037h
 18   C037                  INCLUDE "printChar.inc"
  1+  C037              ;+---------------------------------------------------------------------------
  2+  C037              ; MXOS
  3+  C037              ; Вывод символа на экран (или принтер)
  4+  C037              ;
  5+  C037              ; На входе
  6+  C037              ;  с - символ
  7+  C037              ;
  8+  C037              ; На выходе
  9+  C037              ;  Все регистры сохраняются
 10+  C037              ;
 11+  C037              ; 2013-12-12 Дизассемблировано vinxru
 12+  C037              ;----------------------------------------------------------------------------
 13+  C037
 14+  C037 F5           printChar:  push  af
 15+  C038 D5                       push  de
 16+  C039 C5                       push  bc
 17+  C03A E5                       push  hl
 18+  C03B CD E4 C5                 call  printChar2
 19+  C03E E1                       pop   hl
 20+  C03F C1                       pop   bc
 21+  C040 D1                       pop   de
 22+  C041 F1                       pop   af
 23+  C042 C9                       ret
 24+  C043
 19   C043
 20   C043                  ORG_PAD 0C045h
 20   C043             >         IF $ > 0C045h
 20   C043 ~           >           ; вывод сообщения об ошибке
 20   C043 ~           >           ASSERT 0
 20   C043 ~           >           DISPLAY /l, "Error! ORG_PAD failed! ", $, " is more than ", adr
 20   C043             >         ELSE
 20   C043             >           ; заполнение памяти
 20   C043 FF FF       >           BLOCK 0C045h-$, 0FFh
 20   C045             >         ENDIF
 20   C045             >         ORG 0C045h
 21   C045                  INCLUDE "printChar5.inc"
  1+  C045              ;+---------------------------------------------------------------------------
  2+  C045              ; MXOS
  3+  C045              ; Обработка служебных кодов при выводе символа (продолжение)
  4+  C045              ; Расчет адреса символа в знакогенераторе и адреса вывода на экран
  5+  C045              ;
  6+  C045              ; 2013-12-12 Дизассемблировано vinxru
  7+  C045              ;----------------------------------------------------------------------------
  8+  C045
  9+  C045              ; ---------------------------------------------------------------------------
 10+  C045              ; Обработка ESC+(. Включение KOI-7
 11+  C045
 12+  C045              printChar_e28:
 13+  C045 3E FF                    ld    a, 0FFh
 14+  C047 32 EA 8F                 ld    (bios_vars.koi7), a
 15+  C04A C9                       ret
 16+  C04B
 17+  C04B              ; ---------------------------------------------------------------------------
 18+  C04B              ; Обработка ESC+). Включение KOI-8
 19+  C04B
 20+  C04B              printChar_e29:
 21+  C04B AF                       xor   a
 22+  C04C 32 EA 8F                 ld    (bios_vars.koi7), a
 23+  C04F C9                       ret
 24+  C050
 25+  C050              ; ---------------------------------------------------------------------------
 26+  C050              ; Обработка кода 9. Табуляция
 27+  C050
 28+  C050              printChar_c9:
 29+  C050 3A FD 8F                 ld    a, (bios_vars.cursorX)
 30+  C053 C6 0C                    add   a, 12 ; 24
 31+  C055 32 FD 8F                 ld    (bios_vars.cursorX),a
 32+  C058 C9                       ret
 33+  C059
 34+  C059              ; ---------------------------------------------------------------------------
 35+  C059              ; Вывод символа С из знакогенартора по адресу hl*8 на экран в положение
 36+  C059              ; курсора. Курсор при этом перемещается
 37+  C059
 38+  C059              printChar_alt:
 39+  C059                          ; de = (hl+c) * 8
 40+  C059 06 00                    ld    b, 0
 41+  C05B 09                       add   hl, bc
 42+  C05C 29                       add   hl, hl
 43+  C05D 29                       add   hl, hl
 44+  C05E 29                       add   hl, hl
 45+  C05F EB                       ex    de, hl
 46+  C060
 47+  C060                          ; Продолжение в printChar_de
 48+  C060
 49+  C060              ; ---------------------------------------------------------------------------
 50+  C060              ; Вывод символа de на экран в положение курсора. Курсор при этом перемещается
 51+  C060              ; вправо.
 52+  C060
 53+  C060              printChar_de:
 54+  C060                          ; Рассчитываем адрес вывода (hl=v_cursorPos, a*256+l=адрес)
 55+  C060 CD 14 C3                 call  calcCursorAddr
 56+  C063
 57+  C063                          ; Перемещаем курсор вправо
 58+  C063 24                       inc   h
 59+  C064 24                       inc   h
 60+  C065 24                       inc   h
 61+  C066 22 FC 8F                 ld    (bios_vars.cursorY), hl
 62+  C069
 63+  C069                          ; Корректируем адрес вывода (bc = al - 7)
 64+  C069 47                       ld    b, a
 65+  C06A 7D                       ld    a, l
 66+  C06B D6 07                    sub   7
 67+  C06D 4F                       ld    c, a
 68+  C06E
 69+  C06E                          ; Продолжение в drawChar
 70+  C06E
 22   C06E                  INCLUDE "drawChar.inc"
  1+  C06E              ;+---------------------------------------------------------------------------
  2+  C06E              ; MXOS
  3+  C06E              ; Рисование символа на экране
  4+  C06E              ;
  5+  C06E              ; На входе
  6+  C06E              ;  bc - адрес символа
  7+  C06E              ;  de - адрес в видеопамяти
  8+  C06E              ;  h  - координата X в пикселях / 2
  9+  C06E              ;
 10+  C06E              ; 2013-12-12 Дизассемблировано vinxru
 11+  C06E              ;----------------------------------------------------------------------------
 12+  C06E
 13+  C06E                          ; Высота символа
 14+  C06E 2E 08                    ld    l, 8
 15+  C070
 16+  C070                          ; Переходим к одной из функций вывода
 17+  C070 7C                       ld    a, h
 18+  C071 E6 03                    and   3
 19+  C073 CA B5 C0                 jp z, drawChar0   ; a==0
 20+  C076 3D                       dec   a
 21+  C077 CA C5 C0                 jp z, drawChar1   ; a==1
 22+  C07A 3D                       dec   a
 23+  C07B CA 82 C0                 jp z, drawChar2   ; a==2
 24+  C07E 3D                       dec   a
 25+  C07F CA A3 C0                 jp z, drawChar3   ; a==3
 26+  C082                          ; Продолжение на drawChar2
 27+  C082
 28+  C082              ; ---------------------------------------------------------------------------
 29+  C082
 30+  C082 0A           drawChar2:  ld    a, (bc)
 31+  C083 E6 FC                    and   0FCh
 32+  C085 67                       ld    h, a
 33+  C086 1A                       ld    a, (de)
 34+  C087 0F                       rrca
 35+  C088 0F                       rrca
 36+  C089 0F                       rrca
 37+  C08A 0F                       rrca
 38+  C08B              drawChar2_cma:
 39+  C08B 2F                       cpl
 40+  C08C F5                       push  af
 41+  C08D E6 03                    and   3
 42+  C08F AC                       xor   h
 43+  C090 02                       ld    (bc), a
 44+  C091 04                       inc   b
 45+  C092 0A                       ld    a, (bc)
 46+  C093 E6 0F                    and   0Fh
 47+  C095 67                       ld    h, a
 48+  C096 F1                       pop   af
 49+  C097 E6 F0                    and   0F0h
 50+  C099 AC                       xor   h
 51+  C09A 02                       ld    (bc),a
 52+  C09B 05                       dec   b
 53+  C09C
 54+  C09C                          ; Цикл
 55+  C09C 03                       inc   bc
 56+  C09D 13                       inc   de
 57+  C09E 2D                       dec   l
 58+  C09F C2 82 C0                 jp nz,  drawChar2
 59+  C0A2 C9                       ret
 60+  C0A3
 61+  C0A3              ; ---------------------------------------------------------------------------
 62+  C0A3
 63+  C0A3 0A           drawChar3:  ld    a, (bc)
 64+  C0A4 E6 03                    and   3
 65+  C0A6 67                       ld    h, a
 66+  C0A7 1A                       ld    a, (de)
 67+  C0A8 07                       rlca
 68+  C0A9 07                       rlca
 69+  C0AA              drawChar3_xri:
 70+  C0AA EE FC                    xor   0FCh
 71+  C0AC AC                       xor   h
 72+  C0AD 02                       ld    (bc),a
 73+  C0AE
 74+  C0AE                          ; Цикл
 75+  C0AE 13                       inc   de
 76+  C0AF 03                       inc   bc
 77+  C0B0 2D                       dec   l
 78+  C0B1 C2 A3 C0                 jp nz,  drawChar3
 79+  C0B4 C9                       ret
 80+  C0B5
 81+  C0B5              ; ---------------------------------------------------------------------------
 82+  C0B5
 83+  C0B5 0A           drawChar0:  ld    a, (bc)
 84+  C0B6 E6 C0                    and   0C0h
 85+  C0B8 67                       ld    h, a
 86+  C0B9 1A                       ld    a, (de)
 87+  C0BA              drawChar0_xri:
 88+  C0BA EE 3F                    xor   3Fh
 89+  C0BC AC                       xor   h
 90+  C0BD 02                       ld    (bc),a
 91+  C0BE
 92+  C0BE                          ; Цикл
 93+  C0BE 13                       inc   de
 94+  C0BF 03                       inc   bc
 95+  C0C0 2D                       dec   l
 96+  C0C1 C2 B5 C0                 jp nz,  drawChar0
 97+  C0C4 C9                       ret
 98+  C0C5
 99+  C0C5              ; ---------------------------------------------------------------------------
100+  C0C5
101+  C0C5 0A           drawChar1:  ld    a, (bc)
102+  C0C6 E6 F0                    and   0F0h
103+  C0C8 67                       ld    h, a
104+  C0C9 1A                       ld    a, (de)
105+  C0CA 0F                       rrca
106+  C0CB 0F                       rrca
107+  C0CC              drawChar1_cma:
108+  C0CC 2F                       cpl
109+  C0CD E6 0F                    and   0Fh
110+  C0CF AC                       xor   h
111+  C0D0 02                       ld    (bc),a
112+  C0D1 04                       inc   b
113+  C0D2 0A                       ld    a, (bc)
114+  C0D3 E6 3F                    and   3Fh
115+  C0D5 67                       ld    h, a
116+  C0D6 1A                       ld    a, (de)
117+  C0D7 0F                       rrca
118+  C0D8 0F                       rrca
119+  C0D9              drawChar1_cma2:
120+  C0D9 2F                       cpl
121+  C0DA E6 C0                    and   0C0h
122+  C0DC AC                       xor   h
123+  C0DD 02                       ld    (bc),a
124+  C0DE 05                       dec   b
125+  C0DF
126+  C0DF                          ; Цикл
127+  C0DF 03                       inc   bc
128+  C0E0 13                       inc   de
129+  C0E1 2D                       dec   l
130+  C0E2 C2 C5 C0                 jp nz,  drawChar1
131+  C0E5 C9                       ret
132+  C0E6
133+  C0E6              ; ---------------------------------------------------------------------------
134+  C0E6              ; Вызывается из printChar_real2
135+  C0E6
136+  C0E6              normalVideo:
137+  C0E6                          ; Меняем CZ normalVideo на CNZ inverseVideo
138+  C0E6 21 02 C1                 ld    hl, inverseVideo
139+  C0E9 22 21 C6                 ld    (printChar_poly+1), hl
140+  C0EC 3E C4                    ld    a, 0C4h
141+  C0EE 32 20 C6                 ld    (printChar_poly),a
142+  C0F1
143+  C0F1                          ; Аргумент XRI
144+  C0F1 AF                       xor   a
145+  C0F2 32 BB C0                 ld    (drawChar0_xri+1),a
146+  C0F5 32 AB C0                 ld    (drawChar3_xri+1),a
147+  C0F8              normalVideo_1:
148+  C0F8                          ; Меняем CMA на NOP
149+  C0F8 32 8B C0                 ld    (drawChar2_cma),a
150+  C0FB 32 CC C0                 ld    (drawChar1_cma),a
151+  C0FE 32 D9 C0                 ld    (drawChar1_cma2),a
152+  C101 C9                       ret
153+  C102
154+  C102              ; ---------------------------------------------------------------------------
155+  C102              ; Вызывается из printChar_real2
156+  C102
157+  C102              inverseVideo:
158+  C102                          ; Меняем CNZ inverseVideo на CZ normalVideo
159+  C102 21 E6 C0                 ld    hl, normalVideo
160+  C105 22 21 C6                 ld    (printChar_poly+1), hl
161+  C108 3E CC                    ld    a, 0CCh
162+  C10A 32 20 C6                 ld    (printChar_poly),a
163+  C10D
164+  C10D                          ; Меняем аргумент XRI
165+  C10D 3E FC                    ld    a, 0FCh
166+  C10F 32 AB C0                 ld    (drawChar3_xri+1),a
167+  C112 3E 3F                    ld    a, 3Fh
168+  C114 32 BB C0                 ld    (drawChar0_xri+1),a
169+  C117
170+  C117                          ; Меняем NOP на CMA
171+  C117 3E 2F                    ld    a, 2Fh
172+  C119 C3 F8 C0                 jp    normalVideo_1
173+  C11C
 23   C11C                  INCLUDE "printChar3.inc"
  1+  C11C              ;+---------------------------------------------------------------------------
  2+  C11C              ; MXOS
  3+  C11C              ; Обработка служебных кодов при выводе символа
  4+  C11C              ;
  5+  C11C              ; На входе
  6+  C11C              ;  a - символ
  7+  C11C              ;
  8+  C11C              ; 2013-12-12 Дизассемблировано vinxru
  9+  C11C              ;----------------------------------------------------------------------------
 10+  C11C
 11+  C11C              printChar3: ; Код 7
 12+  C11C D6 07                    sub   7
 13+  C11E CA 70 C1                 jp z, beep
 14+  C121                          ; Код 8
 15+  C121 3D                       dec   a
 16+  C122 CA 4E C1                 jp z, printChar_c08
 17+  C125                          ; Код 10
 18+  C125 D6 02                    sub   2
 19+  C127 CA 96 C1                 jp z, printChar_c0A
 20+  C12A                          ; Код 12
 21+  C12A D6 02                    sub   2
 22+  C12C CA 46 C1                 jp z, printChar_c0C
 23+  C12F                          ; Код 13
 24+  C12F 3D                       dec   a
 25+  C130 CA 48 C1                 jp z, printChar_c0D
 26+  C133                          ; Код 24
 27+  C133 D6 0B                    sub   11
 28+  C135 CA 64 C1                 jp z, printChar_c18
 29+  C138                          ; Код 25
 30+  C138 3D                       dec   a
 31+  C139 CA 59 C1                 jp z, printChar_c19
 32+  C13C                          ; Код 26
 33+  C13C 3D                       dec   a
 34+  C13D CA 98 C1                 jp z, printChar_c1A
 35+  C140                          ; Продолжение, если код 1Fh (31)
 36+  C140 D6 05                    sub   5
 37+  C142 C0                       ret nz
 38+  C143                          ; Код  1Fh (31) очищает экран
 39+  C143 CD 10 C0                 call  clearScreen
 40+  C146
 41+  C146                          ; Продолжение в printChar_c0C
 42+  C146
 43+  C146              ; ---------------------------------------------------------------------------
 44+  C146              ; Обработка кода 0Ch. Курсор в левый верхний угол экрана
 45+  C146
 46+  C146              printChar_c0C:
 47+  C146                          ; bios_vars.cursorY = 8
 48+  C146 2E 08                    ld    l, 8
 49+  C148
 50+  C148                          ; Продолжение в printChar_c0D
 51+  C148
 52+  C148              ; ---------------------------------------------------------------------------
 53+  C148              ; Обработка кода 0Dh. Курсор в начало строки
 54+  C148
 55+  C148              printChar_c0D:
 56+  C148                          ; bios_vars.cursorX = 0
 57+  C148 AF                       xor   a
 58+  C149              saveVCursorHA:
 59+  C149 67                       ld    h, a
 60+  C14A              saveVCursor:
 61+  C14A 22 FC 8F                 ld    (bios_vars.cursorY), hl
 62+  C14D C9                       ret
 63+  C14E
 64+  C14E              ; ---------------------------------------------------------------------------
 65+  C14E              ; Обработка кода 8h. Влево
 66+  C14E
 67+  C14E              printChar_c08:    ; cursorX -= 3
 68+  C14E 7C                       ld    a, h
 69+  C14F D6 03                    sub   3
 70+  C151
 71+  C151                          ; Если нет переноса, сохранить положение курсора и выйти
 72+  C151 D2 49 C1                 jp nc,  saveVCursorHA
 73+  C154
 74+  C154                          ; cursorX = 189
 75+  C154 26 BD                    ld    h, 189
 76+  C156 22 FC 8F                 ld    (bios_vars.cursorY), hl
 77+  C159
 78+  C159                          ; Продолжение в printChar_c19
 79+  C159
 80+  C159              ; ---------------------------------------------------------------------------
 81+  C159              ; Обработка кода 19h. Вверх
 82+  C159
 83+  C159              printChar_c19:    ; Если cursorY < 18, то выйти. Иначе cursorY -= 10
 84+  C159 7D                       ld    a, l
 85+  C15A D6 0A                    sub   0Ah
 86+  C15C D8                       ret c
 87+  C15D FE 08                    cp    8
 88+  C15F D8                       ret c
 89+  C160
 90+  C160              saveVCursorLA:    ; Сохранить положение курсора и выйти
 91+  C160 6F                       ld    l, a
 92+  C161 C3 4A C1                 jp    saveVCursor
 93+  C164
 94+  C164              ; ---------------------------------------------------------------------------
 95+  C164              ; Обработка кода 18h. Вправо
 96+  C164
 97+  C164              printChar_c18:    ; Если cursorX+3 >= 192, то перейти на printChar_c0A
 98+  C164                          ; Иначе cursorX += 3
 99+  C164 7C                       ld    a, h
100+  C165 C6 03                    add   a,3
101+  C167 FE C0                    cp    0C0h
102+  C169 DA 49 C1                 jp c, saveVCursorHA
103+  C16C C3 96 C1                 jp    printChar_c0A
104+  C16F
 24   C16F
 25   C16F                  ORG_PAD 0C170h
 25   C16F             >         IF $ > 0C170h
 25   C16F ~           >           ; вывод сообщения об ошибке
 25   C16F ~           >           ASSERT 0
 25   C16F ~           >           DISPLAY /l, "Error! ORG_PAD failed! ", $, " is more than ", adr
 25   C16F             >         ELSE
 25   C16F             >           ; заполнение памяти
 25   C16F FF          >           BLOCK 0C170h-$, 0FFh
 25   C170             >         ENDIF
 25   C170             >         ORG 0C170h
 26   C170                  INCLUDE "beep.inc"
  1+  C170              ;+---------------------------------------------------------------------------
  2+  C170              ; MXOS
  3+  C170              ; Звуковой сигнал (вызывается при выводе кода 7)
  4+  C170              ;
  5+  C170              ; Все регистры сохраняются
  6+  C170              ;
  7+  C170              ; 2013-12-12 Дизассемблировано vinxru
  8+  C170              ;----------------------------------------------------------------------------
  9+  C170
 10+  C170              beep:       ; Сохраняем все регистры. de не используется ниже
 11+  C170 F5                       push  af
 12+  C171 C5                       push  bc
 13+  C172 E5                       push  hl
 14+  C173
 15+  C173                          ; Частота и длительность сигнала
 16+  C173 2A F1 8F                 ld    hl, (bios_vars.beepFreq)
 17+  C176
 18+  C176              beep_0:     ; Единицу на динамик
 19+  C176 3E 0B                    ld    a, 0Bh
 20+  C178 32 E3 FF                 ld    (IO_KEYB_MODE),a
 21+  C17B
 22+  C17B                          ; Задержка l тактов
 23+  C17B CD 8F C1                 call  delay_l
 24+  C17E
 25+  C17E                          ; Ноль на динамик
 26+  C17E 3E 0A                    ld    a, 0Ah
 27+  C180 32 E3 FF                 ld    (IO_KEYB_MODE),a
 28+  C183
 29+  C183                          ; Задержка l тактов
 30+  C183 CD 8F C1                 call  delay_l
 31+  C186
 32+  C186                          ; Повторяем h раз
 33+  C186 25                       dec   h
 34+  C187 C2 76 C1                 jp nz,  beep_0
 35+  C18A
 36+  C18A                          ; Ничего не делаем
 37+  C18A 00                       nop
 38+  C18B
 39+  C18B                          ; Восстаналиваем все регистры и выходим. de не используется
 40+  C18B E1                       pop   hl
 41+  C18C C1                       pop   bc
 42+  C18D F1                       pop   af
 43+  C18E C9                       ret
 44+  C18F
 27   C18F
 28   C18F                  ORG_PAD 0C18Fh
 28   C18F             >         IF $ > 0C18Fh
 28   C18F ~           >           ; вывод сообщения об ошибке
 28   C18F ~           >           ASSERT 0
 28   C18F ~           >           DISPLAY /l, "Error! ORG_PAD failed! ", $, " is more than ", adr
 28   C18F             >         ELSE
 28   C18F             >           ; заполнение памяти
 28   C18F             >           BLOCK 0C18Fh-$, 0FFh
 28   C18F             >         ENDIF
 28   C18F             >         ORG 0C18Fh
 29   C18F                  INCLUDE "delay_l.inc"
  1+  C18F              ;+---------------------------------------------------------------------------
  2+  C18F              ; MXOS
  3+  C18F              ; Задержка
  4+  C18F              ;
  5+  C18F              ; На входе
  6+  C18F              ;  l - задержка
  7+  C18F              ;
  8+  C18F              ; На выходе
  9+  C18F              ;  b - 0
 10+  C18F              ;
 11+  C18F              ; 2013-12-12 Дизассемблировано vinxru
 12+  C18F              ;----------------------------------------------------------------------------
 13+  C18F
 14+  C18F 45           delay_l:    ld      b, l
 15+  C190 05           delay_b:    dec     b       ; адрес этой инструкци должен быть 0C190h
 16+  C191 C2 90 C1                 jp nz,  delay_b
 17+  C194 C9                       ret
 18+  C195
 30   C195
 31   C195                  ORG_PAD 0C196h
 31   C195             >         IF $ > 0C196h
 31   C195 ~           >           ; вывод сообщения об ошибке
 31   C195 ~           >           ASSERT 0
 31   C195 ~           >           DISPLAY /l, "Error! ORG_PAD failed! ", $, " is more than ", adr
 31   C195             >         ELSE
 31   C195             >           ; заполнение памяти
 31   C195 FF          >           BLOCK 0C196h-$, 0FFh
 31   C196             >         ENDIF
 31   C196             >         ORG 0C196h
 32   C196                  INCLUDE "printChar4.inc"
  1+  C196              ;+---------------------------------------------------------------------------
  2+  C196              ; MXOS
  3+  C196              ; Обработка служебных кодов при выводе символа (продолжение)
  4+  C196              ;
  5+  C196              ; 2013-12-12 Дизассемблировано vinxru
  6+  C196              ;----------------------------------------------------------------------------
  7+  C196
  8+  C196              ; ---------------------------------------------------------------------------
  9+  C196              ; Обработка кода 0Ah. Перевод строки
 10+  C196
 11+  C196              printChar_c0A:    ; cursorX = 0
 12+  C196 26 00                    ld    h, 0
 13+  C198
 14+  C198                          ; Продолжение в printChar_c1A
 15+  C198
 16+  C198              ; ---------------------------------------------------------------------------
 17+  C198              ; Обработка кода 1Ah. Вниз
 18+  C198
 19+  C198              printChar_c1A:    ; Если cursorY < 246, то cursorY += 10 и выход
 20+  C198 7D                       ld    a, l
 21+  C199 C6 0A                    add   a,10
 22+  C19B D2 60 C1                 jp nc,  saveVCursorLA
 23+  C19E
 24+  C19E                          ; Сохраняем положение курсора (изменен только cursorX)
 25+  C19E 22 FC 8F                 ld    (bios_vars.cursorY), hl
 26+  C1A1
 27+  C1A1                          ; Далее прокрутка экрана вверх
 28+  C1A1
 33   C1A1                  INCLUDE "scrollUp.inc"
  1+  C1A1              ;+---------------------------------------------------------------------------
  2+  C1A1              ; MXOS
  3+  C1A1              ; Прокрутка экрана вверх
  4+  C1A1              ;
  5+  C1A1              ; На выходе
  6+  C1A1              ;   af, bc - сохраняются
  7+  C1A1              ;
  8+  C1A1              ; 2013-12-12 Дизассемблировано vinxru
  9+  C1A1              ;----------------------------------------------------------------------------
 10+  C1A1
 11+  C1A1                          ; Сохраняем регистры
 12+  C1A1 C5                       push  bc
 13+  C1A2 F5                       push  af
 14+  C1A3
 15+  C1A3                          ; Сохраняем sp
 16+  C1A3 21 00 00                 ld    hl, 0
 17+  C1A6 39                       add   hl,sp
 18+  C1A7 22 F6 8F                 ld    (bios_vars.oldSP), hl
 19+  C1AA
 20+  C1AA                          ; Прокрутка экрана вверх
 21+  C1AA 31 0A 90                 ld    sp, 900Ah   ; Откуда
 22+  C1AD 26 90                    ld    h, 90h      ; Куда
 23+  C1AF 06 30                    ld    b, 48       ; Столбцов
 24+  C1B1 C3 99 C7                 jp    scrollUp2
 25+  C1B4
 34   C1B4                  INCLUDE "keyScan.inc"
  1+  C1B4              ;+---------------------------------------------------------------------------
  2+  C1B4              ; MXOS
  3+  C1B4              ; Получить код нажатой клавиши
  4+  C1B4              ;
  5+  C1B4              ; На выходе
  6+  C1B4              ;  a - код
  7+  C1B4              ;
  8+  C1B4              ; 2013-12-12 Дизассемблировано vinxru
  9+  C1B4              ;----------------------------------------------------------------------------
 10+  C1B4
 11+  C1B4              setKeybMode83:
 12+  C1B4 3E 83                    ld      a, 83h
 13+  C1B6 32 E3 FF                 ld      (IO_KEYB_MODE),a
 14+  C1B9 C9                       ret
 15+  C1BA
 16+  C1BA              ; ---------------------------------------------------------------------------
 17+  C1BA
 18+  C1BA              keyScan2:   ; Режим чтения ряда
 19+  C1BA CD 43 C2                 call    setKeybMode82
 20+  C1BD
 21+  C1BD                          ; Одним чтением првоеряем все клавиши
 22+  C1BD 3A E1 FF                 ld      a, (IO_KEYB_B)
 23+  C1C0
 24+  C1C0                          ; Эти биты не используются в сканировании
 25+  C1C0 F6 03                    or      3
 26+  C1C2
 27+  C1C2                          ; Ни одна клавиша не нажата
 28+  C1C2 FE FF                    cp      0FFh
 29+  C1C4 C8                       ret z
 30+  C1C5
 31+  C1C5                          ; Сохраняем регистры
 32+  C1C5 E5                       push    hl
 33+  C1C6 C5                       push    bc
 34+  C1C7 D5                       push    de
 35+  C1C8
 36+  C1C8                          ; Перебираем 12 столбцов кнопок
 37+  C1C8 21 FE 0F                 ld      hl, 0FFEh
 38+  C1CB 11 A7 C4                 ld      de, v_keybTbl + 11
 39+  C1CE 06 FF                    ld      b, 0FFh
 40+  C1D0 7C           loc_C1DD:   ld      a, h
 41+  C1D1 32 E2 FF                 ld      (IO_KEYB_C),a
 42+  C1D4 7D                       ld      a, l
 43+  C1D5 32 E0 FF                 ld      (IO_KEYB_A),a
 44+  C1D8 0F                       rrca
 45+  C1D9 2F                       cpl
 46+  C1DA E6 04                    and     4
 47+  C1DC 4F                       ld      c, a
 48+  C1DD 3A E1 FF                 ld      a, (IO_KEYB_B)
 49+  C1E0 B1                       or      c
 50+  C1E1
 51+  C1E1                          ; Перебираем 6 кнопок в столбце
 52+  C1E1 0E 06                    ld      c, 6
 53+  C1E3 0F                       rrca
 54+  C1E4 0F                       rrca
 55+  C1E5 0F           loc_C1F2:   rrca
 56+  C1E6 D4 FF C1                 call    nc,    keybScan3
 57+  C1E9 0D                       dec     c
 58+  C1EA C2 E5 C1                 jp nz,  loc_C1F2
 59+  C1ED
 60+  C1ED                          ; Цикл
 61+  C1ED 1B                       dec     de
 62+  C1EE 29                       add     hl, hl
 63+  C1EF 23                       inc     hl
 64+  C1F0 7C                       ld      a, h
 65+  C1F1 C6 F0                    add     0F0h
 66+  C1F3 67                       ld      h, a
 67+  C1F4 DA D0 C1                 jp c,   loc_C1DD
 68+  C1F7
 69+  C1F7                          ; Режим ВВ55 по уполчанию
 70+  C1F7 CD 43 C2                 call    setKeybMode82
 71+  C1FA
 72+  C1FA                          ; Результат
 73+  C1FA 78                       ld      a, b
 74+  C1FB
 75+  C1FB                          ; Восстаналвиаем регистры
 76+  C1FB D1                       pop     de
 77+  C1FC C1                       pop     bc
 78+  C1FD E1                       pop     hl
 79+  C1FE C9                       ret
 80+  C1FF
 81+  C1FF              ;----------------------------------------------------------------------------
 82+  C1FF
 83+  C1FF D5           keybScan3:  push    de
 84+  C200 F5                       push    af
 85+  C201 3E 06                    ld      a, 6    ; e += (6 - c) * 16
 86+  C203 91                       sub     c
 87+  C204 87                       add     a, a
 88+  C205 87                       add     a, a
 89+  C206 87                       add     a, a
 90+  C207 87                       add     a, a
 91+  C208 83                       add     a, e
 92+  C209 5F                       ld      e, a
 93+  C20A 1A                       ld      a, (de) ; b = *de;
 94+  C20B 47                       ld      b, a
 95+  C20C F1                       pop     af
 96+  C20D D1                       pop     de
 97+  C20E C9                       ret
 98+  C20F
 35   C20F                  INCLUDE "getch2.inc"
  1+  C20F              ;----------------------------------------------------------------------------
  2+  C20F              ; MXOS
  3+  C20F              ; Ожидание ввода с клавиатуры
  4+  C20F              ;
  5+  C20F              ; На выходе
  6+  C20F              ;  ? - код
  7+  C20F              ;
  8+  C20F              ; 2013-12-12 Дизассемблировано vinxru
  9+  C20F              ;----------------------------------------------------------------------------
 10+  C20F
 11+  C20F              getch2:     ; Сохраняем регистры
 12+  C20F E5                       push    hl
 13+  C210 C5                       push    bc
 14+  C211 D5                       push    de
 15+  C212
 16+  C212                          ; Получаем код нажатой клавиши и сохраняем его в bios_vars.lastKey
 17+  C212 CD BA C1                 call    keyScan2
 18+  C215 32 F0 8F                 ld      (bios_vars.lastKey),a
 19+  C218
 20+  C218              getch_retry:
 21+  C218                          ; Тут будет признак, нарисован курсор или нет
 22+  C218 0E 01                    ld      c, 1
 23+  C21A
 24+  C21A              loc_C227:   ; Рисуем курсор
 25+  C21A CD 4D C3                 call    drawCursor2
 26+  C21D
 27+  C21D                          ; Задержка
 28+  C21D 3A F4 8F                 ld      a, (bios_vars.cursorDelay)
 29+  C220 06 40        loc_C22D:   ld      b, 40h
 30+  C222 CD 90 C1                 call    delay_b
 31+  C225 3D                       dec     a
 32+  C226 C2 20 C2                 jp nz,  loc_C22D
 33+  C229
 34+  C229              loc_C236:   ; Рисуем/стираем курсор
 35+  C229 CD 48 C3                 call    drawCursor
 36+  C22C
 37+  C22C                          ; Задержка мерцания курсора
 38+  C22C 11 00 05                 ld      de, 500h
 39+  C22F
 40+  C22F              loc_C23C:   ; Получаем код нажатой клавиши
 41+  C22F CD BA C1                 call    keyScan2
 42+  C232                          ;cp      80h         ; х.з.
 43+  C232 FE FF                    cp      0FFh
 44+  C234 C2 4F C2                 jp nz,  getch2_pressed
 45+  C237
 46+  C237                          ; Записываем bios_vars.lastKey=0FFh
 47+  C237 32 F0 8F                 ld      (bios_vars.lastKey),a
 48+  C23A
 49+  C23A                          ; Повторяем 500h раз
 50+  C23A 1B                       dec     de
 51+  C23B 7A                       ld      a, d
 52+  C23C B3                       or      e
 53+  C23D C2 2F C2                 jp nz,  loc_C23C
 54+  C240
 55+  C240                          ; Повтор всего
 56+  C240 C3 29 C2                 jp      loc_C236
 57+  C243
 58+  C243              ; ---------------------------------------------------------------------------
 59+  C243
 60+  C243              ;    DB 0FFh, 0FFh
 61+  C243
 62+  C243              ; ---------------------------------------------------------------------------
 63+  C243
 64+  C243              setKeybMode82:
 65+  C243 3E 82                    ld      a, 82h
 66+  C245 32 E3 FF                 ld      (IO_KEYB_MODE),a
 67+  C248 C9                       ret
 68+  C249
 69+  C249              ; ---------------------------------------------------------------------------
 70+  C249
 71+  C249              setKeybMode91:
 72+  C249 3E 91                    ld      a, 91h
 73+  C24B 32 E3 FF                 ld      (IO_KEYB_MODE),a
 74+  C24E C9                       ret
 75+  C24F
 76+  C24F              ; ---------------------------------------------------------------------------
 77+  C24F              ; Была нажата клавиша
 78+  C24F
 79+  C24F              getch2_pressed:
 80+  C24F                          ; Сохраняем код
 81+  C24F 47                       ld      b, a
 82+  C250
 83+  C250                          ; Если нарисован курсор, стираем его
 84+  C250 79                       ld      a, c
 85+  C251 0F                       rrca
 86+  C252 DA 58 C2                 jp c,   loc_C269
 87+  C255 CD 4D C3                 call    drawCursor2
 88+  C258              loc_C269:
 89+  C258 2A EF 8F                 ld      hl, (bios_vars.lastLastKey)   ; h = bios_vars.lastKey, l = bios_vars.lastLastKey
 90+  C25B 78                       ld      a, b        ; a = b = код нажатой клавиши
 91+  C25C BC                       cp      h
 92+  C25D C2 7C C2                 jp nz,    loc_C28D    ; Код нажатой клавиши изменился
 93+  C260 BD                       cp      l
 94+  C261 CA 84 C2                 jp z,   loc_C295
 95+  C264
 96+  C264                          ; Рисуем курсор
 97+  C264 CD 48 C3                 call    drawCursor
 98+  C267
 99+  C267                          ; Ждем, пока отпустят клавишу
100+  C267 3A F5 8F                 ld      a, (bios_vars.antiBsDelay)
101+  C26A 57                       ld      d, a
102+  C26B CD BA C1     loc_C27C:   call    keyScan2
103+  C26E BC                       cp      h
104+  C26F C2 1A C2                 jp nz,  loc_C227    ; Быстро нажали другую клавишу
105+  C272 15                       dec     d
106+  C273 C2 6B C2                 jp nz,  loc_C27C
107+  C276
108+  C276                          ; Долго держали
109+  C276
110+  C276                          ; Стираем курсор
111+  C276 CD 48 C3                 call    drawCursor
112+  C279
113+  C279 C3 7F C2                 jp      loc_C290
114+  C27C              ; ---------------------------------------------------------------------------
115+  C27C
116+  C27C              loc_C28D:   ; Звуковой сигнал
117+  C27C CD 70 C1                 call    beep
118+  C27F
119+  C27F 6C           loc_C290:   ld      l, h
120+  C280 60                       ld      h, b  ; код нажатой и предыдущей клавиши сохраняем в bios_vars.lastKey
121+  C281 22 EF 8F                 ld      (bios_vars.lastLastKey), hl
122+  C284
123+  C284              loc_C295:   ; Не служебные клавиши CAPS LOCK, SHIFT и РУС/LAT не влияют
124+  C284 78                       ld      a, b
125+  C285 FE 21                    cp      21h
126+  C287 DA FC C2                 jp c,   getch_noShift
127+  C28A                          ; На клавиши c кодами 21h-3Fh влияет SHIFT
128+  C28A FE 40                    cp      40h
129+  C28C DA EA C2                 jp c,   getch_shift
130+  C28F                          ; На символьные клавиши (40h-7Eh) влияют CAPS LOCK, SHIFT и РУС/LAT
131+  C28F FE 7F                    cp      7Fh
132+  C291 DA CA C2                 jp c,   getch_chars
133+  C294                          ; Не служебные клавиши (7Fh+) CAPS LOCK, SHIFT и РУС/LAT не влияют
134+  C294 CA FC C2                 jp z,   getch_noShift
135+  C297
136+  C297                          ; ...
137+  C297                          ;nop
138+  C297                          ;nop
139+  C297
140+  C297                          ; Переходим, если код клавиши не 81h
141+  C297 FE 81                    cp      81h
142+  C299 C2 FC C2                 jp nz,  getch_noShift
143+  C29C
144+  C29C                          ; Код клавиши 81h
145+  C29C
146+  C29C                          ; Если шифт не нажат
147+  C29C 3A E1 FF                 ld      a, (IO_KEYB_B)
148+  C29F E6 02                    and     2
149+  C2A1 C2 85 C5                 jp nz,  getch3
150+  C2A4
151+  C2A4                          ; Код клавиши 81h с шифтом
152+  C2A4
153+  C2A4                          ; Звуковой сигнал
154+  C2A4 CD 70 C1                 call    beep
155+  C2A7
156+  C2A7                          ; CAPS LOCK для KOI-7 или РУС/LAT для KOI-8
157+  C2A7 C3 C7 C5                 jp      getch_rc
158+  C2AA
159+  C2AA              ; ---------------------------------------------------------------------------
160+  C2AA              ; Нажата комбинация Shift + РУС/LAT
161+  C2AA
162+  C2AA              getch_RusLat:
163+  C2AA                          ; на входе a = bios_vars.keyLocks
164+  C2AA EE 81                    xor     81h ; инверируем сарший и младший биты
165+  C2AC 32 EC 8F                 ld      (bios_vars.keyLocks), a
166+  C2AF
167+  C2AF                          ; Особый звуковой сигнал
168+  C2AF 3A F1 8F                 ld      a, (bios_vars.beepFreq)
169+  C2B2 F5                       push    af
170+  C2B3 3E 4F                    ld      a, 4Fh
171+  C2B5 32 F1 8F                 ld      (bios_vars.beepFreq), a
172+  C2B8 CD 70 C1                 call    beep
173+  C2BB 3E 5F                    ld      a, 5Fh
174+  C2BD 32 F1 8F                 ld      (bios_vars.beepFreq), a
175+  C2C0 CD 70 C1                 call    beep
176+  C2C3 F1                       pop     af
177+  C2C4 32 F1 8F                 ld      (bios_vars.beepFreq), a
178+  C2C7
179+  C2C7                          ; ...
180+  C2C7                          ;nop
181+  C2C7
182+  C2C7 C3 18 C2                 jp      getch_retry
183+  C2CA
184+  C2CA              ; ---------------------------------------------------------------------------
185+  C2CA              ; Включаем кирилицу или строчные буквы
186+  C2CA
187+  C2CA              getch_chars:
188+  C2CA                          ; Если не нажат CAPS LOCK, пропускаем код ниже
189+  C2CA 3A EC 8F                 ld      a, (bios_vars.keyLocks)
190+  C2CD 4F                       ld      c, a
191+  C2CE A7                       and     a
192+  C2CF FA D6 C2                 jp M,   loc_C2EA    ; CAPS LOCK
193+  C2D2
194+  C2D2                          ; Превращаем заглавные в строчные
195+  C2D2 78                       ld      a, b
196+  C2D3 EE 20                    xor     20h
197+  C2D5 47                       ld      b, a
198+  C2D6
199+  C2D6              loc_C2EA:   ; Если зафиксирвоан ли РУС/ЛАТ, помещаем в c=1
200+  C2D6 79                       ld      a, c
201+  C2D7 E6 01                    and     1
202+  C2D9 4F                       ld      c, a
203+  C2DA
204+  C2DA                          ; Если шифт нажат, помещаем в a=0
205+  C2DA 3A E1 FF                 ld      a, (IO_KEYB_B)
206+  C2DD E6 02                    and     2
207+  C2DF 0F                       rrca    ; ! Как на счет флага c ?
208+  C2E0
209+  C2E0                          ; Превращаем английские символы в русские если a^c==0
210+  C2E0 A9                       xor     c
211+  C2E1 78                       ld      a, b
212+  C2E2 C2 D4 C5                 jp nz,  loc_C5A8
213+  C2E5 C6 80                    add     80h
214+  C2E7 C3 D4 C5                 jp      loc_C5A8
215+  C2EA
216+  C2EA              ; ---------------------------------------------------------------------------
217+  C2EA              ; Меняем цифры на символы
218+  C2EA
219+  C2EA              getch_shift:
220+  C2EA                          ; Если не нажат шифт, пропускаем код ниже
221+  C2EA 3A E1 FF                 ld      a, (IO_KEYB_B)
222+  C2ED E6 02                    and     2
223+  C2EF 78                       ld      a, b
224+  C2F0 C2 D4 C5                 jp nz,  loc_C5A8
225+  C2F3
226+  C2F3                          ; Меняем цифры на символы
227+  C2F3 EE 10                    xor     10h
228+  C2F5
229+  C2F5                          ; Одно исключение 30h должен меняться на 5Fh
230+  C2F5 FE 20                    cp      20h
231+  C2F7 C2 FC C2                 jp nz,  getch_noShift
232+  C2FA 3E 5F                    ld      a, 5Fh
233+  C2FC
234+  C2FC                          ; Прододжение getch_noShift
235+  C2FC
236+  C2FC              ; ---------------------------------------------------------------------------
237+  C2FC              ; Символы без изменений
238+  C2FC
239+  C2FC              getch_noShift:
240+  C2FC                          ; Сохраняем код нажатой клавиши в b
241+  C2FC 47                       ld      b, a
242+  C2FD
243+  C2FD CD B4 C1     loc_C311:   call    setKeybMode83
244+  C300 3E F7                    ld      a, 0F7h
245+  C302 32 E0 FF                 ld      (IO_KEYB_A),a
246+  C305 3A E1 FF                 ld      a, (IO_KEYB_B)
247+  C308 2F                       cpl
248+  C309 0F                       rrca
249+  C30A 0F                       rrca
250+  C30B 0F                       rrca
251+  C30C CD 43 C2                 call    setKeybMode82
252+  C30F
253+  C30F                          ;nop
254+  C30F
255+  C30F                          ; Восстаналиваем код нажатой клавиши
256+  C30F 78                       ld      a, b
257+  C310
258+  C310              popa_ret_2: ; Восстаналиваем регистры и выходим
259+  C310 D1                       pop     de
260+  C311 C1                       pop     bc
261+  C312 E1                       pop     hl
262+  C313 C9                       ret
263+  C314
 36   C314                  INCLUDE "calcCursorAddr.inc"
  1+  C314              ;+---------------------------------------------------------------------------
  2+  C314              ; MXOS
  3+  C314              ; Расчет адреса курсора в видеопамяти. И перевод строки, если курсор был
  4+  C314              ; за правым краем экрана.
  5+  C314              ;
  6+  C314              ; На выходе
  7+  C314              ;  hl - координаты курсора
  8+  C314              ;  a * 256 + l - адрес в видеопамяти
  9+  C314              ;
 10+  C314              ; 2013-12-12 Дизассемблировано vinxru
 11+  C314              ;----------------------------------------------------------------------------
 12+  C314
 13+  C314              calcCursorAddr:   ; В hl положение курсора
 14+  C314 2A FC 8F                 ld    hl, (bios_vars.cursorY)
 15+  C317
 16+  C317                          ; Если cursorX >= 190, то перевод строки (вывод кода 10)
 17+  C317                          ; Иначе рассчитываем адрес старшего байта a = cursorX / 4 + 90h
 18+  C317 7C                       ld    a, h
 19+  C318 FE BE                    cp    190
 20+  C31A DA 41 C3                 jp c, calcCursorAd_1
 21+  C31D 0E 0A                    ld    c, 10
 22+  C31F C3 3A C3                 jp    calcCursorAd_0
 23+  C322
 37   C322
 38   C322                  ORG_PAD 0C337h
 38   C322             >         IF $ > 0C337h
 38   C322 ~           >           ; вывод сообщения об ошибке
 38   C322 ~           >           ASSERT 0
 38   C322 ~           >           DISPLAY /l, "Error! ORG_PAD failed! ", $, " is more than ", adr
 38   C322             >         ELSE
 38   C322             >           ; заполнение памяти
 38   C322 FF FF FF... >           BLOCK 0C337h-$, 0FFh
 38   C326             >         ENDIF
 38   C337             >         ORG 0C337h
 39   C337                  INCLUDE "getch.inc"
  1+  C337              ;----------------------------------------------------------------------------
  2+  C337              ; MXOS
  3+  C337              ; Ожидание ввода с клавиатуры
  4+  C337              ;
  5+  C337              ; На выходе
  6+  C337              ;  ? - код
  7+  C337              ;
  8+  C337              ; 2013-12-12 Дизассемблировано vinxru
  9+  C337              ;----------------------------------------------------------------------------
 10+  C337
 11+  C337 C3 0F C2     getch:            jp    getch2
 12+  C33A
 40   C33A                  INCLUDE "calcCursorAddr2.inc"
  1+  C33A              ;+---------------------------------------------------------------------------
  2+  C33A              ; MXOS
  3+  C33A              ; Расчет адреса курсора в видеопамяти (продолжение);
  4+  C33A              ;
  5+  C33A              ; 2013-12-12 Дизассемблировано vinxru
  6+  C33A              ;----------------------------------------------------------------------------
  7+  C33A
  8+  C33A              calcCursorAd_0:   ; Перевод строки (на входе c=10)
  9+  C33A CD 37 C0                 call  printChar
 10+  C33D
 11+  C33D                          ; Восстановление регистров после printChar (хотя он не портит регистры)
 12+  C33D 2A FC 8F                 ld    hl, (bios_vars.cursorY)
 13+  C340 7C                       ld    a, h
 14+  C341
 15+  C341              calcCursorAd_1:   ; Расчет старшего байта адреса
 16+  C341                          ; a = cursorX / 4 + 90h
 17+  C341 0F                       rrca
 18+  C342 0F                       rrca
 19+  C343 E6 3F                    and   3Fh
 20+  C345 C6 90                    add   a,90h
 21+  C347 C9                       ret
 22+  C348
 41   C348                  INCLUDE "drawCursor.inc"
  1+  C348              ;+---------------------------------------------------------------------------
  2+  C348              ; MXOS
  3+  C348              ; Рисование курсора на экране
  4+  C348              ;
  5+  C348              ; На выходе
  6+  C348              ;  bc, de, hl - сохраняются
  7+  C348              ;
  8+  C348              ; 2013-12-12 Дизассемблировано vinxru
  9+  C348              ;----------------------------------------------------------------------------
 10+  C348
 11+  C348              drawCursor: ; Если установлен 7-ой бит bios_vars.cursorCfg & 0x80, выходим
 12+  C348 3A E9 8F                 ld    a, (bios_vars.cursorCfg)
 13+  C34B A7                       and   a
 14+  C34C F8                       ret m
 15+  C34D
 16+  C34D              drawCursor2:      ; Курсор нарисован/стерт
 17+  C34D 0C                       inc   c
 18+  C34E
 19+  C34E              drawCursor3:      ; Сохраняем регистры
 20+  C34E E5                       push  hl
 21+  C34F C5                       push  bc
 22+  C350 D5                       push  de
 23+  C351
 24+  C351                          ; Рассчитываем адрес на экране
 25+  C351 CD 14 C3                 call  calcCursorAddr
 26+  C354 57                       ld    d, a
 27+  C355
 28+  C355                          ; Положение курсора от +2 до -5 (при битах 654 от 0 до 7)
 29+  C355                          ; b = bios_vars.cursorCfg
 30+  C355                          ; e = ~((bios_vars.cursorCfg / 16) % 8 - 3) + l
 31+  C355 3A E9 8F                 ld    a, (bios_vars.cursorCfg)
 32+  C358 47                       ld    b, a
 33+  C359 0F                       rrca
 34+  C35A 0F                       rrca
 35+  C35B 0F                       rrca
 36+  C35C 0F                       rrca
 37+  C35D E6 07                    and   7
 38+  C35F D6 03                    sub   3
 39+  C361 2F                       cpl
 40+  C362 85                       add   a, l
 41+  C363 5F                       ld    e, a
 42+  C364
 43+  C364                          ; Рассчитыаем маску курсора
 44+  C364                          ;  hl = 011111100b << (((~h) % 4 +1)*2)
 45+  C364 7C                       ld    a, h
 46+  C365 2F                       cpl
 47+  C366 E6 03                    and   3
 48+  C368 21 FC 00                 ld    hl, 011111100b ; FCh
 49+  C36B 3C                       inc   a
 50+  C36C 29           drawCursor_0:     add   hl, hl
 51+  C36D 29                       add   hl, hl
 52+  C36E C3 43 C4                 jp    drawCursor_1
 53+  C371
 42   C371
 43   C371                  ORG_PAD 0C377h
 43   C371             >         IF $ > 0C377h
 43   C371 ~           >           ; вывод сообщения об ошибке
 43   C371 ~           >           ASSERT 0
 43   C371 ~           >           DISPLAY /l, "Error! ORG_PAD failed! ", $, " is more than ", adr
 43   C371             >         ELSE
 43   C371             >           ; заполнение памяти
 43   C371 FF FF FF... >           BLOCK 0C377h-$, 0FFh
 43   C375             >         ENDIF
 43   C377             >         ORG 0C377h
 44   C377                  INCLUDE "tape.inc"
  1+  C377              ;----------------------------------------------------------------------------
  2+  C377              ; MXOS
  3+  C377              ; Таблица перехвата вызовов драйвера магнитофона
  4+  C377              ;
  5+  C377              ; Изначально все функции просто перезапускают систему.
  6+  C377              ; Адреса заменяются на реальные при установке драйвера.
  7+  C377              ;
  8+  C377              ; 2022-02-03 SpaceEngineer
  9+  C377              ;----------------------------------------------------------------------------
 10+  C377
 11+  C377 C3 00 C8     t_tapeRead:      jp bios_reboot
 12+  C37A C3 00 C8     t_tapeWrite:     jp bios_reboot
 13+  C37D C3 00 C8     t_tapeLoad:      jp bios_reboot
 14+  C380 C3 00 C8     t_tapeSave:      jp bios_reboot
 15+  C383 C3 00 C8     t_tapeLoadInt:   jp bios_reboot
 16+  C386 C3 00 C8     t_tapeReadError: jp bios_reboot
 17+  C389
 45   C389                  INCLUDE "cmp_hl_de_2.inc"
  1+  C389              ;+---------------------------------------------------------------------------
  2+  C389              ; MXOS
  3+  C389              ; Сравнить hl и de
  4+  C389              ;
  5+  C389              ; 2013-12-12 Дизассемблировано vinxru
  6+  C389              ;----------------------------------------------------------------------------
  7+  C389
  8+  C389              cmp_hl_de_2:
  9+  C389 7C                   ld    a, h
 10+  C38A BA                   cp    d
 11+  C38B D8                   ret   c
 12+  C38C C0                   ret   nz
 13+  C38D 7D                   ld    a, l
 14+  C38E BB                   cp    e
 15+  C38F C9                   ret
 16+  C390
 46   C390                  INCLUDE "sbb_de_hl_to_hl.inc"
  1+  C390              ;+---------------------------------------------------------------------------
  2+  C390              ; MXOS
  3+  C390              ; hl = de - hl
  4+  C390              ;
  5+  C390              ; 2013-12-12 Дизассемблировано vinxru
  6+  C390              ;----------------------------------------------------------------------------
  7+  C390
  8+  C390              sbb_de_hl_to_hl:
  9+  C390 7B                       ld    a, e
 10+  C391 95                       sub   l
 11+  C392 6F                       ld    l, a
 12+  C393 7A                       ld    a, d
 13+  C394 9C                       sbc   h
 14+  C395 67                       ld    h, a
 15+  C396 C9                       ret
 16+  C397
 47   C397                  INCLUDE "memmove_bc_hl.inc"
  1+  C397              ;+---------------------------------------------------------------------------
  2+  C397              ; MXOS
  3+  C397              ; Копирование накладывающихся блоков памяти (с ошибкой)
  4+  C397              ;
  5+  C397              ; На входе
  6+  C397              ;  hl - откуда
  7+  C397              ;  de - откуда, конечный адрес не включая
  8+  C397              ;  bc - куда, с увеличением адресов
  9+  C397              ;
 10+  C397              ; 2013-12-12 Дизассемблировано vinxru
 11+  C397              ;----------------------------------------------------------------------------
 12+  C397
 13+  C397              memmove_bc_hl:
 14+  C397                          ; Сохраняем регистры
 15+  C397 E5                       push    hl
 16+  C398 C5                       push    bc
 17+  C399 D5                       push    de
 18+  C39A
 19+  C39A                          ; Если b<h или c<l, то
 20+  C39A 78                       ld      a, b
 21+  C39B BC                       cp      h
 22+  C39C DA B9 C3                 jp c,   memcpy_bc_hl2
 23+  C39F
 24+  C39F                          ; Тут не хватает jnz
 25+  C39F
 26+  C39F 79                       ld      a, c
 27+  C3A0 BD                       cp      l
 28+  C3A1 DA B9 C3                 jp c,   memcpy_bc_hl2
 29+  C3A4
 30+  C3A4                          ; bc = bc + de - hl
 31+  C3A4 E5                       push    hl
 32+  C3A5 CD 90 C3                 call    sbb_de_hl_to_hl
 33+  C3A8 09                       add     hl, bc
 34+  C3A9 44                       ld      b, h
 35+  C3AA 4D                       ld      c, l
 36+  C3AB E1                       pop     hl
 37+  C3AC
 38+  C3AC              memcpyb_bc_de:
 39+  C3AC                          ; Копируем из de в bc с уменьшением адресов, пока hl не равно de
 40+  C3AC 1A                       ld      a, (de)
 41+  C3AD 02                       ld      (bc), a
 42+  C3AE CD 89 C3                 call    cmp_hl_de_2
 43+  C3B1 1B                       dec     de
 44+  C3B2 0B                       dec     bc
 45+  C3B3 C2 AC C3                 jp nz,  memcpyb_bc_de
 46+  C3B6
 47+  C3B6                          ; Восстановление регистров и выход
 48+  C3B6 C3 C3 C3                 jp      popDBH_ret2
 49+  C3B9
 50+  C3B9              memcpy_bc_hl2:
 51+  C3B9                          ; Копируем из hl в bc с увеличением адресов, пока hl не равно de
 52+  C3B9 7E                       ld      a, (hl)
 53+  C3BA 02                       ld      (bc),a
 54+  C3BB CD 89 C3                 call    cmp_hl_de_2
 55+  C3BE 23                       inc     hl
 56+  C3BF 03                       inc     bc
 57+  C3C0 C2 B9 C3                 jp nz,  memcpy_bc_hl2
 58+  C3C3
 59+  C3C3              popDBH_ret2:
 60+  C3C3                          ; Восстановление регистров и выход
 61+  C3C3 D1                       pop     de
 62+  C3C4 C1                       pop     bc
 63+  C3C5 E1                       pop     hl
 64+  C3C6 C9                       ret
 65+  C3C7
 48   C3C7                  INCLUDE "memset_de_20_b.inc"
  1+  C3C7              ;+---------------------------------------------------------------------------
  2+  C3C7              ; MXOS
  3+  C3C7              ; Заполнить память пробелами
  4+  C3C7              ;
  5+  C3C7              ; На входе
  6+  C3C7              ;  de - адрес
  7+  C3C7              ;  b  - длина (0 считается за 256)
  8+  C3C7              ;
  9+  C3C7              ; 2013-12-12 Дизассемблировано vinxru
 10+  C3C7              ;----------------------------------------------------------------------------
 11+  C3C7
 12+  C3C7              memset_de_20_b:
 13+  C3C7 3E 20                    ld      a, ' '
 14+  C3C9              memset_de_a_b:
 15+  C3C9 12                       ld      (de), a
 16+  C3CA 13                       inc     de
 17+  C3CB 05                       dec     b
 18+  C3CC C2 C9 C3                 jp nz,  memset_de_a_b
 19+  C3CF C9                       ret
 20+  C3D0
 49   C3D0
 50   C3D0                  ORG_PAD 0C3D0h
 50   C3D0             >         IF $ > 0C3D0h
 50   C3D0 ~           >           ; вывод сообщения об ошибке
 50   C3D0 ~           >           ASSERT 0
 50   C3D0 ~           >           DISPLAY /l, "Error! ORG_PAD failed! ", $, " is more than ", adr
 50   C3D0             >         ELSE
 50   C3D0             >           ; заполнение памяти
 50   C3D0             >           BLOCK 0C3D0h-$, 0FFh
 50   C3D0             >         ENDIF
 50   C3D0             >         ORG 0C3D0h
 51   C3D0 C3 7A C3         jp      t_tapeWrite
 52   C3D3
 53   C3D3                  IF RAMFOS_COMPATIBILITY
 54   C3D3                      INCLUDE "strToHex.inc"
  1+  C3D3              ;+---------------------------------------------------------------------------
  2+  C3D3              ; MXOS
  3+  C3D3              ; Преобразвоние строки в 16-ричное число
  4+  C3D3              ; Заимствовано из RAMFOS
  5+  C3D3              ;
  6+  C3D3              ; На входе
  7+  C3D3              ;  de - Строка
  8+  C3D3              ;
  9+  C3D3              ; На выходе
 10+  C3D3              ;  bc       - Сохраняется
 11+  C3D3              ;  de       - Следующий символ за запятой или концом строки
 12+  C3D3              ;  jz       - Ошибка
 13+  C3D3              ;  jnz, jc  - Конец строки
 14+  C3D3              ;  jnz, jnc - Пробел или запятая
 15+  C3D3              ;  hl       - Число
 16+  C3D3              ;
 17+  C3D3              ; 2013-11-01 Дизассемблировано vinxru
 18+  C3D3              ;----------------------------------------------------------------------------
 19+  C3D3
 20+  C3D3              strToHex:
 21+  C3D3 21 00 00                 ld  hl, 0
 22+  C3D6
 23+  C3D6              strToHex_loop:    ; Чтение символа
 24+  C3D6 1A                       ld    a, (de)
 25+  C3D7 13                       inc   de
 26+  C3D8
 27+  C3D8                          ; Если конец строки, выходим с флагами NZ, c
 28+  C3D8 FE 0D                    cp    0Dh
 29+  C3DA CA 13 C4                 jp z, ora_a_stc_ret
 30+  C3DD
 31+  C3DD                          ; Если пробел или запятая, выходим с флагами NZ, NC
 32+  C3DD FE 2C                    cp    ','
 33+  C3DF CA 16 C4                 jp z, ora_a_ret
 34+  C3E2 FE 20                    cp    ' '
 35+  C3E4 CA 16 C4                 jp z, ora_a_ret
 36+  C3E7
 37+  C3E7                          ; Если некорректный символ, выходим с флагами С,Z
 38+  C3E7 D6 30                    sub   '0'
 39+  C3E9 FA 0D C4                 jp M, xra_a_stc_ret
 40+  C3EC
 41+  C3EC                          ; Если это цифра
 42+  C3EC FE 0A                    cp    10
 43+  C3EE FA FD C3                 jp M, strToHex_0
 44+  C3F1
 45+  C3F1                          ; Если некорректный символ, выходим с флагами С,Z
 46+  C3F1 FE 11                    cp    11h
 47+  C3F3 FA 0D C4                 jp M, xra_a_stc_ret
 48+  C3F6 FE 17                    cp    17h
 49+  C3F8 F2 0D C4                 jp p, xra_a_stc_ret
 50+  C3FB
 51+  C3FB                          ; Это буквы A..F
 52+  C3FB D6 07                    sub   'A'-'0'-10
 53+  C3FD
 54+  C3FD              strToHex_0:
 55+  C3FD                          ; hl *= 16
 56+  C3FD 29                       add   hl, hl
 57+  C3FE 29                       add   hl, hl
 58+  C3FF 29                       add   hl, hl
 59+  C400 29                       add   hl, hl
 60+  C401
 61+  C401                          ; Если переполнение, выходим c флагами С,Z
 62+  C401 DA 0D C4                 jp c, xra_a_stc_ret
 63+  C404
 64+  C404                          ; hl += bc
 65+  C404 C5                       push bc
 66+  C405 06 00                    ld   b, 0
 67+  C407 4F                       ld   c, a
 68+  C408 09                       add  hl, bc
 69+  C409 C1                       pop  bc
 70+  C40A
 71+  C40A C3 D6 C3                 jp    strToHex_loop
 72+  C40D
 73+  C40D              xra_a_stc_ret:    ; Вывод знака вопроса
 74+  C40D 0E 3F                    ld  c, '?'
 75+  C40F CD 37 C0                 call      printChar
 76+  C412 AF                       xor a
 77+  C413
 78+  C413              ora_a_stc_ret:
 79+  C413 B7                       or  a
 80+  C414 37                       scf
 81+  C415 C9                       ret
 82+  C416
 83+  C416              ora_a_ret:
 84+  C416 B7                       or  a
 85+  C417 C9                       ret
 86+  C418
 55   C418                  ENDIF
 56   C418
 57   C418                  ORG_PAD 0C427h
 57   C418             >         IF $ > 0C427h
 57   C418 ~           >           ; вывод сообщения об ошибке
 57   C418 ~           >           ASSERT 0
 57   C418 ~           >           DISPLAY /l, "Error! ORG_PAD failed! ", $, " is more than ", adr
 57   C418             >         ELSE
 57   C418             >           ; заполнение памяти
 57   C418 FF FF FF... >           BLOCK 0C427h-$, 0FFh
 57   C41C             >         ENDIF
 57   C427             >         ORG 0C427h
 58   C427                  INCLUDE "cmp_hl_de.inc"
  1+  C427              ;+---------------------------------------------------------------------------
  2+  C427              ; MXOS
  3+  C427              ; Сравнить hl и de
  4+  C427              ;
  5+  C427              ; 2013-12-12 Дизассемблировано vinxru
  6+  C427              ;----------------------------------------------------------------------------
  7+  C427
  8+  C427              cmp_hl_de:
  9+  C427 7C                   ld    a, h
 10+  C428 BA                   cp    d
 11+  C429 C0                   ret   nz
 12+  C42A 7D                   ld    a, l
 13+  C42B BB                   cp    e
 14+  C42C C9                   ret
 15+  C42D
 59   C42D
 60   C42D                  ORG_PAD 0C42Dh
 60   C42D             >         IF $ > 0C42Dh
 60   C42D ~           >           ; вывод сообщения об ошибке
 60   C42D ~           >           ASSERT 0
 60   C42D ~           >           DISPLAY /l, "Error! ORG_PAD failed! ", $, " is more than ", adr
 60   C42D             >         ELSE
 60   C42D             >           ; заполнение памяти
 60   C42D             >           BLOCK 0C42Dh-$, 0FFh
 60   C42D             >         ENDIF
 60   C42D             >         ORG 0C42Dh
 61   C42D                  INCLUDE "memcpy_bc_hl.inc"
  1+  C42D              ;+---------------------------------------------------------------------------
  2+  C42D              ; MXOS
  3+  C42D              ; Скопировать блок памяти
  4+  C42D              ;
  5+  C42D              ; На входе
  6+  C42D              ;  hl - откуда начало
  7+  C42D              ;  de - откуда конец + 1
  8+  C42D              ;  (de-hl) - длина
  9+  C42D              ;  bc - куда
 10+  C42D              ;
 11+  C42D              ; На выходе
 12+  C42D              ;  de - сохраняется
 13+  C42D              ;
 14+  C42D              ; 2013-12-12 Дизассемблировано vinxru
 15+  C42D              ;----------------------------------------------------------------------------
 16+  C42D
 17+  C42D              memcpy_bc_hl:
 18+  C42D 7E                       ld      a, (hl)
 19+  C42E 02                       ld      (bc),a
 20+  C42F 23                       inc     hl
 21+  C430 03                       inc     bc
 22+  C431 CD 27 C4                 call    cmp_hl_de
 23+  C434 C2 2D C4                 jp nz,  memcpy_bc_hl
 24+  C437 C9                       ret
 25+  C438
 62   C438
 63   C438                  ORG_PAD 0C438h
 63   C438             >         IF $ > 0C438h
 63   C438 ~           >           ; вывод сообщения об ошибке
 63   C438 ~           >           ASSERT 0
 63   C438 ~           >           DISPLAY /l, "Error! ORG_PAD failed! ", $, " is more than ", adr
 63   C438             >         ELSE
 63   C438             >           ; заполнение памяти
 63   C438             >           BLOCK 0C438h-$, 0FFh
 63   C438             >         ENDIF
 63   C438             >         ORG 0C438h
 64   C438                  INCLUDE "printString1.inc"
  1+  C438              ;+---------------------------------------------------------------------------
  2+  C438              ; MXOS
  3+  C438              ; Вывод строки на экран
  4+  C438              ;
  5+  C438              ; На входе
  6+  C438              ;  hl - строка
  7+  C438              ;
  8+  C438              ; На выходе
  9+  C438              ;  af, bc, de - сохраняются
 10+  C438              ;
 11+  C438              ; 2013-12-12 Дизассемблировано vinxru
 12+  C438              ;----------------------------------------------------------------------------
 13+  C438
 14+  C438 C3 22 C5     printString1:     jp    printString
 15+  C43B
 65   C43B                  INCLUDE "printChar6.inc"
  1+  C43B              ;+---------------------------------------------------------------------------
  2+  C43B              ; MXOS
  3+  C43B              ; Обработка служебных кодов при выводе символа (продолжение)
  4+  C43B              ;
  5+  C43B              ; 2013-12-12 Дизассемблировано vinxru
  6+  C43B              ;----------------------------------------------------------------------------
  7+  C43B
  8+  C43B              ; ---------------------------------------------------------------------------
  9+  C43B              ; Обработка ESC+F
 10+  C43B
 11+  C43B 3E 80        printChar_eF:   ld    a, 80h
 12+  C43D 32 EB 8F                     ld    (bios_vars.escMode), a
 13+  C440 C9                           ret
 14+  C441
 66   C441
 67   C441                  ORG_PAD 0C443h
 67   C441             >         IF $ > 0C443h
 67   C441 ~           >           ; вывод сообщения об ошибке
 67   C441 ~           >           ASSERT 0
 67   C441 ~           >           DISPLAY /l, "Error! ORG_PAD failed! ", $, " is more than ", adr
 67   C441             >         ELSE
 67   C441             >           ; заполнение памяти
 67   C441 FF FF       >           BLOCK 0C443h-$, 0FFh
 67   C443             >         ENDIF
 67   C443             >         ORG 0C443h
 68   C443                  INCLUDE "drawCursor2.inc"
  1+  C443              ;+---------------------------------------------------------------------------
  2+  C443              ; MXOS
  3+  C443              ; Рисование курсора на экране (продолжение)
  4+  C443              ;
  5+  C443              ; 2013-12-12 Дизассемблировано vinxru
  6+  C443              ;----------------------------------------------------------------------------
  7+  C443
  8+  C443              drawCursor_1:     ; Цикл
  9+  C443 3D                       dec   a
 10+  C444 C2 6C C3                 jp nz,  drawCursor_0
 11+  C447
 12+  C447                          ; b = vars.cursorCfg & 0xF
 13+  C447 78                       ld    a, b
 14+  C448 E6 0F                    and   0Fh
 15+  C44A 47                       ld    b, a
 16+  C44B
 17+  C44B                          ; Вывод курсора (b - высота, de - адрес на экране, hl - курсор)
 18+  C44B
 19+  C44B              drawCursor_2:     ; Повторить код ниже b раз
 20+  C44B 05                       dec   b
 21+  C44C FA 10 C3                 jp M, popa_ret_2
 22+  C44F
 23+  C44F                          ; *de--     ^= hl;
 24+  C44F 1A                       ld    a, (de)
 25+  C450 AC                       xor   h
 26+  C451 12                       ld    (de),a
 27+  C452 14                       inc   d
 28+  C453 1A                       ld    a, (de)
 29+  C454 AD                       xor   l
 30+  C455 12                       ld    (de),a
 31+  C456 15                       dec   d
 32+  C457 1D                       dec   e
 33+  C458 C3 4B C4                 jp    drawCursor_2
 34+  C45B
 69   C45B
 70   C45B                  ORG_PAD 0C478h
 70   C45B             >         IF $ > 0C478h
 70   C45B ~           >           ; вывод сообщения об ошибке
 70   C45B ~           >           ASSERT 0
 70   C45B ~           >           DISPLAY /l, "Error! ORG_PAD failed! ", $, " is more than ", adr
 70   C45B             >         ELSE
 70   C45B             >           ; заполнение памяти
 70   C45B FF FF FF... >           BLOCK 0C478h-$, 0FFh
 70   C45F             >         ENDIF
 70   C478             >         ORG 0C478h
 71   C478 C3 86 C3         jp      t_tapeReadError
 72   C47B
 73   C47B FF FF 00 C8  initVars        BIOS_VARIABLES
 73   C47F FF FF FF FF
 73   C483 00 1C 21 00
 73   C487 FF BA FF FF
 73   C48B FF FF 5F 20
 73   C48F FF 20 E0 FF
 73   C493 FF 10 00 00
 73   C497 00 FF FF 28
 73   C49B 3C
 74   C49C              initVarsEnd:
 75   C49C
 76   C49C              v_keybTbl:
 77   C49C 81 0C 19 1A      DB 81h, 0Ch, 19h, 1Ah, 09h, 1Bh, 20h, 08h, 80h, 18h, 0Ah, 0Dh, 0, 0, 0, 0
 77   C4A0 09 1B 20 08
 77   C4A4 80 18 0A 0D
 77   C4A8 00 00 00 00
 78   C4AC 71 7E 73 6D      DB 71h, 7Eh, 73h, 6Dh, 69h, 74h, 78h, 62h, 60h, 2Ch, 2Fh, 7Fh, 0, 0, 0, 0
 78   C4B0 69 74 78 62
 78   C4B4 60 2C 2F 7F
 78   C4B8 00 00 00 00
 79   C4BC 66 79 77 61      DB 66h, 79h, 77h, 61h, 70h, 72h, 6Fh, 6Ch, 64h, 76h, 7Ch, 2Eh, 0, 0, 0, 0
 79   C4C0 70 72 6F 6C
 79   C4C4 64 76 7C 2E
 79   C4C8 00 00 00 00
 80   C4CC 6A 63 75 6B      DB 6Ah, 63h, 75h, 6Bh, 65h, 6Eh, 67h, 7Bh, 7Dh, 7Ah, 68h, 3Ah, 0, 0, 0, 0
 80   C4D0 65 6E 67 7B
 80   C4D4 7D 7A 68 3A
 80   C4D8 00 00 00 00
 81   C4DC 3B 31 32 33      DB 3Bh, 31h, 32h, 33h, 34h, 35h, 36h, 37h, 38h, 39h, 30h, 2Dh, 0, 0, 0, 0
 81   C4E0 34 35 36 37
 81   C4E4 38 39 30 2D
 81   C4E8 00 00 00 00
 82   C4EC 00 01 02 03      DB 00h, 01h, 02h, 03h, 04h, 05h, 06h, 07h, 8Ah, 8Bh, 8Ch, 1Fh, 0, 0, 0, 0
 82   C4F0 04 05 06 07
 82   C4F4 8A 8B 8C 1F
 82   C4F8 00 00 00 00
 83   C4FC
 84   C4FC                  INCLUDE "printer.inc"
  1+  C4FC              ;+---------------------------------------------------------------------------
  2+  C4FC              ; MXOS
  3+  C4FC              ; Вывод байта на принтер
  4+  C4FC              ;
  5+  C4FC              ; На входе
  6+  C4FC              ;   c - байт
  7+  C4FC              ;
  8+  C4FC              ; На выходе
  9+  C4FC              ;   af, bc, de, hl - cохраняются
 10+  C4FC              ;
 11+  C4FC              ; 2013-12-12 Дизассемблировано vinxru
 12+  C4FC              ;----------------------------------------------------------------------------
 13+  C4FC
 14+  C4FC              printer:    ; Сохраняем регистры
 15+  C4FC F5                       push  af
 16+  C4FD
 17+  C4FD                          ; Режим порта расширения
 18+  C4FD 3E 90                    ld    a, 90h
 19+  C4FF 32 E7 FF                 ld    (IO_PROG_MODE), a
 20+  C502
 21+  C502                          ; Выводим байт на принтер
 22+  C502 79                       ld    a, c
 23+  C503 2F                       cpl
 24+  C504 32 E5 FF                 ld    (IO_PROG_B), a
 25+  C507
 26+  C507              printer_loop:     ; Выход     при нажатии любой клавиши
 27+  C507 3A E1 FF                 ld    a, (IO_KEYB_B)
 28+  C50A E6 02                    and   2
 29+  C50C CA 20 C5                 jp z, printer_ret
 30+  C50F
 31+  C50F                          ; Ждем пока принтер не будет готов
 32+  C50F 3A E4 FF                 ld    a, (IO_PROG_A)
 33+  C512 E6 40                    and   40h
 34+  C514 C2 07 C5                 jp nz,  printer_loop
 35+  C517
 36+  C517                          ; Строб
 37+  C517 3E 03                    ld    a, 3
 38+  C519 32 E6 FF                 ld    (IO_PROG_C), a
 39+  C51C AF                       xor   a
 40+  C51D 32 E6 FF                 ld    (IO_PROG_C), a
 41+  C520
 42+  C520              printer_ret:      ; Восстаналвиаем регистры
 43+  C520 F1                       pop   af
 44+  C521 C9                       ret
 45+  C522
 85   C522                  INCLUDE "printString.inc"
  1+  C522              ;+---------------------------------------------------------------------------
  2+  C522              ; MXOS
  3+  C522              ; Вывод строки на экран
  4+  C522              ;
  5+  C522              ; На входе
  6+  C522              ;  hl - строка
  7+  C522              ;
  8+  C522              ; На выходе
  9+  C522              ;  af, bc, de - сохраняются
 10+  C522              ;
 11+  C522              ; 2013-12-12 Дизассемблировано vinxru
 12+  C522              ;----------------------------------------------------------------------------
 13+  C522
 14+  C522              printString:      ; Сохраняем регистры
 15+  C522 C5                       push  bc
 16+  C523 F5                       push  af
 17+  C524
 18+  C524              printString_1:    ; Читаем очередной байт
 19+  C524 7E                       ld  a, (hl)
 20+  C525
 21+  C525                          ; Если прочитан 0, выходим
 22+  C525 B7                       or    a
 23+  C526 CA 31 C5                 jp z, printString_2
 24+  C529
 25+  C529                          ; Выводим байт на экран
 26+  C529 4F                       ld    c, a
 27+  C52A CD 37 C0                 call  printChar
 28+  C52D
 29+  C52D                          ; Следующий байт
 30+  C52D 23                       inc   hl
 31+  C52E C3 24 C5                 jp    printString_1
 32+  C531
 33+  C531              ; ---------------------------------------------------------------------------
 34+  C531
 35+  C531              printString_2:    ; Восстанавливаем регистры
 36+  C531 F1                       pop   af
 37+  C532 C1                       pop   bc
 38+  C533 C9                       ret
 39+  C534
 86   C534                  INCLUDE "reboot1.inc"
  1+  C534              ;+---------------------------------------------------------------------------
  2+  C534              ; MXOS
  3+  C534              ; Перезагрузка (продолжение)
  4+  C534              ;
  5+  C534              ; 2013-12-12 Дизассемблировано vinxru
  6+  C534              ;----------------------------------------------------------------------------
  7+  C534
  8+  C534              reboot1:    ; Для выключения звука
  9+  C534 3E 36                    ld    a, 36h
 10+  C536
 11+  C536                          ; Включаем ОЗУ
 12+  C536 32 FC FF                 ld    (IO_PAGE_RAM), a
 13+  C539
 14+  C539                          ; Выключаем звук
 15+  C539 32 EF FF                 ld    (IO_TIMER_MODE), a
 16+  C53C
 17+  C53C                          ; Инициализация переменных
 18+  C53C 21 7B C4                 ld    hl, initVars      ; Откуда
 19+  C53F 11 9C C4                 ld    de, initVarsEnd   ; Конец
 20+  C542 01 DF 8F                 ld    bc, bios_vars     ; Куда
 21+  C545 CD 2D C4                 call  memcpy_bc_hl
 22+  C548
 23+  C548                          ; Инициализация кэша fat
 24+  C548 CD 5B CC                 call  resetSectorCache
 25+  C54B
 26+  C54B                          ; Установка цвета
 27+  C54B                  IF ENABLE_COLOR
 28+  C54B 3E F0                    ld    a, COLOR_BIOS
 29+  C54D 32 F8 FF                 ld    (IO_COLOR), a
 30+  C550                  ELSE
 31+  C550 ~                        ld    a, 0Fh
 32+  C550 ~                        ld    (IO_KEYB_MODE), a
 33+  C550                  ENDIF
 34+  C550
 35+  C550                          ; Очищаем экран
 36+  C550 CD 10 C0                 call    clearScreen
 37+  C553
 38+  C553                  IF LOAD_FONT
 39+  C553              onceInitFont:
 40+  C553 C3 E9 D3                 jp    initFont
 41+  C556                  ELSE
 42+  C556 ~                        jp    reboot2
 43+  C556                  ENDIF
 44+  C556
 87   C556                  INCLUDE "reboot2.inc"
  1+  C556              ;+---------------------------------------------------------------------------
  2+  C556              ; MXOS
  3+  C556              ; Перезагрузка (продолжение)
  4+  C556              ;
  5+  C556              ; 2013-12-12 Дизассемблировано vinxru
  6+  C556              ;----------------------------------------------------------------------------
  7+  C556
  8+  C556              reboot2:
  9+  C556
 10+  C556                  IF BOOT_FROM_TAPE
 11+  C556 ~                        ; Проверяем, нажата ли какая нибудь клавиша
 12+  C556 ~                        call    j_keyScan
 13+  C556 ~                        push    af
 14+  C556                  ENDIF
 15+  C556
 16+  C556                          ; Выводим версию ОС на экран
 17+  C556 21 4A D3                 ld      hl, txtBiosVer
 18+  C559 CD 38 C4                 call    printString1
 19+  C55C
 20+  C55C                          ; Определяем размер ДОЗУ
 21+  C55C 21 BB FF                 ld      hl, RAMD_PAGE_END
 22+  C55F 3A F8 8F                 ld      a, (bios_vars.ramPageCount)
 23+  C562 CD CB C7                 call    checkRAMD
 24+  C565
 25+  C565                          ; Выводим объем ДОЗУ на экран
 26+  C565 21 56 D3                 ld      hl, txtRAM
 27+  C568 CD 38 C4                 call    printString1
 28+  C56B
 29+  C56B                          ; Вычисляем объем ДОЗУ в байтах
 30+  C56B 3A F8 8F                 ld      a, (bios_vars.ramPageCount)
 31+  C56E 26 00                    ld      h, 0
 32+  C570 6F                       ld      l, a    ; hl = объём в страницах
 33+  C571 2C                       inc     l       ; +1 страница - основная память
 34+  C572 11 40 00                 ld      de, 64
 35+  C575 CD 62 D2                 call    mul_hl_de  ; hl = hl * 64
 36+  C578 EB                       ex      hl, de
 37+  C579 CD 0F D2                 call    printDecWord
 38+  C57C
 39+  C57C 21 5D D3                 ld      hl, txtKB
 40+  C57F CD 38 C4                 call    printString1
 41+  C582
 42+  C582                      IF BOOT_FROM_TAPE==0
 43+  C582
 44+  C582                          ; Продолжаем загрузку системы
 45+  C582 C3 00 C8                 jp      j_reboot3
 46+  C585
 47+  C585                      ELSE
 48+  C585 ~
 49+  C585 ~                        ; Если не нажата ни одна клавиша, продолжаем загрузку системы
 50+  C585 ~                        pop     af
 51+  C585 ~                        inc     a
 52+  C585 ~                        jp z,   j_reboot3
 53+  C585 ~
 54+  C585 ~                        ; Загружаем драйвер магнитофона
 55+  C585 ~                        ld      hl, aATape_com
 56+  C585 ~                        call    fileExec
 57+  C585 ~
 58+  C585 ~                        ; Загружаем программу с ленты (без контроля КС) и запускаем
 59+  C585 ~                        ld      hl, txtLoadingFromTape
 60+  C585 ~                        call    printString1
 61+  C585 ~                        call    t_tapeLoadInt
 62+  C585 ~                        ld      hl, (bios_vars.tapeAddr)
 63+  C585 ~                        jp      (hl)
 64+  C585 ~
 65+  C585                      ENDIF
 66+  C585
 88   C585                  INCLUDE "getch3.inc"
  1+  C585              ;----------------------------------------------------------------------------
  2+  C585              ; MXOS
  3+  C585              ; Ожидание ввода с клавиатуры (продолжение)
  4+  C585              ;
  5+  C585              ; На выходе
  6+  C585              ;  ? - код
  7+  C585              ;
  8+  C585              ; 2013-12-12 Дизассемблировано vinxru
  9+  C585              ;----------------------------------------------------------------------------
 10+  C585
 11+  C585              getch3:     ; Если нажат лишь РУС/LAT - то обрабатываем его как CAPS LOCK,
 12+  C585                          ; если нажат Shit+РУС/LAT - то переключаем режим КОИ
 13+  C585 CD 49 C2                 call    setKeybMode91
 14+  C588 3E F8                    ld      a, 0F8h
 15+  C58A 32 E1 FF                 ld      (IO_KEYB_B), a
 16+  C58D 3A E0 FF                 ld      a, (IO_KEYB_A)
 17+  C590 F5                       push    af
 18+  C591 CD 43 C2                 call    setKeybMode82
 19+  C594 F1                       pop     af
 20+  C595 E6 08                    and     8
 21+  C597 C2 B1 C5                 jp nz,  getch_capsLock
 22+  C59A
 23+  C59A                          ; Меняем KOI-7 / KOI-8
 24+  C59A 3A EA 8F                 ld      a, (bios_vars.koi7)
 25+  C59D 2F                       cpl
 26+  C59E 32 EA 8F                 ld      (bios_vars.koi7), a
 27+  C5A1
 28+  C5A1                          ;ld      a, 3Ah  ; включаем прописные английские
 29+  C5A1 3E BA                    ld      a, 0BAh  ; включаем строчные английские
 30+  C5A3 32 EC 8F                 ld      (bios_vars.keyLocks), a
 31+  C5A6
 32+  C5A6                          ; Звуковой сигнал
 33+  C5A6 CD 70 C1                 call    beep
 34+  C5A9
 35+  C5A9                          ; Меняем частоту
 36+  C5A9 3E 5F                    ld      a, 5Fh
 37+  C5AB 32 F1 8F                 ld      (bios_vars.beepFreq),a
 38+  C5AE
 39+  C5AE C3 18 C2                 jp      getch_retry
 40+  C5B1
 41+  C5B1              ; ---------------------------------------------------------------------------
 42+  C5B1              ; CAPS LOCK для KOI-7
 43+  C5B1
 44+  C5B1              getch_capsLock:
 45+  C5B1                          ; Переключаем capsLock
 46+  C5B1 3A EC 8F                 ld      a, (bios_vars.keyLocks)
 47+  C5B4 EE 80                    xor     80h
 48+  C5B6 32 EC 8F                 ld      (bios_vars.keyLocks), a
 49+  C5B9
 50+  C5B9                          ; Меняем частоту
 51+  C5B9 3A F1 8F                 ld      a, (bios_vars.beepFreq)
 52+  C5BC EE 10                    xor     10h
 53+  C5BE 32 F1 8F                 ld      (bios_vars.beepFreq),a
 54+  C5C1
 55+  C5C1                          ; Чтобы был двойной звуковой сигнал, на строй и новой частоте
 56+  C5C1 CD 70 C1                 call    beep
 57+  C5C4
 58+  C5C4                          ; Ждем следующую клавишу
 59+  C5C4 C3 18 C2                 jp      getch_retry
 60+  C5C7
 61+  C5C7              ; ---------------------------------------------------------------------------
 62+  C5C7              ; CAPS LOCK для KOI-7 или РУС/LAT для KOI-8
 63+  C5C7
 64+  C5C7              getch_rc:   ; В режиме KOI-8 мы переключаем кодировку
 65+  C5C7 3A EA 8F                 ld    a, (bios_vars.koi7)
 66+  C5CA 3C                       inc   a
 67+  C5CB
 68+  C5CB 3A EC 8F                 ld    a, (bios_vars.keyLocks) ; Требуется в getch_RusLat
 69+  C5CE C2 AA C2                 jp nz,  getch_RusLat
 70+  C5D1
 71+  C5D1                          ; В режиме KOI-7 мы перключаем регистр
 72+  C5D1 C3 B1 C5                 jp    getch_capsLock
 73+  C5D4
 74+  C5D4              ; ---------------------------------------------------------------------------
 75+  C5D4
 76+  C5D4              loc_C5A8:   ; Включен KOI-7
 77+  C5D4 47                       ld    b, a
 78+  C5D5
 79+  C5D5 3A E1 FF                 ld    a, (IO_KEYB_B)
 80+  C5D8 E6 02                    and   2
 81+  C5DA C2 FD C2                 jp nz,  loc_C311
 82+  C5DD
 83+  C5DD 3E A0                    ld    a, 0A0h
 84+  C5DF A8                       xor   b
 85+  C5E0 47                       ld    b, a
 86+  C5E1
 87+  C5E1 C3 FD C2                 jp    loc_C311
 88+  C5E4
 89   C5E4                  INCLUDE "printChar2.inc"
  1+  C5E4              ;+---------------------------------------------------------------------------
  2+  C5E4              ; MXOS
  3+  C5E4              ; Вывод символа на экран (или принтер)
  4+  C5E4              ;
  5+  C5E4              ; На входе
  6+  C5E4              ;  с - символ
  7+  C5E4              ;
  8+  C5E4              ; На выходе
  9+  C5E4              ;  регистры не сохраняются
 10+  C5E4              ;
 11+  C5E4              ; 2013-12-12 Дизассемблировано vinxru
 12+  C5E4              ;----------------------------------------------------------------------------
 13+  C5E4
 14+  C5E4              printChar2:
 15+  C5E4                          ; Помещаем в hl координаты курсора
 16+  C5E4 2A FC 8F                 ld  hl, (bios_vars.cursorY)
 17+  C5E7
 18+  C5E7                          ; Продолжаем, если не включен режим обработки ESC последовательности (bios_vars.escMode==0FFh)
 19+  C5E7 3A EB 8F                 ld  a, (bios_vars.escMode)
 20+  C5EA 3C                       inc a
 21+  C5EB C2 89 C6                 jp  nz,  printChar_esc
 22+  C5EE
 23+  C5EE                          ; Тут bios_vars.escMode==0FFh
 24+  C5EE
 25+  C5EE                          ; Если это печатные символы (>=20h), переходим к печати
 26+  C5EE 79                       ld  a, c
 27+  C5EF FE 20                    cp  ' '
 28+  C5F1 D2 03 C6                 jp  nc, printChar_real
 29+  C5F4
 30+  C5F4                          ; Это табуляция
 31+  C5F4 FE 09                    cp  9
 32+  C5F6 CA 50 C0                 jp  z, printChar_c9      ; там bios_vars.cursorX+=24 и ret
 33+  C5F9
 34+  C5F9                          ; Любой символ кроме ESC
 35+  C5F9 FE 1B                    cp  1Bh
 36+  C5FB C2 1C C1                 jp  nz, printChar3
 37+  C5FE
 38+  C5FE                          ; Далее ESC. Включаем режим обработки ESC последовательности (bios_vars.escMode=0)
 39+  C5FE AF                       xor a
 40+  C5FF 32 EB 8F                 ld  (bios_vars.escMode),a
 41+  C602 C9                       ret
 42+  C603
 43+  C603              ; ---------------------------------------------------------------------------
 44+  C603              ; Преобразование символа из KOI-7 в KOI-8 и вывод на экран (служебные коды
 45+  C603              ; также будут выводится)
 46+  C603
 47+  C603              printChar_real:
 48+  C603                          ; Символ для печати
 49+  C603 4F                       ld  c, a
 50+  C604
 51+  C604                          ; Переходим к печати, если включен режим KOI-8 (bios_vars.koi7 == 0)
 52+  C604 3A EA 8F                 ld  a, (bios_vars.koi7)
 53+  C607 3C                       inc a
 54+  C608 C2 1C C6                 jp  nz, printChar_real2
 55+  C60B
 56+  C60B                          ; Включен режим KOI-7 (bios_vars.koi7 == 0FFh), надо
 57+  C60B                          ; перекодировать символы для знакогнератора.
 58+  C60B
 59+  C60B                          ; Если символ больше или равен 0C0h просто выходим
 60+  C60B 79                       ld  a, c
 61+  C60C FE C0                    cp  0C0h
 62+  C60E D0                       ret nc
 63+  C60F
 64+  C60F                          ; Если символ находится в пределах 60h ... 7Fh, увеличиваем его код на 80h
 65+  C60F FE 60                    cp  60h
 66+  C611 DA 1C C6                 jp  c, printChar_real2
 67+  C614 FE 80                    cp  80h
 68+  C616 D2 1C C6                 jp  nc,  printChar_real2
 69+  C619 C6 80                    add a, 80h
 70+  C61B 4F                       ld  c, a
 71+  C61C
 72+  C61C              ; ---------------------------------------------------------------------------
 73+  C61C              ; Вывод символа на экран в KOI-8 (служебные коды так же будут выводится)
 74+  C61C
 75+  C61C              printChar_real2:
 76+  C61C                          ; Тут полиморфизм
 77+  C61C 3A FA 8F                 ld    a, (bios_vars.inverse)
 78+  C61F A7                       and   a
 79+  C620
 80+  C620              printChar_poly:
 81+  C620 CC E6 C0                 call z, normalVideo
 82+  C623
 83+  C623                          ; Если bios_vars.charGen не равен 0FFFFh, то используется знакогнератор по адресу bios_vars.charGen*8
 84+  C623 2A E7 8F                 ld    hl, (bios_vars.charGen)
 85+  C626 7C                       ld    a, h
 86+  C627 3C                       inc   a
 87+  C628 C2 59 C0                 jp nz,  printChar_alt
 88+  C62B 7D                       ld    a, l
 89+  C62C 3C                       inc   a
 90+  C62D C2 59 C0                 jp nz,  printChar_alt
 91+  C630
 92+  C630                          ; Иначе используем символы из ПЗУ.
 93+  C630                          ; Адрес символа в ПЗУ (de = 0x800 + c*8)
 94+  C630 21 00 01                 ld    hl, 100h
 95+  C633 06 00                    ld    b,  0
 96+  C635 09                       add   hl, bc
 97+  C636 29                       add   hl, hl
 98+  C637 29                       add   hl, hl
 99+  C638 29                       add   hl, hl
100+  C639 EB                       ex    de, hl
101+  C63A
102+  C63A                          ; Промежуточное место для символа
103+  C63A 21 DC D3                 ld    hl, v_char
104+  C63D E5                       push  hl
105+  C63E
106+  C63E                          ; Копируем 8 байт из ПЗУ
107+  C63E 32 FE FF                 ld    (IO_PAGE_ROM),a
108+  C641 1A                       ld    a, (de)
109+  C642 77                       ld    (hl), a
110+  C643 23                       inc   hl
111+  C644 13                       inc   de
112+  C645 1A                       ld    a, (de)
113+  C646 77                       ld    (hl), a
114+  C647 23                       inc   hl
115+  C648 13                       inc   de
116+  C649 1A                       ld    a, (de)
117+  C64A 77                       ld    (hl), a
118+  C64B 23                       inc   hl
119+  C64C 13                       inc   de
120+  C64D 1A                       ld    a, (de)
121+  C64E 77                       ld    (hl), a
122+  C64F 23                       inc   hl
123+  C650 13                       inc   de
124+  C651 1A                       ld    a, (de)
125+  C652 77                       ld    (hl), a
126+  C653 23                       inc   hl
127+  C654 13                       inc   de
128+  C655 1A                       ld    a, (de)
129+  C656 77                       ld    (hl), a
130+  C657 23                       inc   hl
131+  C658 13                       inc   de
132+  C659 1A                       ld    a, (de)
133+  C65A 77                       ld    (hl), a
134+  C65B 23                       inc   hl
135+  C65C 13                       inc   de
136+  C65D 1A                       ld    a, (de)
137+  C65E 77                       ld    (hl), a
138+  C65F 32 FC FF                 ld    (IO_PAGE_RAM),a
139+  C662
140+  C662                          ; Вывод символа
141+  C662 D1                       pop   de
142+  C663 C3 60 C0                 jp    printChar_de
143+  C666
144+  C666              ; ---------------------------------------------------------------------------
145+  C666              ; Обработка режима ESC+F
146+  C666
147+  C666              printChar_esc80:; Если символ с кодом 0, выключаем режим обработки ESC
148+  C666 79                       ld    a, c
149+  C667 B7                       or    a
150+  C668 CA 84 C6                 jp z, printChar_esc80_exit
151+  C66B
152+  C66B                          ; Обработка кодов < 20h
153+  C66B FE 20                    cp    20h
154+  C66D DA 1C C1                 jp c, printChar3
155+  C670
156+  C670                          ; Если код >= 80h, выйти
157+  C670 FE 80                    cp    80h
158+  C672 D0                       ret nc
159+  C673
160+  C673                          ; Если c >= 40h, вывести на экран c+40h
161+  C673 FE 40                    cp    40h
162+  C675 D2 7E C6                 jp nc,  printChar_esc80_2
163+  C678
164+  C678                          ; Иначе вывести c - 20h
165+  C678 D6 20                    sub   20h ; ' '
166+  C67A 4F                       ld    c, a
167+  C67B C3 1C C6                 jp    printChar_real2
168+  C67E
169+  C67E              ; ---------------------------------------------------------------------------
170+  C67E
171+  C67E              printChar_esc80_2:
172+  C67E                          ; Если c >= 40h, вывести на экран c+40h
173+  C67E C6 40                    add   a,40h
174+  C680 4F                       ld    c, a
175+  C681 C3 1C C6                 jp    printChar_real2
176+  C684
177+  C684              ; ---------------------------------------------------------------------------
178+  C684
179+  C684              printChar_esc80_exit:
180+  C684 3D                       dec   a
181+  C685 32 EB 8F                 ld    (bios_vars.escMode),a
182+  C688 C9                       ret
183+  C689
184+  C689              ; ---------------------------------------------------------------------------
185+  C689              ; Печать символа в ESC-режиме
186+  C689
187+  C689              printChar_esc:    ; Перейти если bios_vars.escMode=80h
188+  C689 3A EB 8F                 ld    a, (bios_vars.escMode)
189+  C68C FE 80                    cp    80h
190+  C68E CA 66 C6                 jp z, printChar_esc80
191+  C691
192+  C691                          ; Выключить режим обработки ESC последовательности
193+  C691 F5                       push  af
194+  C692 3E FF                    ld    a, 0FFh
195+  C694 32 EB 8F                 ld    (bios_vars.escMode),a
196+  C697 F1                       pop   af
197+  C698
198+  C698                          ; Перейти если bios_vars.escMode==0
199+  C698 B7                       or    a
200+  C699 CA D3 C6                 jp z, printChar_esc0
201+  C69C
202+  C69C                          ; Перейти если обработка ESC+Y (bios_vars.escMode==1)
203+  C69C 3D                       dec   a
204+  C69D CA A9 C6                 jp z, printChar_esc1
205+  C6A0
206+  C6A0                          ; Перейти если bios_vars.escMode==2
207+  C6A0 3D                       dec   a
208+  C6A1 CA C5 C6                 jp z, printChar_esc2
209+  C6A4
210+  C6A4                          ; Перейти если bios_vars.escMode==3
211+  C6A4 3D                       dec   a
212+  C6A5 CA 39 C7                 jp z, printChar_esc3
213+  C6A8
214+  C6A8                          ; Выйти
215+  C6A8 C9                       ret
216+  C6A9
217+  C6A9              ; ---------------------------------------------------------------------------
218+  C6A9              ; Обработка ESC+Y
219+  C6A9
220+  C6A9              printChar_esc1:   ; Если код меньше 20h или больше 20h + 24, то пропускаем установку Y
221+  C6A9 79                       ld    a, c
222+  C6AA FE 39                    cp    20h + 25
223+  C6AC D2 BF C6                 jp nc,  loc_C693
224+  C6AF D6 20                    sub   20h
225+  C6B1 DA BF C6                 jp c, loc_C693
226+  C6B4
227+  C6B4                          ; cursorY = 8 + a*10
228+  C6B4 87                       add   a, a
229+  C6B5 4F                       ld    c, a
230+  C6B6 81                       add   a, c
231+  C6B7 81                       add   a, c
232+  C6B8 81                       add   a, c
233+  C6B9 81                       add   a, c
234+  C6BA C6 08                    add   a,8
235+  C6BC 32 FC 8F                 ld    (bios_vars.cursorY),a
236+  C6BF
237+  C6BF              loc_C693:   ; Следующий символ будет обработан в printChar_esc2
238+  C6BF 3E 02                    ld    a, 2
239+  C6C1 32 EB 8F                 ld    (bios_vars.escMode),a
240+  C6C4 C9                       ret
241+  C6C5
242+  C6C5              ; ---------------------------------------------------------------------------
243+  C6C5              ; Обработка ESC+Y
244+  C6C5
245+  C6C5              printChar_esc2:   ; Если код меньше 20h или больше 20h + 63, то пропускаем установку X
246+  C6C5 79                       ld    a, c
247+  C6C6 FE 60                    cp    60h
248+  C6C8 D0                       ret nc
249+  C6C9 D6 20                    sub   20h
250+  C6CB D8                       ret c
251+  C6CC
252+  C6CC                          ; cursorX = c*3;
253+  C6CC 4F                       ld    c, a
254+  C6CD 87                       add   a, a
255+  C6CE 81                       add   a, c
256+  C6CF 32 FD 8F                 ld    (bios_vars.cursorX),a
257+  C6D2 C9                       ret
258+  C6D3
259+  C6D3              ; ---------------------------------------------------------------------------
260+  C6D3              ; Обработка первого символа ESC последовательности
261+  C6D3
262+  C6D3              printChar_esc0:   ; Если код больше 20h
263+  C6D3 79                       ld    a, c
264+  C6D4 FE 28                    cp    '(' ; 28h
265+  C6D6 CA 45 C0                 jp z, printChar_e28
266+  C6D9 FE 29                    cp    ')' ; 29h
267+  C6DB CA 4B C0                 jp z, printChar_e29
268+  C6DE FE 50                    cp    'P' ; 50h
269+  C6E0 CA 29 C7                 jp z, printChar_eP
270+  C6E3 D6 41                    sub   'A' ; 41h
271+  C6E5 CA 2F C7                 jp z, printChar19
272+  C6E8 3D                       dec   a ; 'b' 42h
273+  C6E9 CA 34 C7                 jp z, printChar1A
274+  C6EC 3D                       dec   a ; 'c' 43h
275+  C6ED CA 15 C7                 jp z, printChar18
276+  C6F0 3D                       dec   a ; 'd' 44h
277+  C6F1 CA 1A C7                 jp z, printChar08
278+  C6F4 3D                       dec   a ; 'e' 45h
279+  C6F5 CA 1F C7                 jp z, printChar1F
280+  C6F8 3D                       dec   a ; 'F' 46h
281+  C6F9 CA 3B C4                 jp z, printChar_eF
282+  C6FC 3D                       dec   a
283+  C6FD 3D                       dec   a ; 'h' 48h
284+  C6FE CA 24 C7                 jp z, printChar0C
285+  C701 3D                       dec   a ; 'I' 49h
286+  C702 CA 53 C7                 jp z, printChar_eI
287+  C705 3D                       dec   a
288+  C706 3D                       dec   a
289+  C707 D6 0E                    sub   14 ; 'Y' 59h
290+  C709 CA 0F C7                 jp z, setEscMode_eY
291+  C70C
292+  C70C                          ; Вывод символа
293+  C70C C3 E4 C5                 jp    printChar2
294+  C70F
295+  C70F              ; ---------------------------------------------------------------------------
296+  C70F              ; Обработка ESC+Y.
297+  C70F
298+  C70F              setEscMode_eY:    ; Следующий символ будет обработан в printChar_esc1
299+  C70F 3E 01                    ld    a, 1
300+  C711 32 EB 8F                 ld    (bios_vars.escMode),a
301+  C714 C9                       ret
302+  C715
303+  C715              ; ---------------------------------------------------------------------------
304+  C715
305+  C715              printChar18:
306+  C715 0E 18                    ld    c, 18h
307+  C717 C3 E4 C5                 jp    printChar2
308+  C71A
309+  C71A              ; ---------------------------------------------------------------------------
310+  C71A
311+  C71A              printChar08:
312+  C71A 0E 08                    ld    c, 8
313+  C71C C3 E4 C5                 jp    printChar2
314+  C71F
315+  C71F              ; ---------------------------------------------------------------------------
316+  C71F
317+  C71F 0E 1F        printChar1F:      ld    c, 1Fh
318+  C721 C3 E4 C5                 jp    printChar2
319+  C724
320+  C724              ; ---------------------------------------------------------------------------
321+  C724
322+  C724              printChar0C:
323+  C724 0E 0C                    ld    c, 0Ch
324+  C726 C3 E4 C5                 jp    printChar2
325+  C729
326+  C729              ; ---------------------------------------------------------------------------
327+  C729              ; Обработка ESP+P. Вклчюение режима эхопечати на принтере
328+  C729
329+  C729              printChar_eP:
330+  C729 3E 03                    ld    a, 3
331+  C72B 32 EB 8F                 ld    (bios_vars.escMode),a
332+  C72E C9                       ret
333+  C72F
334+  C72F              ; ---------------------------------------------------------------------------
335+  C72F
336+  C72F              printChar19:
337+  C72F 0E 19                    ld    c, 19h
338+  C731 C3 E4 C5                 jp    printChar2
339+  C734
340+  C734              ; ---------------------------------------------------------------------------
341+  C734
342+  C734              printChar1A:
343+  C734 0E 1A                    ld    c, 1Ah
344+  C736 C3 E4 C5                 jp    printChar2
345+  C739
346+  C739              ; ---------------------------------------------------------------------------
347+  C739              ; Режим эхопечати на принтере. Включается ESC+P
348+  C739
349+  C739              printChar_esc3:
350+  C739                          ; Выходим, из режима, если код нулевой
351+  C739 79                       ld    a, c
352+  C73A B7                       or    a
353+  C73B C8                       ret z
354+  C73C
355+  C73C                          ; Печать на принтере
356+  C73C CD FC C4                 call  printer
357+  C73F
358+  C73F                          ; Печать на экране
359+  C73F CD E4 C5                 call  printChar2
360+  C742
361+  C742                          ; Находимся в этом режиме до кода 0 или ESC
362+  C742 3E 03                    ld    a, 3
363+  C744 32 EB 8F                 ld    (bios_vars.escMode),a
364+  C747 C9                       ret
365+  C748
366+  C748              ; ---------------------------------------------------------------------------
367+  C748              ; Продолжение обработки ESC+I. Перемещение курсора вверх с прокруткой экрана
368+  C748
369+  C748              printChar_eI_2:
370+  C748                          ; Если cursorY > 18, перемещаем курсор вверх и выходим
371+  C748 FE 13                    cp    19
372+  C74A D2 E4 C5                 jp nc,  printChar2
373+  C74D
374+  C74D                          ; Устанаваливаем bios_vars.cursorY=8
375+  C74D 3E 08                    ld    a, 8
376+  C74F 32 FC 8F                 ld    (bios_vars.cursorY),a
377+  C752 C9                       ret
378+  C753
379+  C753              ; ---------------------------------------------------------------------------
380+  C753              ; Обработка ESC+I. Перемещение курсора вверх с прокруткой экрана
381+  C753
382+  C753              printChar_eI:
383+  C753                          ; Используется дальше функцией printChar2
384+  C753 0E 19                    ld    c, 19h
385+  C755
386+  C755                          ; Прокручиваем экран вних, только если bios_vars.cursorY == 8.
387+  C755                          ; иначе переходим на printChar_eI_2
388+  C755 3A FC 8F                 ld    a, (bios_vars.cursorY)
389+  C758 FE 08                    cp    8
390+  C75A C2 48 C7                 jp nz,  printChar_eI_2
391+  C75D
 90   C75D                  INCLUDE "scrollDown.inc"
  1+  C75D              ;+---------------------------------------------------------------------------
  2+  C75D              ; MXOS
  3+  C75D              ; Прокрутка экрана вниз
  4+  C75D              ;
  5+  C75D              ; На выходе
  6+  C75D              ;   af, bc - сохраняются
  7+  C75D              ;
  8+  C75D              ; 2013-12-12 Дизассемблировано vinxru
  9+  C75D              ;----------------------------------------------------------------------------
 10+  C75D
 11+  C75D                          ; Сохраняем регистры
 12+  C75D C5                       push    bc
 13+  C75E F5                       push    af
 14+  C75F 21 00 00                 ld      hl, 0
 15+  C762 39                       add     hl,sp
 16+  C763 22 F6 8F                 ld      (bios_vars.oldSP), hl
 17+  C766
 18+  C766                          ; Подготовка переменных
 19+  C766 31 00 C0                 ld      sp, 0C000h    ; Куда
 20+  C769 26 BF                    ld      h, 0BFh       ; Откуда
 21+  C76B 06 30                    ld      b, 48         ; Столбцов
 22+  C76D 0E 29        loc_C741:   ld      c, 246 / 6    ; 246 строк
 23+  C76F 2E F5                    ld      l, 245        ; Начинаем с 245 строки
 24+  C771
 25+  C771              loc_C745:   ; Копируем 6 байт из hl в sp
 26+  C771 56                       ld      d, (hl)
 27+  C772 2B                       dec     hl
 28+  C773 5E                       ld      e, (hl)
 29+  C774 2B                       dec     hl
 30+  C775 D5                       push    de
 31+  C776 56                       ld      d, (hl)
 32+  C777 2B                       dec     hl
 33+  C778 5E                       ld      e, (hl)
 34+  C779 2B                       dec     hl
 35+  C77A D5                       push    de
 36+  C77B 56                       ld      d, (hl)
 37+  C77C 2B                       dec     hl
 38+  C77D 5E                       ld      e, (hl)
 39+  C77E 2B                       dec     hl
 40+  C77F D5                       push    de
 41+  C780
 42+  C780                          ; Цикл
 43+  C780 0D                       dec     c
 44+  C781 C2 71 C7                 jp nz,  loc_C745
 45+  C784
 46+  C784                          ; Сохраняем h
 47+  C784 7C                       ld      a, h
 48+  C785
 49+  C785                          ; Очищаем верхние 10 строк
 50+  C785 2A FA 8F                 ld      hl, (bios_vars.inverse)
 51+  C788 E5                       push    hl
 52+  C789 E5                       push    hl
 53+  C78A E5                       push    hl
 54+  C78B E5                       push    hl
 55+  C78C E5                       push    hl
 56+  C78D
 57+  C78D                          ; Восстанавливаем h
 58+  C78D 67                       ld      h, a
 59+  C78E
 60+  C78E                          ; Следующий столбец
 61+  C78E 05                       dec     b
 62+  C78F C2 6D C7                 jp nz,  loc_C741
 63+  C792
 64+  C792                          ; Восстанавлиаем регистры и выходим
 65+  C792 2A F6 8F                 ld      hl, (bios_vars.oldSP)
 66+  C795 F9                       ld      sp, hl
 67+  C796 F1                       pop     af
 68+  C797 C1                       pop     bc
 69+  C798 C9                       ret
 70+  C799
 91   C799                  INCLUDE "scrollUp2.inc"
  1+  C799              ;+---------------------------------------------------------------------------
  2+  C799              ; MXOS
  3+  C799              ; Прокрутка экрана вверх (продолжение)
  4+  C799              ;
  5+  C799              ; 2013-12-12 Дизассемблировано vinxru
  6+  C799              ;----------------------------------------------------------------------------
  7+  C799
  8+  C799              scrollUp2:  ; Копируем 246 байт из sp в H0
  9+  C799 0E 29                    ld    c, 246 / 6
 10+  C79B 2E 00                    ld    l, 0
 11+  C79D
 12+  C79D              scrollUp2_0:      ; Копирование 6 байт из sp в hl
 13+  C79D D1                       pop   de
 14+  C79E 73                       ld  (hl), e
 15+  C79F 23                       inc   hl
 16+  C7A0 72                       ld  (hl), d
 17+  C7A1 23                       inc   hl
 18+  C7A2 D1                       pop   de
 19+  C7A3 73                       ld  (hl), e
 20+  C7A4 23                       inc   hl
 21+  C7A5 72                       ld  (hl), d
 22+  C7A6 23                       inc   hl
 23+  C7A7 D1                       pop   de
 24+  C7A8 73                       ld  (hl), e
 25+  C7A9 23                       inc   hl
 26+  C7AA 72                       ld  (hl), d
 27+  C7AB 23                       inc   hl
 28+  C7AC
 29+  C7AC                          ; Цикл
 30+  C7AC 0D                       dec   c
 31+  C7AD C2 9D C7                 jp nz,  scrollUp2_0
 32+  C7B0
 33+  C7B0                          ; Сохраняем h
 34+  C7B0 7C                       ld    a, h
 35+  C7B1
 36+  C7B1                          ; Заполняем 10 байт
 37+  C7B1 2A FA 8F                 ld    hl, (bios_vars.inverse)
 38+  C7B4 E5                       push  hl
 39+  C7B5 E5                       push  hl
 40+  C7B6 E5                       push  hl
 41+  C7B7 E5                       push  hl
 42+  C7B8 E5                       push  hl
 43+  C7B9
 44+  C7B9                          ; Следующий столбец (sp += 20)
 45+  C7B9 21 14 00                 ld    hl, 14h
 46+  C7BC 39                       add   hl,sp
 47+  C7BD F9                       ld    sp, hl
 48+  C7BE
 49+  C7BE                          ; Восстанавливаем h
 50+  C7BE 67                       ld    h, a
 51+  C7BF
 52+  C7BF                          ; Следующий столбец
 53+  C7BF 24                       inc   h
 54+  C7C0
 55+  C7C0                          ; Цикл
 56+  C7C0 05                       dec   b
 57+  C7C1 C2 99 C7                 jp nz,  scrollUp2
 58+  C7C4
 59+  C7C4                          ; Восстановление регистров и выход
 60+  C7C4 2A F6 8F                 ld    hl, (bios_vars.oldSP)
 61+  C7C7 F9                       ld    sp, hl
 62+  C7C8 F1                       pop   af
 63+  C7C9 C1                       pop   bc
 64+  C7CA C9                       ret
 65+  C7CB
 92   C7CB                  INCLUDE "checkRAMD.inc"
  1+  C7CB              ;+---------------------------------------------------------------------------
  2+  C7CB              ; MXOS
  3+  C7CB              ; Исправленная функция определения размера ДОЗУ
  4+  C7CB              ; Заимствовано из RAMFOS
  5+  C7CB              ;
  6+  C7CB              ; На входе
  7+  C7CB              ;  а  = максимальный номер страницы, константа MAX_ARAM_PAGE
  8+  C7CB              ;  hl = адрес в странице ДОЗУ для записи тестового байта
  9+  C7CB              ;
 10+  C7CB              ; На выходе
 11+  C7CB              ;  bios_vars.ramPageCount = максимальный номер страницы
 12+  C7CB              ;  NZ - ДОЗУ найдено (наоборот относительно стандратной функции Ramfos)
 13+  C7CB              ;   Z - ДОЗУ не найдено
 14+  C7CB              ;
 15+  C7CB              ; 2013-11-01 Разработано vinxru
 16+  C7CB              ; 2022-02-02 Доработано SpaceEnigneer
 17+  C7CB              ;----------------------------------------------------------------------------
 18+  C7CB
 19+  C7CB              checkRAMD:  ; Устанавливаем побайтовый драйвер.
 20+  C7CB                          ; Восстанавливать блочный драйвер не надо,
 21+  C7CB                          ; т.к. он будет установлен в reboot3
 22+  C7CB 06 01                    ld      b, 1
 23+  C7CD CD 96 CA                 call    setRAMDDriver
 24+  C7D0
 25+  C7D0                          ; Записываем во все страницы порядковые номера от большей к меньшей
 26+  C7D0              checkRAMD_0:
 27+  C7D0 4F                       ld      c, a
 28+  C7D1 0C                       inc     c
 29+  C7D2 CD D0 FF                 call    bios_RAMDWrite
 30+  C7D5 3D                       dec     a
 31+  C7D6 F2 D0 C7                 jp p,   checkRAMD_0
 32+  C7D9
 33+  C7D9                          ; Читаем номера. Если номер прочитан корректно, значит есть такая страница
 34+  C7D9                          ; a = -1
 35+  C7D9
 36+  C7D9              checkRAMD_1:
 37+  C7D9                          ; Читаем следующую страницу
 38+  C7D9 3C                       inc     a
 39+  C7DA CD C0 FF                 call    bios_RAMDRead
 40+  C7DD
 41+  C7DD                           ; Должен быть записан номер страницы + 1, если нет, то выходим
 42+  C7DD 0D                       dec     c
 43+  C7DE B9                       cp      c
 44+  C7DF C2 EC C7                 jp nz,  checkRAMD_2
 45+  C7E2
 46+  C7E2                          ; Сохраняем номер последней страницы + 1
 47+  C7E2 3C                       inc     a
 48+  C7E3 32 F8 8F                 ld      (bios_vars.ramPageCount), a
 49+  C7E6 3D                       dec     a
 50+  C7E7
 51+  C7E7                          ; Это максимум, выходим
 52+  C7E7 FE 10                    cp      RAMD_MAX_PAGE          ; RAMD_MAX_PAGE не может быть нулем!
 53+  C7E9 C2 D9 C7                 jp nz,  checkRAMD_1
 54+  C7EC
 55+  C7EC              checkRAMD_2:
 56+  C7EC                          ; Если ДОЗУ найдено, выходим c флагом NZ
 57+  C7EC B7                       or      a
 58+  C7ED C0                       ret nz
 59+  C7EE
 60+  C7EE                          ; В случае ошибки заносим в ramPageCount ноль и выходим с флагом Z
 61+  C7EE 32 F8 8F                 ld      (bios_vars.ramPageCount), a
 62+  C7F1 C9                       ret
 63+  C7F2
 93   C7F2
 94   C7F2                  ORG_PAD 0C800h
 94   C7F2             >         IF $ > 0C800h
 94   C7F2 ~           >           ; вывод сообщения об ошибке
 94   C7F2 ~           >           ASSERT 0
 94   C7F2 ~           >           DISPLAY /l, "Error! ORG_PAD failed! ", $, " is more than ", adr
 94   C7F2             >         ELSE
 94   C7F2             >           ; заполнение памяти
 94   C7F2 FF FF FF... >           BLOCK 0C800h-$, 0FFh
 94   C7F6             >         ENDIF
 94   C800             >         ORG 0C800h
 95   C800                  INCLUDE "jmps_c800.inc"
  1+  C800              ;+---------------------------------------------------------------------------
  2+  C800              ; MXOS
  3+  C800              ; Стандартные точки входа C800
  4+  C800              ;
  5+  C800              ; 2013-12-12 Дизассемблировано vinxru
  6+  C800              ;---------------------------------------------------------------------------
  7+  C800
  8+  C800 C3 7B C9     j_reboot3:      jp  reboot3             ; C800: Запустить NC.COM
  9+  C803 C3 37 C3     j_getch:        jp  getch               ; C803: Ожидание ввода с клавиатуры
 10+  C806 C3 77 C3     j_tapeRead:     jp  t_tapeRead          ; C806: Чтение байта с магнитофона
 11+  C809 C3 37 C0     j_printChar:    jp  printChar           ; C809: Вывод символа на экран
 12+  C80C C3 7A C3     j_tapeWrite:    jp  t_tapeWrite         ; C80C: Запись байта на магнитофон
 13+  C80F C3 CC C8                     jp  input               ; C80F: Ввод строки с клавиатуры
 14+  C812 C3 03 C0                     jp  j_keyScan           ; C812: Получить код нажатой клавиши
 15+  C815 C3 AC C8                     jp  printHexByte        ; C815: Вывести 16-ричное число (байт)
 16+  C818 C3 38 C4     j_printString:  jp  printString1        ; C818: Вывести строку на экран
 17+  C81B C3 03 C0                     jp  j_keyScan           ; C81B: Получить код нажатой клавиши
 18+  C81E C3 8D C8                     jp  getCursorPos        ; C81E: Получить координаты курсора в hl (координаты в пикселях)
 19+  C821 C3 8A C8                     jp  setCursorPos        ; C821: Установить координаты курсора из hl (координаты в пикселях)
 20+  C824 C3 7D C3                     jp  t_tapeLoad          ; C824: Загрузить программу с магнитофона
 21+  C827 C3 80 C3                     jp  t_tapeSave          ; C827: Сохранить программу на магнитофон
 22+  C82A C3 64 C9                     jp  calcCS              ; C82A: Расчет контрольной суммы
 23+  C82D C3 A1 C8                     jp  printHexWord        ; C82D: Вывести 16-ричное число (слово)
 24+  C830 C3 9D C8                     jp  getMemTop           ; C830: Получить объем доступной памяти
 25+  C833 C3 91 C8                     jp  setMemTop           ; C833: Установить объем доступной памяти
 26+  C836 C3 FC C4                     jp  printer             ; C836: Напечатать байт на принтере
 27+  C839                  IF RAMFOS_COMPATIBILITY
 28+  C839 C3 D3 C3                     jp  strToHex            ; C839: [MXOS2] Преобразвоние строки в HEX формате в число
 29+  C83C                  ELSE
 30+  C83C ~                            jp  j_reboot3           ; C839: Запустить NC.COM
 31+  C83C                  ENDIF
 32+  C83C C3 7B C9                     jp  reboot3             ; C83C: Запустить NC.COM
 33+  C83F C3 EA D0                     jp  fileList            ; C83F: Получить список файлов
 34+  C842 C3 BD CB                     jp  fileGetSetDrive     ; C842: Получить/установить активное устройство
 35+  C845 C3 B9 CE                     jp  fileCreate          ; C845: Создать файл
 36+  C848 C3 D0 CF                     jp  fileLoad            ; C848: Загрузить файл по адресу из заголовка этого файла
 37+  C84B C3 37 D0                     jp  fileDelete          ; C84B: Удалить файл
 38+  C84E C3 69 D0                     jp  fileRename          ; C84E: Переименовать файл
 39+  C851 C3 19 D0                     jp  fileLoadInfo        ; C851: Загрузить информацию о файле
 40+  C854 C3 C5 D0                     jp  fileGetSetAddr      ; C854: Получить/установить адрес загрузки файла
 41+  C857 C3 A0 D0                     jp  fileGetSetAttr      ; C857: Получить/установить атрибуты файла
 42+  C85A C3 75 D1                     jp  fileNamePrepare     ; C85A: Преобразовать имя файла во внутренний формат
 43+  C85D C3 25 CA                     jp  fileExec            ; C85D: Запустить файл
 44+  C860 C3 A6 CB                     jp  installDriver       ; C860: Установить драйвер накопителя
 45+  C863 C3 F8 CA     j_diskDriver:   jp  diskDriver          ; C863: Драйвер выбранного диска
 46+  C866 C3 C6 CF                     jp  fileLoad2           ; C866: Загрузить файл по адресу de
 47+  C869 C3 03 C6                     jp  printChar_real      ; C869: [MXOS2] Вывод символа на экран (только реальные символы)
 48+  C86C C3 0F D2                     jp  printDecWord        ; C86C: [MXOS2] Вывод числа экран в десятичной форме
 49+  C86F C3 96 CA                     jp  setRAMDDriver       ; C86F: [MXOS2] Установить драйвер доступа к ДОЗУ
 50+  C872 C3 E4 CD                     jp  getDriveFreeSpace   ; C872: [MXOS2] Получить оставшийся свободный объем диска
 51+  C875 C3 0F CC                     jp  upperCase           ; C875: [MXOS2] Перевод кода символа КОИ-8 в верхний регистр
 52+  C878 C3 EF CB                     jp  strcmp              ; C878: [MXOS2] Сравнение строк, чувствительное к регистру
 53+  C87B C3 F9 CB                     jp  stricmp             ; C87B: [MXOS2] Сравнение строк, нечувствительное к регистру
 54+  C87E C3 53 D2                     jp  sub_hl_de           ; C87E: [MXOS2] Вычитание hl и de: hl = hl - de
 55+  C881 C3 5A D2                     jp  div_hl_2            ; C881: [MXOS2] Деление hl на 2: hl = hl / 2
 56+  C884 C3 62 D2                     jp  mul_hl_de           ; C884: [MXOS2] Умножение hl на de: hl = hl * de
 57+  C887 C3 87 D2                     jp  div_hl_de           ; C887: [MXOS2] Деление hl на de: hl = hl / de, de = hl % de
 58+  C88A
 96   C88A                  INCLUDE "setGetCursorPos.inc"
  1+  C88A              ;+---------------------------------------------------------------------------
  2+  C88A              ; MXOS
  3+  C88A              ; Установить положение курсора
  4+  C88A              ;
  5+  C88A              ; На входе
  6+  C88A              ;  h - координата X в пикселях / 2
  7+  C88A              ;  l - координата Y в пикселях
  8+  C88A              ;
  9+  C88A              ; На выходе
 10+  C88A              ;  af, bc, de, hl - Сохраняются
 11+  C88A              ;
 12+  C88A              ; 2013-12-12 Дизассемблировано vinxru
 13+  C88A              ;----------------------------------------------------------------------------
 14+  C88A
 15+  C88A 22 FC 8F     setCursorPos:     ld    (bios_vars.cursorY), hl
 16+  C88D
 17+  C88D              ;----------------------------------------------------------------------------
 18+  C88D              ; Получить положение курсора
 19+  C88D              ;
 20+  C88D              ; На выходе
 21+  C88D              ;  af, bc, de - Сохраняются
 22+  C88D              ;  h - координата X в пикселях / 2
 23+  C88D              ;  l - координата Y в пикселях
 24+  C88D              ;----------------------------------------------------------------------------
 25+  C88D
 26+  C88D 2A FC 8F     getCursorPos:     ld    hl, (bios_vars.cursorY)
 27+  C890 C9                       ret
 28+  C891
 97   C891                  INCLUDE "setGetMemTop.inc"
  1+  C891              ;+---------------------------------------------------------------------------
  2+  C891              ; MXOS
  3+  C891              ; Установить объем доступной памяти
  4+  C891              ;
  5+  C891              ; На входе
  6+  C891              ;  hl - доступная память. Если меньше 0D000h, то значение не изменяется.
  7+  C891              ;
  8+  C891              ; На выходе
  9+  C891              ;  все регистры сохраняются
 10+  C891              ;
 11+  C891              ; 2013-12-12 Дизассемблировано vinxru
 12+  C891              ;----------------------------------------------------------------------------
 13+  C891
 14+  C891 F5           setMemTop:  push  af
 15+  C892 7C                       ld    a, h
 16+  C893 FE D0                    cp    0D0h
 17+  C895 DA 9B C8                 jp c, setMemTop_0
 18+  C898 22 CF D2                   ld  (v_memTop), hl
 19+  C89B F1           setMemTop_0:      pop   af
 20+  C89C C9                       ret
 21+  C89D
 22+  C89D              ;----------------------------------------------------------------------------
 23+  C89D              ; Получить объем доступной памяти
 24+  C89D              ;
 25+  C89D              ; На выходе
 26+  C89D              ;  hl - доступная память
 27+  C89D              ;
 28+  C89D              ; На выходе
 29+  C89D              ;  все регистры сохраняются
 30+  C89D              ;----------------------------------------------------------------------------
 31+  C89D
 32+  C89D 2A CF D2     getMemTop:  ld    hl, (v_memTop)
 33+  C8A0 C9                       ret
 34+  C8A1
 98   C8A1                  INCLUDE "printHex.inc"
  1+  C8A1              ;+---------------------------------------------------------------------------
  2+  C8A1              ; MXOS
  3+  C8A1              ; Вывод 16-ричного числа на экран (слово)
  4+  C8A1              ;
  5+  C8A1              ; На входе
  6+  C8A1              ;  hl - число
  7+  C8A1              ;
  8+  C8A1              ; На выходе
  9+  C8A1              ;  все регистры сохраняются
 10+  C8A1              ;
 11+  C8A1              ; 2013-12-12 Дизассемблировано vinxru
 12+  C8A1              ;----------------------------------------------------------------------------
 13+  C8A1
 14+  C8A1              printHexWord:     ; Сохраняем регистры
 15+  C8A1 F5                       push  af
 16+  C8A2
 17+  C8A2                          ; Старший байт
 18+  C8A2 7C                       ld    a, h
 19+  C8A3 CD AC C8                 call  printHexByte
 20+  C8A6
 21+  C8A6                          ; Младшйи байт
 22+  C8A6 7D                       ld    a, l
 23+  C8A7 CD AC C8                 call  printHexByte
 24+  C8AA
 25+  C8AA                          ; Восстаналиваем регистры
 26+  C8AA F1                       pop   af
 27+  C8AB C9                       ret
 28+  C8AC
 29+  C8AC              ;----------------------------------------------------------------------------
 30+  C8AC              ; Вывод 16-ричного числа на экран (байт)
 31+  C8AC              ;
 32+  C8AC              ; На входе
 33+  C8AC              ;  a - число
 34+  C8AC              ;
 35+  C8AC              ; На выходе
 36+  C8AC              ;  все регистры сохраняются
 37+  C8AC              ;----------------------------------------------------------------------------
 38+  C8AC
 39+  C8AC              printHexByte:     ; Сохраняем регистры
 40+  C8AC C5                       push  bc
 41+  C8AD F5                       push  af
 42+  C8AE
 43+  C8AE                          ; Сохраняем a для вывода второй цифры
 44+  C8AE 47                       ld    b, a
 45+  C8AF
 46+  C8AF                          ; Первая цифра - старшие 4 бита
 47+  C8AF 07                       rlca
 48+  C8B0 07                       rlca
 49+  C8B1 07                       rlca
 50+  C8B2 07                       rlca
 51+  C8B3 CD BD C8                 call  printHexNibble
 52+  C8B6
 53+  C8B6                          ; Вторая цифра - младщие 4 бита
 54+  C8B6 78                       ld    a, b
 55+  C8B7 CD BD C8                 call  printHexNibble
 56+  C8BA
 57+  C8BA                          ; Восстаналиваем регистры
 58+  C8BA F1                       pop   af
 59+  C8BB C1                       pop   bc
 60+  C8BC C9                       ret
 61+  C8BD
 62+  C8BD              ;----------------------------------------------------------------------------
 63+  C8BD              ; Вывод 16-ричного числа на экран (цифра)
 64+  C8BD              ;
 65+  C8BD              ; На входе
 66+  C8BD              ;  a - число, используются младшие 4 бита
 67+  C8BD              ;
 68+  C8BD              ; На выходе
 69+  C8BD              ;  c, a - изменяются, остальные регистры сохраняются
 70+  C8BD              ;----------------------------------------------------------------------------
 71+  C8BD
 72+  C8BD E6 0F        printHexNibble:   and   0Fh
 73+  C8BF C6 30                    add   a, '0'
 74+  C8C1 FE 3A                    cp    '9'+1
 75+  C8C3 DA C8 C8                 jp c, printHexNib_0
 76+  C8C6 C6 07                      add a, 'A'-'0'-10
 77+  C8C8 4F           printHexNib_0:    ld    c, a
 78+  C8C9 C3 09 C8                 jp    j_printChar
 79+  C8CC
 99   C8CC                  INCLUDE "input.inc"
  1+  C8CC              ;+---------------------------------------------------------------------------
  2+  C8CC              ; MXOS
  3+  C8CC              ; Ввод строки
  4+  C8CC              ;
  5+  C8CC              ; На входе
  6+  C8CC              ;  hl - начало буфера
  7+  C8CC              ;  de - конец буфера
  8+  C8CC              ;
  9+  C8CC              ; На выходе
 10+  C8CC              ;  bc, de, hl - сохраняются
 11+  C8CC              ;
 12+  C8CC              ; 2013-12-12 Дизассемблировано vinxru
 13+  C8CC              ;----------------------------------------------------------------------------
 14+  C8CC
 15+  C8CC              input:      ; Сохраняем регистры
 16+  C8CC E5                       push  hl
 17+  C8CD C5                       push  bc
 18+  C8CE F5                       push  af
 19+  C8CF
 20+  C8CF                          ; Сохраняем значения
 21+  C8CF 22 C1 D2                 ld    (v_input_start), hl
 22+  C8D2 EB                       ex    de, hl
 23+  C8D3 22 C3 D2                 ld    (v_input_end), hl
 24+  C8D6
 25+  C8D6                          ; Помещаем в конец буфера 0
 26+  C8D6 62                       ld    h, d
 27+  C8D7 6B                       ld    l, e
 28+  C8D8 36 00                    ld  (hl), 0
 29+  C8DA
 30+  C8DA              input_loop: ; Ждем клавиашу
 31+  C8DA CD 03 C8                 call  j_getch
 32+  C8DD 4F                       ld    c, a
 33+  C8DE
 34+  C8DE                          ; Нажата служебная клавиша
 35+  C8DE FE 20                    cp    20h
 36+  C8E0 DA 32 C9                 jp c, input_spec
 37+  C8E3
 38+  C8E3                          ; Нажата клавиша Back space
 39+  C8E3 FE 7F                    cp    7Fh
 40+  C8E5 CA 21 C9                 jp z, input_bkspc
 41+  C8E8
 42+  C8E8                          ; ...
 43+  C8E8                          ;nop
 44+  C8E8                          ;nop
 45+  C8E8                          ;nop
 46+  C8E8
 47+  C8E8                          ; Это конец буфера
 48+  C8E8 E5                       push  hl
 49+  C8E9 2A C3 D2                 ld    hl, (v_input_end)
 50+  C8EC CD 89 C3                 call  cmp_hl_de_2
 51+  C8EF E1                       pop   hl
 52+  C8F0 C2 FC C8                 jp nz,  loc_C8DE
 53+  C8F3 CD 89 C3                 call  cmp_hl_de_2
 54+  C8F6 CA DA C8                 jp z, input_loop
 55+  C8F9 1A                       ld    a, (de)
 56+  C8FA 1B                       dec   de
 57+  C8FB 12                       ld    (de),a
 58+  C8FC C5           loc_C8DE:   push  bc
 59+  C8FD 44                       ld    b, h
 60+  C8FE 4D                       ld    c, l
 61+  C8FF 03                       inc   bc
 62+  C900 CD 97 C3                 call  memmove_bc_hl
 63+  C903 C1                       pop   bc
 64+  C904 71                       ld  (hl), c       ; *hl++     = c;
 65+  C905 CD 09 C8                 call  j_printChar ; Вывод     символа     на экран
 66+  C908 23                       inc   hl
 67+  C909 13                       inc   de
 68+  C90A E5           loc_C8EC:   push  hl
 69+  C90B 2A FC 8F                 ld    hl, (bios_vars.cursorY)
 70+  C90E E3                       ex    (sp), hl
 71+  C90F E5                       push  hl
 72+  C910 CD 18 C8                 call  j_printString
 73+  C913 0E 20                    ld    c, ' '
 74+  C915 CD 09 C8                 call  j_printChar
 75+  C918 E1                       pop   hl
 76+  C919 E3                       ex    (sp), hl
 77+  C91A 22 FC 8F                 ld    (bios_vars.cursorY), hl
 78+  C91D E1                       pop   hl
 79+  C91E
 80+  C91E                          ; Продолжение
 81+  C91E C3 DA C8                 jp    input_loop
 82+  C921
 83+  C921              ; ---------------------------------------------------------------------------
 84+  C921
 85+  C921              input_bkspc:      ; Если курсор в начале строки ничего не удаляем
 86+  C921 CD 89 C3                 call  cmp_hl_de_2
 87+  C924 CA DA C8                 jp z, input_loop
 88+  C927
 89+  C927                          ; Сдвигаем строку
 90+  C927 44                       ld    b, h
 91+  C928 4D                       ld    c, l
 92+  C929 23                       inc   hl
 93+  C92A CD 97 C3                 call  memmove_bc_hl
 94+  C92D
 95+  C92D                          ; Уменьшаем положение курсора
 96+  C92D 2B                       dec   hl
 97+  C92E
 98+  C92E 1B                       dec   de
 99+  C92F C3 0A C9                 jp    loc_C8EC
100+  C932
101+  C932              ; ---------------------------------------------------------------------------
102+  C932
103+  C932              input_spec: ; Нажато влево
104+  C932 FE 08                    cp    8
105+  C934 CA 46 C9                 jp z, input_left
106+  C937
107+  C937                          ; Нажато вправо
108+  C937 FE 18                    cp    18h
109+  C939 CA 5A C9                 jp z, input_right
110+  C93C
111+  C93C                          ; Нажат не ввод
112+  C93C FE 0D                    cp    0Dh
113+  C93E C2 DA C8                 jp nz,  input_loop
114+  C941
115+  C941                          ; Нажат ввод
116+  C941
117+  C941                          ; Сохраняем в конец стрки 0D
118+  C941 12                       ld    (de),a
119+  C942
120+  C942                          ; Восстанавливаем регистры и выходим
121+  C942 F1                       pop   af
122+  C943 C1                       pop   bc
123+  C944 E1                       pop   hl
124+  C945 C9                       ret
125+  C946
126+  C946              ; ---------------------------------------------------------------------------
127+  C946
128+  C946              input_left: ; Если курсор в начале строки (hl==v_input_start) не перемещаем курсор
129+  C946 EB                       ex    de, hl
130+  C947 E5                       push  hl
131+  C948 2A C1 D2                 ld    hl, (v_input_start)
132+  C94B CD 89 C3                 call  cmp_hl_de_2
133+  C94E E1                       pop   hl
134+  C94F EB                       ex    de, hl
135+  C950 CA DA C8                 jp z, input_loop
136+  C953
137+  C953                          ; Уменьшаем положение курсора
138+  C953 2B                       dec   hl
139+  C954
140+  C954              input_lr:   ; Перемещаем курсор вправо/влево
141+  C954 CD 09 C8                 call  j_printChar
142+  C957
143+  C957                          ; Продолжаем ввод
144+  C957 C3 DA C8                 jp    input_loop
145+  C95A
146+  C95A              ; ---------------------------------------------------------------------------
147+  C95A
148+  C95A              input_right:      ; Если курсор в конце строк (hl==de) не перемещаем курсор
149+  C95A CD 89 C3                 call  cmp_hl_de_2
150+  C95D CA DA C8                 jp z, input_loop
151+  C960
152+  C960                          ; Увеличиваем положение курсора
153+  C960 23                       inc   hl
154+  C961
155+  C961                          ; Общее продолжение
156+  C961 C3 54 C9                 jp    input_lr
157+  C964
100   C964                  INCLUDE "calcCS.inc"
  1+  C964              ;+---------------------------------------------------------------------------
  2+  C964              ; MXOS
  3+  C964              ; Расчет контрольной суммы
  4+  C964              ;
  5+  C964              ; На входе
  6+  C964              ;  hl - начальный адрес
  7+  C964              ;  de - конечный адрес
  8+  C964              ;
  9+  C964              ; На выходе
 10+  C964              ;  bc - контрольная сумма
 11+  C964              ;
 12+  C964              ; 2013-12-12 Дизассемблировано vinxru
 13+  C964              ;----------------------------------------------------------------------------
 14+  C964
 15+  C964 01 00 00     calcCS:     ld      bc, 0
 16+  C967 7E           calcCS_1:   ld      a, (hl)
 17+  C968 81                       add     a, c
 18+  C969 4F                       ld      c, a
 19+  C96A F5                       push    af
 20+  C96B CD 89 C3                 call    cmp_hl_de_2
 21+  C96E CA 79 C9                 jp z,   calcCS_2
 22+  C971 F1                       pop     af
 23+  C972 78                       ld      a, b
 24+  C973 8E                       ADC     a, (hl)
 25+  C974 47                       ld      b, a
 26+  C975 23                       inc     hl
 27+  C976 C3 67 C9                 jp      calcCS_1
 28+  C979 F1           calcCS_2:   pop     af
 29+  C97A C9                       ret
 30+  C97B
101   C97B                  INCLUDE "reboot3.inc"
  1+  C97B              ;+---------------------------------------------------------------------------
  2+  C97B              ; MXOS
  3+  C97B              ; Обновление драйвера по адресу 0FFC0h и запуск NC.COM,
  4+  C97B              ; а также однократный запуск AUTOEXEC.BAT, если не нажата клавиша.
  5+  C97B              ;
  6+  C97B              ; 2013-12-12 Дизассемблировано vinxru
  7+  C97B              ;----------------------------------------------------------------------------
  8+  C97B
  9+  C97B              reboot3:    ; Инициализация стека
 10+  C97B 31 C0 FF                 ld      sp, STACK_ADDR
 11+  C97E
 12+  C97E                          ; Устанавливаем блочный драйвер
 13+  C97E 06 00                    ld      b, 0
 14+  C980 CD 96 CA                 call    setRAMDDriver
 15+  C983
 16+  C983                          ; Обновляем переменные
 17+  C983 21 00 C8                 ld      hl, j_reboot3
 18+  C986 22 E1 8F                 ld      (bios_vars.tapeError), hl
 19+  C989
 20+  C989              reboot3_0:
 21+  C989 C3 8C C9                 jp      reboot3_1
 22+  C98C
 23+  C98C              ; -------------------------------------
 24+  C98C              ; Код ниже будет выполнен лишь один раз после холодной перезагрузки.
 25+  C98C              ; То есть при теплой перезагрузке он не вызывается.
 26+  C98C
 27+  C98C              reboot3_1:
 28+  C98C                          ; Патчим предыдущую инструкцию - теперь она стала jp reboot3_2
 29+  C98C 21 C3 C9                 ld      hl, reboot3_2
 30+  C98F 22 8A C9                 ld      (reboot3_0+1), hl
 31+  C992
 32+  C992                          ; Устанавливаем побайтовый драйвер
 33+  C992 06 01                    ld      b, 1
 34+  C994 CD 96 CA                 call    setRAMDDriver
 35+  C997
 36+  C997                          ; Если в рам-диске по адресу 0FF00h (последний неполный сектор)
 37+  C997                          ; нет специальной метки, значит, не запускали форматирование
 38+  C997 21 BF FF                 ld      hl, 0FFBFh      ; адрес в странице
 39+  C99A AF                       xor     a               ; 0 страница
 40+  C99B CD C0 FF                 call    bios_RAMDRead
 41+  C99E 79                       ld      a, c            ; считанный байт в c
 42+  C99F FE 5A                    cp      5Ah
 43+  C9A1 CA B5 C9                 jp z,   skipFormat      ; метка есть - пропускаем форматирование
 44+  C9A4
 45+  C9A4                          ; Записываем метку
 46+  C9A4 AF                       xor     a               ; 0 страница
 47+  C9A5 0E 5A                    ld      c, 5Ah          ; записываемый байт
 48+  C9A7 CD D0 FF                 call    bios_RAMDWrite
 49+  C9AA
 50+  C9AA                          ; Устанавливаем блочный драйвер
 51+  C9AA 06 00                    ld      b, 0
 52+  C9AC CD 96 CA                 call    setRAMDDriver
 53+  C9AF
 54+  C9AF                          ; Запуск файла "A:FORMAT.BAT"
 55+  C9AF 21 31 D3                 ld      hl, pathFormatBat
 56+  C9B2 CD 25 CA                 call    fileExec
 57+  C9B5
 58+  C9B5              skipFormat:
 59+  C9B5                          ; Если нажата клавиша, пропустить запуск A:AUTOEX.BAT
 60+  C9B5 3A E1 FF                 ld      a, (IO_KEYB_B)
 61+  C9B8 E6 02                    and     2
 62+  C9BA CA C3 C9                 jp z,   reboot3_2
 63+  C9BD
 64+  C9BD                          ; Запуск файла A:AUTOEXEC.BAT
 65+  C9BD 21 22 D3                 ld      hl, pathAutoexecBat
 66+  C9C0 CD 25 CA                 call    fileExec
 67+  C9C3
 68+  C9C3              ; -------------------------------------
 69+  C9C3
 70+  C9C3              reboot3_2:
 71+  C9C3                          ; Запуск файла A:NC.COM
 72+  C9C3 21 19 D3                 ld      hl, pathNcCom
 73+  C9C6 CD 25 CA                 call    fileExec
 74+  C9C9
 75+  C9C9                          ; Теплая перезагрузка
 76+  C9C9 C3 00 C8                 jp      j_reboot3
 77+  C9CC
102   C9CC                  INCLUDE "fileExecBat.inc"
  1+  C9CC              ;+---------------------------------------------------------------------------
  2+  C9CC              ; MXOS
  3+  C9CC              ; Запустить BAT файл. Вызывается функцией fileExec
  4+  C9CC              ;
  5+  C9CC              ; 2013-12-12 Дизассемблировано vinxru
  6+  C9CC              ;----------------------------------------------------------------------------
  7+  C9CC
  8+  C9CC              execBat:
  9+  C9CC D1                       pop     de
 10+  C9CD
 11+  C9CD                          ; Устанавливаем адрес загрузки BAT-файла на BAT_BUFFER (= FC00h)
 12+  C9CD 21 00 E8                 ld      hl, BAT_BUFFER
 13+  C9D0 22 CD D2                 ld      (v_batPtr), hl
 14+  C9D3 EB                       ex      de, hl
 15+  C9D4
 16+  C9D4                          ; Изменяем адрес загрузки BAT-файла
 17+  C9D4                          ; TODO: это не работает с ром-диском (A: без поддержки записи). Поэтому
 18+  C9D4                          ; нельзя запустить BAT-файл с диска A:, если его адрес загрузки в каталоге
 19+  C9D4                          ; уже не прошит как FC00h (= BAT_BUFFER)
 20+  C9D4 21 9C D3                 ld      hl, v_curFileDescr
 21+  C9D7 0E 01                    ld      c, 1
 22+  C9D9 CD C5 D0                 call    fileGetSetAddr
 23+  C9DC DA 86 CA                 jp c,   badCommand
 24+  C9DF
 25+  C9DF                          ; Сохраняем имя BAT-файла
 26+  C9DF 21 9C D3                 ld      hl, v_curFileDescr
 27+  C9E2 11 A7 D3                 ld      de, v_curFileDescr + FILE_NAME_LENGTH + 3
 28+  C9E5 01 BC D3                 ld      bc, v_batFileDescr
 29+  C9E8 CD 97 C3                 call    memmove_bc_hl
 30+  C9EB
 31+  C9EB                          ; Сохраняем диск содержащий BAT-файл
 32+  C9EB 3A BC D2                 ld      a, (v_drive)
 33+  C9EE 32 F6 C9                 ld      (v_batDrive+1), a   ; самомодификация кода
 34+  C9F1
 35+  C9F1                          ; Этот цикл выполняется для каждой строки BAT-файла
 36+  C9F1              execBat_loop:
 37+  C9F1
 38+  C9F1                          ; Сохраняем текущий диск в регистре b
 39+  C9F1 3A BC D2                 ld      a, (v_drive)
 40+  C9F4 47                       ld      b, a
 41+  C9F5
 42+  C9F5              v_batDrive:
 43+  C9F5                          ; Выбрать диск содержащий BAT файл
 44+  C9F5 3E 01                    ld      a, 1 ; << сюда вместо 1 пишется диск, содержащий BAT файл
 45+  C9F7 CD C5 CB                 call    fileSelectDrive
 46+  C9FA
 47+  C9FA                          ; Загрузить BAT-файл в память
 48+  C9FA 21 BC D3                 ld      hl, v_batFileDescr
 49+  C9FD CD D0 CF                 call    fileLoad
 50+  CA00 2A CD D2                 ld      hl, (v_batPtr)
 51+  CA03
 52+  CA03                          ; Сохраняем начало строки
 53+  CA03 54                       ld      d, h
 54+  CA04 5D                       ld      e, l
 55+  CA05
 56+  CA05                          ; Ищем конец строки
 57+  CA05              execBat_0:
 58+  CA05 7E                       ld      a, (hl)
 59+  CA06 23                       inc     hl
 60+  CA07
 61+  CA07                          ; Найден конец строки, запускаем файл
 62+  CA07 FE 0D                    cp      0Dh
 63+  CA09 CA 17 CA                 jp z,   execBat_1
 64+  CA0C
 65+  CA0C                          ; Принимать также Unix-перевод строки. Файлы из Git и
 66+  CA0C                          ; современных редакторов часто заканчиваются байтом 0Ah.
 67+  CA0C FE 0A                    cp      0Ah
 68+  CA0E CA 17 CA                 jp z,   execBat_1
 69+  CA11
 70+  CA11                          ; Конец файла
 71+  CA11 FE FF                    cp      0FFh
 72+  CA13 C2 05 CA                 jp nz,  execBat_0
 73+  CA16 C9                       ret
 74+  CA17
 75+  CA17              ; ---------------------------------------------------------------------------
 76+  CA17
 77+  CA17              execBat_1:
 78+  CA17                          ; Сохраняем указатель
 79+  CA17 22 CD D2                 ld      (v_batPtr), hl
 80+  CA1A
 81+  CA1A                          ; Восстановление активного диска
 82+  CA1A 78                       ld      a, b
 83+  CA1B CD C5 CB                 call    fileSelectDrive
 84+  CA1E
 85+  CA1E                          ; Запустить файл
 86+  CA1E EB                       ex      de, hl
 87+  CA1F CD 25 CA                 call    fileExec
 88+  CA22
 89+  CA22 C3 F1 C9                 jp      execBat_loop
 90+  CA25
103   CA25                  INCLUDE "fileExec.inc"
  1+  CA25              ;+---------------------------------------------------------------------------
  2+  CA25              ; MXOS
  3+  CA25              ; Запустить файл
  4+  CA25              ;
  5+  CA25              ; На входе
  6+  CA25              ;  hl - ком строка в формате [Диск:]файл[ аргументы]
  7+  CA25              ;
  8+  CA25              ; На выходе
  9+  CA25              ;  сf - ошибка
 10+  CA25              ;
 11+  CA25              ; 2013-12-12 Дизассемблировано vinxru
 12+  CA25              ;----------------------------------------------------------------------------
 13+  CA25
 14+  CA25              fileExec:   ; Сюда будем записывать результат
 15+  CA25 11 00 FF                 ld      de, CMD_LINE
 16+  CA28
 17+  CA28                          ; Если первый символ меньше пробела, выходим c CF
 18+  CA28 7E                       ld      a, (hl)
 19+  CA29 FE 20                    cp      ' '
 20+  CA2B DA 8F CA                 jp      c, stc_ret
 21+  CA2E
 22+  CA2E                          ; Максимальный размер ком строки (+2 терминатора, итого 82h)
 23+  CA2E 0E 80                    ld      c, 80h
 24+  CA30
 25+  CA30              fileExec_0: ; Если символ меньше пробела, выходим
 26+  CA30 7E                       ld      a, (hl)
 27+  CA31 FE 20                    cp      20h
 28+  CA33 DA 3D CA                 jp c,   fileExec_1
 29+  CA36
 30+  CA36                          ; Копируем симовол из hl в de
 31+  CA36 12                       ld      (de),a
 32+  CA37 23                       inc     hl
 33+  CA38 13                       inc     de
 34+  CA39
 35+  CA39                          ; Повторяем 80h раз
 36+  CA39 0D                       dec     c
 37+  CA3A C2 30 CA                 jp nz,  fileExec_0
 38+  CA3D
 39+  CA3D              fileExec_1: ; В конец имени помещаем 13, 0
 40+  CA3D 3E 0D                    ld      a, 0Dh
 41+  CA3F 12                       ld      (de), a
 42+  CA40 13                       inc     de
 43+  CA41 AF                       xor     a
 44+  CA42 12                       ld      (de), a
 45+  CA43
 46+  CA43                          ; Выводим на экран 0Ah
 47+  CA43 CD 91 CA                 call    printCharA
 48+  CA46
 49+  CA46                          ; Выводим на экран имя файла
 50+  CA46 21 00 FF                 ld      hl, CMD_LINE
 51+  CA49 CD 18 C8                 call    j_printString
 52+  CA4C
 53+  CA4C                          ; Подготовка имени файла
 54+  CA4C 21 00 FF                 ld      hl, CMD_LINE
 55+  CA4F 11 9C D3                 ld      de, v_curFileDescr
 56+  CA52 CD 75 D1                 call    fileNamePrepare
 57+  CA55
 58+  CA55                          ; Запоминаем в стеке текущий адрес командной строки (начало списка аргументов)
 59+  CA55 E5                       push    hl
 60+  CA56
 61+  CA56                          ; Если это BAT файл
 62+  CA56 11 3E D3                 ld      de, aBat ; "BAT"
 63+  CA59 CD 2B CC                 call    cmpFileExt
 64+  CA5C CA CC C9                 jp z,   execBat
 65+  CA5F
 66+  CA5F                          ; Если это COM или EXE файл
 67+  CA5F CD 2B CC                 call    cmpFileExt
 68+  CA62 CA 6B CA                 jp z,   execExeCom
 69+  CA65 CD 2B CC                 call    cmpFileExt
 70+  CA68 C2 85 CA                 jp nz,  execError
 71+  CA6B
 72+  CA6B              execExeCom:
 73+  CA6B                          ; Вытаскиваем из стека текущий адрес командной строки (начало списка аргументов)
 74+  CA6B D1                       pop     de
 75+  CA6C
 76+  CA6C                          ; Загрузить файл
 77+  CA6C 21 9C D3                 ld      hl, v_curFileDescr
 78+  CA6F CD D0 CF                 call    fileLoad
 79+  CA72 DA 86 CA                 jp c,   badCommand
 80+  CA75
 81+  CA75                          ; Адрес командной строки
 82+  CA75 D5                       push    de
 83+  CA76
 84+  CA76                          ; Выводим на экран 0Ah
 85+  CA76                          ;call printCharA
 86+  CA76
 87+  CA76                          ; hl = указатель на адрес загрузки (= адрес запуска) файла
 88+  CA76 11 12 00                 ld      de, FILE_DESCRIPTOR.loadAddress   ; смещение поля с адресом загрузки
 89+  CA79 19                       add     hl, de
 90+  CA7A
 91+  CA7A                          ; de = адрес загрузки (= адрес запуска) файла
 92+  CA7A 5E                       ld      e, (hl)
 93+  CA7B 23                       inc     hl
 94+  CA7C 56                       ld      d, (hl)
 95+  CA7D
 96+  CA7D                          ; Адрес возврата
 97+  CA7D 21 83 CA                 ld      hl, defAppReturn
 98+  CA80 E3                       ex      (sp), hl
 99+  CA81
100+  CA81                          ; Запуск программы (переход на de)
101+  CA81 EB                       ex      de, hl  ; hl <--> de
102+  CA82 E9                       jp      (hl)    ; pc <-- hl
103+  CA83
104+  CA83              ; ---------------------------------------------------------------------------
105+  CA83
106+  CA83              defAppReturn:
107+  CA83 B7                       or  a
108+  CA84 C9                       ret
109+  CA85
110+  CA85              ; ---------------------------------------------------------------------------
111+  CA85
112+  CA85              execError:
113+  CA85 D1                       pop     de
114+  CA86              badCommand:
115+  CA86 21 62 D3                 ld      hl, txtBadCommand; "\nBAD COMMAND or FILE NAME"
116+  CA89 CD 18 C8                 call    j_printString
117+  CA8C CD 03 C8                 call    j_getch          ; дать пользователю прочитать сообщение
118+  CA8F              stc_ret:
119+  CA8F 37                       scf
120+  CA90 C9                       ret
121+  CA91
122+  CA91              ; ---------------------------------------------------------------------------
123+  CA91
124+  CA91              printCharA:
125+  CA91 0E 0A                    ld  c, 0Ah
126+  CA93 C3 09 C8                 jp  j_printChar
127+  CA96
104   CA96                  INCLUDE "driverFFC0.inc"
  1+  CA96              ;+---------------------------------------------------------------------------
  2+  CA96              ; MXOS
  3+  CA96              ; Драйверы диска в ДОЗУ (часть, которая копируется на адрес 0FFC0h)
  4+  CA96              ;
  5+  CA96              ; 2013-12-12 Дизассемблировано и доработано vinxru
  6+  CA96              ; 2022-02-02 Доработано SpaceEngineer
  7+  CA96              ;----------------------------------------------------------------------------
  8+  CA96
  9+  CA96              ;----------------------------------------------------------------------------
 10+  CA96              ; Установить драйвер доступа к ДОЗУ в окно разделяемой памяти
 11+  CA96              ; Специалиста-MX (FFC0h-FFDEh)
 12+  CA96              ;
 13+  CA96              ; вход:
 14+  CA96              ;  b = 0 - установить блочный драйвер, b = 1 - установить побайтовый драйвер
 15+  CA96              ;
 16+  CA96              ; 2022-02-02 SpaceEngineer
 17+  CA96              ;----------------------------------------------------------------------------
 18+  CA96
 19+  CA96              setRAMDDriver:
 20+  CA96 E5                       push  hl
 21+  CA97 D5                       push  de
 22+  CA98 C5                       push  bc
 23+  CA99 F5                       push  af
 24+  CA9A 05                       dec   b
 25+  CA9B CA A7 CA                 jp z, setRAMDDriver_1
 26+  CA9E
 27+  CA9E                          ; Адреса блочного драйвера
 28+  CA9E 21 B8 CA                 ld    hl, driverBlockStart
 29+  CAA1 11 D8 CA                 ld    de, driverBlockEnd
 30+  CAA4 C3 AD CA                 jp    setRAMDDriver_2
 31+  CAA7
 32+  CAA7              setRAMDDriver_1:
 33+  CAA7                          ; Адреса побайтового драйвера
 34+  CAA7 21 D8 CA                 ld    hl, driverByteStart
 35+  CAAA 11 F8 CA                 ld    de, driverByteEnd
 36+  CAAD
 37+  CAAD                          ; Копируем драйвер на адрес bc = bios_RAMDRead = 0FFC0h
 38+  CAAD              setRAMDDriver_2:
 39+  CAAD 01 C0 FF                 ld    bc, bios_RAMDRead
 40+  CAB0 CD 2D C4                 call  memcpy_bc_hl
 41+  CAB3
 42+  CAB3                          ; Восстанавливаем регистры и выходим
 43+  CAB3 F1                       pop   af
 44+  CAB4 C1                       pop   bc
 45+  CAB5 D1                       pop   de
 46+  CAB6 E1                       pop   hl
 47+  CAB7 C9                       ret
 48+  CAB8
 49+  CAB8              ;----------------------------------------------------------------------------
 50+  CAB8              ; Блочный драйвер, обрабатывает сразу блок 256 байт
 51+  CAB8              ;
 52+  CAB8              ; FFC0h - чтение 256-байтного блока
 53+  CAB8              ;   вход:
 54+  CAB8              ;     c = номер страницы
 55+  CAB8              ;     d = номер блока
 56+  CAB8              ;     e = 0
 57+  CAB8              ;     hl = адрес буфера в памяти
 58+  CAB8              ;
 59+  CAB8              ; FFD0h - запись 256-байтного блока
 60+  CAB8              ;   вход:
 61+  CAB8              ;     c = номер страницы
 62+  CAB8              ;     d = номер блока
 63+  CAB8              ;     e = 0
 64+  CAB8              ;     hl = адрес буфера в памяти
 65+  CAB8              ;
 66+  CAB8              ;----------------------------------------------------------------------------
 67+  CAB8
 68+  CAB8              ; Чтение 256-байтного блока с диска
 69+  CAB8
 70+  CAB8              driverBlockStart: ; эта п/п копируется на FFC0h
 71+  CAB8 79                       ld      a, c
 72+  CAB9 32 FD FF                 ld      (IO_PAGE_RAMD), a
 73+  CABC 1A                       ld      a, (de)
 74+  CABD 32 FC FF                 ld      (IO_PAGE_RAM), a
 75+  CAC0 77                       ld      (hl), a
 76+  CAC1 23                       inc     hl
 77+  CAC2 1C                       inc     e
 78+  CAC3 C2 C0 FF                 jp nz,  0FFC0h
 79+  CAC6 C9                       ret
 80+  CAC7
 81+  CAC7                          ; осталось места: 1 байт
 82+  CAC7 00                       nop
 83+  CAC8
 84+  CAC8              ; Запись 256-байтного блока на диск
 85+  CAC8
 86+  CAC8              driverBlockWrite: ; эта п/п копируется на FFD0h
 87+  CAC8 46                       ld      b, (hl)
 88+  CAC9 79                       ld      a, c
 89+  CACA 32 FD FF                 ld      (IO_PAGE_RAMD), a
 90+  CACD 78                       ld      a, b
 91+  CACE 12                       ld      (de), a
 92+  CACF 32 FC FF                 ld      (IO_PAGE_RAM), a
 93+  CAD2 23                       inc     hl
 94+  CAD3 1C                       inc     e
 95+  CAD4 C2 D0 FF                 jp nz,  0FFD0h
 96+  CAD7 C9                       ret
 97+  CAD8
 98+  CAD8                          ; осталось места: 0 байт
 99+  CAD8
100+  CAD8              driverBlockEnd:
101+  CAD8
102+  CAD8              ;----------------------------------------------------------------------------
103+  CAD8              ; Побайтовый драйвер, обрабатывает только 1 байт
104+  CAD8              ;
105+  CAD8              ; FFC0h - чтение байта
106+  CAD8              ;   вход:
107+  CAD8              ;     a  = номер страницы
108+  CAD8              ;     hl = адрес байта в странице ДОЗУ
109+  CAD8              ;   выход:
110+  CAD8              ;     c  = считанный байт
111+  CAD8              ;
112+  CAD8              ; FFD0h - запись байта
113+  CAD8              ;   вход:
114+  CAD8              ;     a  = номер страницы
115+  CAD8              ;     hl = байта в странице ДОЗУ
116+  CAD8              ;     c  = записываемый байт
117+  CAD8              ;
118+  CAD8              ;----------------------------------------------------------------------------
119+  CAD8
120+  CAD8              driverByteStart: ; эта п/п копируется на FFC0h
121+  CAD8 32 FD FF                 ld      (IO_PAGE_RAMD), a
122+  CADB 4E                       ld      c, (hl)
123+  CADC 32 FC FF                 ld      (IO_PAGE_RAM), a
124+  CADF C9                       ret
125+  CAE0
126+  CAE0                          ; осталось места: 8 байт
127+  CAE0 00                       nop
128+  CAE1 00                       nop
129+  CAE2 00                       nop
130+  CAE3 00                       nop
131+  CAE4 00                       nop
132+  CAE5 00                       nop
133+  CAE6 00                       nop
134+  CAE7 00                       nop
135+  CAE8
136+  CAE8              driverByteWrite: ; эта п/п копируется на FFD0h
137+  CAE8 32 FD FF                 ld      (IO_PAGE_RAMD), a
138+  CAEB 71                       ld      (hl), c
139+  CAEC 32 FC FF                 ld      (IO_PAGE_RAM), a
140+  CAEF C9                       ret
141+  CAF0
142+  CAF0                          ; осталось места: 8 байт
143+  CAF0 00                       nop
144+  CAF1 00                       nop
145+  CAF2 00                       nop
146+  CAF3 00                       nop
147+  CAF4 00                       nop
148+  CAF5 00                       nop
149+  CAF6 00                       nop
150+  CAF7 00                       nop
151+  CAF8
152+  CAF8              driverByteEnd:
153+  CAF8
154+  CAF8              ; ---------------------------------------------------------------------------
155+  CAF8
156+  CAF8              ; Проверка, что драйверы влезаеют в 32 байта разделяемой памяти Специалиста-MX
157+  CAF8
158+  CAF8                  IF driverBlockWrite-driverBlockStart+bios_RAMDRead != bios_RAMDWrite
159+  CAF8 ~                    ASSERT 0
160+  CAF8 ~                    DISPLAY /l, "Error! Block briver entry point FFD0 has been shifted: ", driverBlockWrite-driverBlockStart+bios_RAMDRead, " != 0xFFD0"
161+  CAF8                  ENDIF
162+  CAF8
163+  CAF8                  IF driverByteWrite-driverByteStart+bios_RAMDRead != bios_RAMDWrite
164+  CAF8 ~                    ASSERT 0
165+  CAF8 ~                    DISPLAY /l, "Error! Byte briver entry point FFD0 has been shifted: ", driverByteWrite-driverByteStart+bios_RAMDRead, " != 0xFFD0"
166+  CAF8                  ENDIF
167+  CAF8
168+  CAF8                  IF driverBlockEnd-driverBlockStart > 32
169+  CAF8 ~                    ASSERT 0
170+  CAF8 ~                    DISPLAY /d, "Error! Block briver did not fit: ", driverBlockEnd-driverBlockStart, " > 32 bytes"
171+  CAF8                  ENDIF
172+  CAF8
173+  CAF8                  IF driverByteEnd-driverByteStart > 32
174+  CAF8 ~                    ASSERT 0
175+  CAF8 ~                    DISPLAY /d, "Error! Byte briver did not fit: ", driverByteEnd-driverByteStart, " > 32 bytes"
176+  CAF8                  ENDIF
177+  CAF8
105   CAF8                  INCLUDE "driverChecked.inc"
  1+  CAF8              ;+---------------------------------------------------------------------------
  2+  CAF8              ; Р’СЃС‚СЂРѕРµРЅРЅС‹Р№ РґСЂР°Р№РІРµСЂ ROM/RAM-РґРёСЃРєР°.
  3+  CAF8              ;
  4+  CAF8              ; Р”Р»СЏ С„СѓРЅРєС†РёР№ 1/2:
  5+  CAF8              ;   CF=0 - РѕРїРµСЂР°С†РёСЏ РІС‹РїРѕР»РЅРµРЅР°;
  6+  CAF8              ;   CF=1 - РѕС€РёР±РєР° РёР»Рё РЅРµРїРѕРґРґРµСЂР¶РёРІР°РµРјР°СЏ С„СѓРЅРєС†РёСЏ.
  7+  CAF8              ; Р’СЃРµ РІС…РѕРґРЅС‹Рµ СЂРµРіРёСЃС‚СЂС‹ СЃРѕС…СЂР°РЅСЏСЋС‚СЃСЏ. Р’СЃС‚СЂРѕРµРЅРЅС‹Р№ RAM-РґРёСЃРє РЅРµ РІС‹РїРѕР»РЅСЏРµС‚
  8+  CAF8              ; РїРѕРІС‚РѕСЂРЅРѕРµ С‡С‚РµРЅРёРµ: РґР»СЏ РћР—РЈ РѕРЅРѕ С‚РѕР»СЊРєРѕ СѓРґРІР°РёРІР°РµС‚ РѕР±СЉС‘Рј РѕР±РјРµРЅР°. РџСЂРѕРІРµСЂРєР°
  9+  CAF8              ; flash Рё СЃРёСЃС‚РµРјРЅРѕРіРѕ ROM РІС‹РїРѕР»РЅСЏРµС‚СЃСЏ РІ СЃРѕРѕС‚РІРµС‚СЃС‚РІСѓСЋС‰РёС… РґСЂР°Р№РІРµСЂР°С….
 10+  CAF8              ;----------------------------------------------------------------------------
 11+  CAF8
 12+  CAF8              diskDriver:
 13+  CAF8 F5                       push    af
 14+  CAF9
 15+  CAF9 78                       ld      a, b
 16+  CAFA FE 03                    cp      3
 17+  CAFC CA 78 CB                 jp z,   diskDriver_s
 18+  CAFF
 19+  CAFF E5                       push    hl
 20+  CB00 C5                       push    bc
 21+  CB01 D5                       push    de
 22+  CB02
 23+  CB02 3A BC D2                 ld      a, (v_drive)
 24+  CB05 4F                       ld      c, a
 25+  CB06
 26+  CB06 05                       dec     b
 27+  CB07 CA 5F CB                 jp z,   diskDriver_w
 28+  CB0A 05                       dec     b
 29+  CB0B CA 14 CB                 jp z,   diskDriver_r
 30+  CB0E
 31+  CB0E              popDBHA_error:
 32+  CB0E D1                       pop     de
 33+  CB0F C1                       pop     bc
 34+  CB10 E1                       pop     hl
 35+  CB11 F1                       pop     af
 36+  CB12 37                       scf
 37+  CB13 C9                       ret
 38+  CB14
 39+  CB14              ;----------------------------------------------------------------------------
 40+  CB14              ; Р§С‚РµРЅРёРµ Р±Р»РѕРєР°.
 41+  CB14
 42+  CB14              diskDriver_r:
 43+  CB14 B7                       or      a
 44+  CB15 C2 55 CB                 jp nz,  ramDRead
 45+  CB18
 46+  CB18                  IF ROM_64K
 47+  CB18 3E 80                    ld      a, 080h
 48+  CB1A AB                       xor     e
 49+  CB1B FA 41 CB                 jp m,   romMXRead
 50+  CB1E
 51+  CB1E 57                       ld      d, a
 52+  CB1F 1E 00                    ld      e, 0
 53+  CB21 13                       inc     de
 54+  CB22 13                       inc     de
 55+  CB23 13                       inc     de
 56+  CB24 13                       inc     de
 57+  CB25
 58+  CB25 AF                       xor     a
 59+  CB26 32 F8 FF                 ld      (IO_COLOR), a
 60+  CB29              romStdReadLoop:
 61+  CB29 32 FF FF                 ld      (IO_PAGE_STD), a
 62+  CB2C 1A                       ld      a, (de)
 63+  CB2D 32 FC F7                 ld      (IO_PAGE_RAM-800h), a
 64+  CB30 77                       ld      (hl), a
 65+  CB31 23                       inc     hl
 66+  CB32 13                       inc     de
 67+  CB33 3E 04                    ld      a, 4
 68+  CB35 BB                       cp      e
 69+  CB36 C2 29 CB                 jp nz,  romStdReadLoop
 70+  CB39
 71+  CB39 3E F0                    ld      a, COLOR_BIOS
 72+  CB3B 32 F8 FF                 ld      (IO_COLOR), a
 73+  CB3E C3 6A CB                 jp      popDBHA_success
 74+  CB41                  ENDIF
 75+  CB41
 76+  CB41              romMXRead:
 77+  CB41              romMXReadDrv:
 78+  CB41 79                       ld      a, c
 79+  CB42 53                       ld      d, e
 80+  CB43 1E 00                    ld      e, 0
 81+  CB45              romMXReadLoop:
 82+  CB45 32 FE FF                 ld      (IO_PAGE_ROM), a
 83+  CB48 1A                       ld      a, (de)
 84+  CB49 32 FC FF                 ld      (IO_PAGE_RAM), a
 85+  CB4C 77                       ld      (hl), a
 86+  CB4D 23                       inc     hl
 87+  CB4E 1C                       inc     e
 88+  CB4F C2 45 CB                 jp nz,  romMXReadLoop
 89+  CB52 C3 6A CB                 jp      popDBHA_success
 90+  CB55
 91+  CB55              ramDRead:
 92+  CB55 4A                       ld      c, d
 93+  CB56 53                       ld      d, e
 94+  CB57 1E 00                    ld      e, 0
 95+  CB59 CD C0 FF                 call    bios_RAMDRead
 96+  CB5C C3 6A CB                 jp      popDBHA_success
 97+  CB5F
 98+  CB5F              ;----------------------------------------------------------------------------
 99+  CB5F              ; Р—Р°РїРёСЃСЊ Р±Р»РѕРєР° RAM-РґРёСЃРєР°.
100+  CB5F
101+  CB5F              diskDriver_w:
102+  CB5F B7                       or      a
103+  CB60 CA 70 CB                 jp z,   diskWriteFailed
104+  CB63
105+  CB63 4A                       ld      c, d
106+  CB64 53                       ld      d, e
107+  CB65 1E 00                    ld      e, 0
108+  CB67 CD D0 FF                 call    bios_RAMDWrite
109+  CB6A                          ; bios_RAMDWrite РІРѕР·РІСЂР°С‰Р°РµС‚ РѕСЃРЅРѕРІРЅСѓСЋ СЃС‚СЂР°РЅРёС†Сѓ РїРµСЂРµРґ RET.
110+  CB6A                          ; Р“РѕСЂСЏС‡РёР№ С†РёРєР»: 70 С‚Р°РєС‚РѕРІ/Р±Р°Р№С‚, 17920 С‚Р°РєС‚РѕРІ РЅР° СЃРµРєС‚РѕСЂ
111+  CB6A                          ; (РѕРєРѕР»Рѕ 9 РјСЃ РїСЂРё 2 РњР“С†): 256 С‡С‚РµРЅРёР№ РћР—РЈ, 256 Р·Р°РїРёСЃРµР№
112+  CB6A                          ; RAM-РґРёСЃРєР° Рё 512 РїРµСЂРµРєР»СЋС‡РµРЅРёР№ РјР°РїРїРµСЂР°.
113+  CB6A
114+  CB6A              popDBHA_success:
115+  CB6A D1                       pop     de
116+  CB6B C1                       pop     bc
117+  CB6C E1                       pop     hl
118+  CB6D F1                       pop     af
119+  CB6E B7                       or      a
120+  CB6F C9                       ret
121+  CB70
122+  CB70              diskWriteFailed:
123+  CB70 3E 01                    ld      a, 1
124+  CB72 32 F9 8F                 ld      (bios_vars.diskWriteErr), a
125+  CB75 C3 0E CB                 jp      popDBHA_error
126+  CB78
127+  CB78              ;----------------------------------------------------------------------------
128+  CB78              ; Р Р°Р·РјРµСЂ РЅР°РєРѕРїРёС‚РµР»СЏ.
129+  CB78
130+  CB78              diskDriver_s:
131+  CB78 3A BC D2                 ld      a, (v_drive)
132+  CB7B B7                       or      a
133+  CB7C CA 8E CB                 jp z,   diskDriver_s_rom
134+  CB7F
135+  CB7F 3A F8 8F                 ld      a, (bios_vars.ramPageCount)
136+  CB82 5F                       ld      e, a
137+  CB83 16 00                    ld      d, 0
138+  CB85 21 00 01                 ld      hl, 65536 / SECTOR_SIZE
139+  CB88 CD 62 D2                 call    mul_hl_de
140+  CB8B C3 91 CB                 jp      diskDriver_s_exit
141+  CB8E
142+  CB8E              diskDriver_s_rom:
143+  CB8E 2A F5 D2                 ld      hl, (v_diskInfo.totalSectors)
144+  CB91
145+  CB91              diskDriver_s_exit:
146+  CB91 EB                       ex      hl, de
147+  CB92 21 EB D2                 ld      hl, v_diskInfo
148+  CB95 F1                       pop     af
149+  CB96 C9                       ret
150+  CB97
151+  CB97              ;----------------------------------------------------------------------------
152+  CB97
153+  CB97              diskDriverDummy:
154+  CB97 F5                       push    af
155+  CB98 78                       ld      a, b
156+  CB99 FE 03                    cp      3
157+  CB9B C2 A1 CB                 jp nz,  diskDriverDummyExit
158+  CB9E
159+  CB9E 11 00 00                 ld      de, 0
160+  CBA1
161+  CBA1              diskDriverDummyExit:
162+  CBA1 21 EB D2                 ld      hl, v_diskInfo
163+  CBA4 F1                       pop     af
164+  CBA5 C9                       ret
165+  CBA6
106   CBA6                  INCLUDE "installDriver.inc"
  1+  CBA6              ;+---------------------------------------------------------------------------
  2+  CBA6              ; MXOS
  3+  CBA6              ; Установить драйвер устройства
  4+  CBA6              ;
  5+  CBA6              ; На входе
  6+  CBA6              ;  a - диск
  7+  CBA6              ;  hl - адрес драйвера
  8+  CBA6              ;
  9+  CBA6              ; На выходе
 10+  CBA6              ;  hl - адрес структуры DISK_INFO
 11+  CBA6              ;
 12+  CBA6              ; 2013-12-12 Дизассемблировано vinxru
 13+  CBA6              ;----------------------------------------------------------------------------
 14+  CBA6
 15+  CBA6              installDriver:    ; Сохранение регистров
 16+  CBA6 D5                       push de
 17+  CBA7 E5                       push hl
 18+  CBA8
 19+  CBA8                          ; Максимум дисков
 20+  CBA8 E6 07                    and 7
 21+  CBAA
 22+  CBAA                          ; Вычисление адреса в таблице дисков
 23+  CBAA 87                       add   a, a
 24+  CBAB 6F                       ld    l, a
 25+  CBAC 26 00                    ld    h, 0
 26+  CBAE 11 DB D2                 ld    de, v_drives
 27+  CBB1 19                       add   hl, de
 28+  CBB2
 29+  CBB2                          ; Установка драйвера
 30+  CBB2 D1                       pop   de
 31+  CBB3 73                       ld  (hl), e
 32+  CBB4 23                       inc   hl
 33+  CBB5 72                       ld  (hl), d
 34+  CBB6
 35+  CBB6                          ; Восстановление регистров
 36+  CBB6 EB                       ex  de, hl
 37+  CBB7 D1                       pop de
 38+  CBB8 0F                       rrca
 39+  CBB9
 40+  CBB9                          ; Передача адреса структуры v_diskInfo
 41+  CBB9 21 EB D2                 ld  hl, v_diskInfo
 42+  CBBC
 43+  CBBC                          ; Выход
 44+  CBBC C9                       ret
 45+  CBBD
107   CBBD                  INCLUDE "fileGetSetDrive.inc"
  1+  CBBD              ;+---------------------------------------------------------------------------
  2+  CBBD              ; MXOS
  3+  CBBD              ; Получение/установка текущего накопителя.
  4+  CBBD              ; В режиме 1 функция переключает драйвер накопителя.
  5+  CBBD              ;
  6+  CBBD              ; На входе
  7+  CBBD              ;   e  - 0=чтение, 1=установка
  8+  CBBD              ;   a  - накопитель от 0 до 7
  9+  CBBD              ;
 10+  CBBD              ; На выходе
 11+  CBBD              ;   a  - накопитель
 12+  CBBD              ;   bc, de, hl - сохраняются
 13+  CBBD              ;
 14+  CBBD              ; 2013-12-12 Дизассемблировано vinxru
 15+  CBBD              ; 2022-02-02 Доработано SpaceEngineer
 16+  CBBD              ;----------------------------------------------------------------------------
 17+  CBBD
 18+  CBBD              fileGetSetDrive:
 19+  CBBD 1D                       dec     e
 20+  CBBE CA C5 CB                 jp z,   fileSelectDrive
 21+  CBC1 3A BC D2                 ld      a, (v_drive)
 22+  CBC4 C9                       ret
 23+  CBC5
 24+  CBC5              ; ---------------------------------------------------------------------------
 25+  CBC5
 26+  CBC5              fileSelectDrive:
 27+  CBC5                          ; Максимум устройств - 1
 28+  CBC5 E6 07                    and     7
 29+  CBC7
 30+  CBC7                          ; Если устройство не менялось, выходим
 31+  CBC7 E5                       push    hl
 32+  CBC8 21 BC D2                 ld      hl, v_drive
 33+  CBCB BF BE                    cp      a, (hl)
 34+  CBCD E1                       pop     hl
 35+  CBCE C8                       ret z
 36+  CBCF
 37+  CBCF                          ; Сохраняем выбранное устройство
 38+  CBCF 32 BC D2                 ld      (v_drive), a
 39+  CBD2
 40+  CBD2                          ; Пригодится ниже (a = a * 2)
 41+  CBD2 87                       add     a, a
 42+  CBD3
 43+  CBD3                          ; Сохраняем регистры
 44+  CBD3 E5                       push    hl
 45+  CBD4 D5                       push    de
 46+  CBD5
 47+  CBD5                          ; Получаем точку входа драйвера
 48+  CBD5 6F                       ld      l, a
 49+  CBD6 26 00                    ld      h, 0
 50+  CBD8 11 DB D2                 ld      de, v_drives
 51+  CBDB 19                       add     hl, de
 52+  CBDC 5E                       ld      e, (hl)
 53+  CBDD 23                       inc     hl
 54+  CBDE 56                       ld      d, (hl)
 55+  CBDF EB                       ex      de, hl
 56+  CBE0
 57+  CBE0                          ; Сохраняем её
 58+  CBE0 22 64 C8                 ld      (j_diskDriver+1), hl
 59+  CBE3
 60+  CBE3                          ; Восстаналвиаем a
 61+  CBE3 0F                       rrca
 62+  CBE4
 63+  CBE4                          ; Очищаем кэш fat
 64+  CBE4 C5                       push    bc
 65+  CBE5 CD 5B CC                 call    resetSectorCache
 66+  CBE8 C1                       pop     bc
 67+  CBE9
 68+  CBE9                          ; Считываем загрузочный сектор и инициализируем структуру v_diskInfo
 69+  CBE9 CD 14 CE                 call    fatReadBootSector
 70+  CBEC
 71+  CBEC                          ; Восстанавливаем регистры и выходим
 72+  CBEC D1                       pop     de
 73+  CBED E1                       pop     hl
 74+  CBEE C9                       ret
 75+  CBEF
108   CBEF                  INCLUDE "strcmp.inc"
  1+  CBEF              ;----------------------------------------------------------------------------
  2+  CBEF              ; MXOS
  3+  CBEF              ; Сравнение строк, чувстсвительное к регистру
  4+  CBEF              ;
  5+  CBEF              ; вход:
  6+  CBEF              ;  de = адрес строки 1
  7+  CBEF              ;  hl = адрес строки 2
  8+  CBEF              ;  c  = длина строки
  9+  CBEF              ;
 10+  CBEF              ; выход:
 11+  CBEF              ;  zf - строки равны
 12+  CBEF              ;
 13+  CBEF              ; регистры не сохраняются!
 14+  CBEF              ;
 15+  CBEF              ; 2022-02-11 SpaceEngineer
 16+  CBEF              ;----------------------------------------------------------------------------
 17+  CBEF
 18+  CBEF              strcmp:     ; Сравнение символов
 19+  CBEF 1A                       ld      a, (de)
 20+  CBF0 BE                       cp      (hl)
 21+  CBF1 C0                       ret nz          ; если символы не равны, выходим с флагом nz
 22+  CBF2 23                       inc     hl
 23+  CBF3 13                       inc     de
 24+  CBF4
 25+  CBF4                          ; Повтор цикла
 26+  CBF4 0D                       dec     c
 27+  CBF5 C2 EF CB                 jp nz,  strcmp
 28+  CBF8
 29+  CBF8                          ; Сравнили до конца и не вышли раньше - значит, строки равны
 30+  CBF8 C9                       ret             ; выходим с флагом z
 31+  CBF9
 32+  CBF9              ;----------------------------------------------------------------------------
 33+  CBF9              ; MXOS
 34+  CBF9              ; Сравнение строк, нечувстсвительное к регистру
 35+  CBF9              ;
 36+  CBF9              ; вход:
 37+  CBF9              ;  hl = адрес строки 1
 38+  CBF9              ;  de = адрес строки 2
 39+  CBF9              ;  c  = длина строки
 40+  CBF9              ;
 41+  CBF9              ; выход:
 42+  CBF9              ;  zf = 1 - строки равны
 43+  CBF9              ;
 44+  CBF9              ; регистр bc сохраняется
 45+  CBF9              ;
 46+  CBF9              ; 2022-02-11 SpaceEngineer
 47+  CBF9              ;----------------------------------------------------------------------------
 48+  CBF9
 49+  CBF9 C5           stricmp:    push    bc
 50+  CBFA              stricmp_loop:
 51+  CBFA                          ; Читаем символ из первой строки и переводим в верхний регистр
 52+  CBFA 1A                       ld      a, (de)
 53+  CBFB CD 0F CC                 call    upperCase
 54+  CBFE 47                       ld      b, a    ; сохраняем его в b
 55+  CBFF
 56+  CBFF                          ; Читаем символ из второй строки и переводим в верхний регистр
 57+  CBFF 7E                       ld      a, (hl)
 58+  CC00 CD 0F CC                 call    upperCase
 59+  CC03
 60+  CC03                          ; Сравнение символов
 61+  CC03 B8                       cp      b
 62+  CC04 C2 0D CC                 jp nz,  stcicmp_exit    ; если символы не равны, выходим с флагом zf = 0
 63+  CC07
 64+  CC07                          ; Повтор цикла
 65+  CC07 23                       inc     hl
 66+  CC08 13                       inc     de
 67+  CC09 0D                       dec     c
 68+  CC0A C2 FA CB                 jp nz,  stricmp_loop
 69+  CC0D
 70+  CC0D                          ; Сравнили до конца и не вышли раньше - значит, строки равны
 71+  CC0D              stcicmp_exit:
 72+  CC0D C1                       pop     bc
 73+  CC0E C9                       ret             ; выходим с флагом zf = 1
 74+  CC0F
 75+  CC0F              ;----------------------------------------------------------------------------
 76+  CC0F              ; MXOS
 77+  CC0F              ; Преобразование кода символа КОИ-8 в верхний регистр.
 78+  CC0F              ;
 79+  CC0F              ; вход:
 80+  CC0F              ;  a = символ
 81+  CC0F              ;
 82+  CC0F              ; выход:
 83+  CC0F              ;  a = символ в верхнем регистре
 84+  CC0F              ;
 85+  CC0F              ; все регистры сохраняются
 86+  CC0F              ;
 87+  CC0F              ; 2022-02-11 SpaceEngineer
 88+  CC0F              ;----------------------------------------------------------------------------
 89+  CC0F
 90+  CC0F              upperCase:  ; Цифры, знаки и прописные английские буквы - не меняем
 91+  CC0F FE 61                    cp      61h
 92+  CC11 D8                       ret c
 93+  CC12
 94+  CC12                          ; Строчные английские буквы - вычитаем 20h
 95+  CC12 FE 7B                    cp      7Bh
 96+  CC14 D2 1A CC                 jp nc,  upperCase1
 97+  CC17 D6 20                    sub     20h
 98+  CC19 C9                       ret
 99+  CC1A
100+  CC1A              upperCase1: ; Буква ё - прибавляем 10h
101+  CC1A FE A3                    cp      0A3h
102+  CC1C D2 22 CC                 jp nc,  upperCase2
103+  CC1F C6 10                    add     10h
104+  CC21 C9                       ret
105+  CC22
106+  CC22              upperCase2: ; Символы псевдографики - не меняем
107+  CC22 FE C0                    cp      0C0h
108+  CC24 D8                       ret c
109+  CC25
110+  CC25                          ; Заглавные русские буквы - не маняем
111+  CC25 FE E0                    cp      0E0h
112+  CC27 D0                       ret nc
113+  CC28
114+  CC28                          ; Строчные русские буквы - прибавляем 20h
115+  CC28 C6 20                    add     20h
116+  CC2A C9                       ret
117+  CC2B
118+  CC2B              ;+---------------------------------------------------------------------------
119+  CC2B              ; MXOS
120+  CC2B              ; Сравнение расширений файлов
121+  CC2B              ;
122+  CC2B              ; На входе
123+  CC2B              ;  de - адрес расширения 1
124+  CC2B              ;  v_curFileDescr - имя с расширением 2
125+  CC2B              ;
126+  CC2B              ; На выходе
127+  CC2B              ;  zf = 0 - расширения равны
128+  CC2B              ;  de = de+3
129+  CC2B              ;
130+  CC2B              ; 2013-12-12 Дизассемблировано vinxru
131+  CC2B              ; 2022-02-11 Доработано SpaceEngineer
132+  CC2B              ;----------------------------------------------------------------------------
133+  CC2B
134+  CC2B              cmpFileExt:
135+  CC2B                          ; Адрес расширения
136+  CC2B 21 A4 D3                 ld      hl, v_curFileDescr + FILE_NAME_LENGTH
137+  CC2E 0E 03                    ld      c, 3   ; cравниваем 3 символа
138+  CC30 CD F9 CB                 call    stricmp ; zf = 1 если равны
139+  CC33
140+  CC33                          ; Делаем так, чтобы на выходе функции de было
141+  CC33                          ; на 3 больше, чем на входе в функцию
142+  CC33 06 00                    ld      b, 0
143+  CC35 F5                       push    af
144+  CC36 EB                       ex      de, hl
145+  CC37 09                       add     hl, bc
146+  CC38 EB                       ex      de, hl
147+  CC39 F1                       pop     af
148+  CC3A
149+  CC3A                          ; Выход
150+  CC3A C9                       ret
151+  CC3B
109   CC3B                  INCLUDE "fatCache.inc"
  1+  CC3B              ;----------------------------------------------------------------------------
  2+  CC3B              ; MXOS
  3+  CC3B              ; Кэш секторов fat
  4+  CC3B              ;
  5+  CC3B              ; 2022-02-08 Разработано SpaceEngineer
  6+  CC3B              ;----------------------------------------------------------------------------
  7+  CC3B
  8+  CC3B                  STRUCT  FAT_CACHE_DATA          ; размер структуры 8 байт
  9+  CC3B ~            number:         DW  0FFFFh          ; номер сектора
 10+  CC3B ~            address:        DW  FAT_CACHE_ADDR  ; адрес закешированного сектора в ОЗУ
 11+  CC3B ~            accessTime:     DW  0               ; последнее время обращения к сектору
 12+  CC3B ~            isModified:     DB  0               ; модифицирован ли сектор
 13+  CC3B ~            _align:         DB  0               ; для выравнивания
 14+  CC3B                  ENDS
 15+  CC3B
 16+  CC3B              ; Массив из FAT_CACHE_CAPACITY структур длиной FAT_CACHE_DATA, инициализирован нулями
 17+  CC3B 00 00 00...  cacheData:      BLOCK   FAT_CACHE_CAPACITY * FAT_CACHE_DATA, 0
 18+  CC5B
 19+  CC5B              ;----------------------------------------------------------------------------
 20+  CC5B              ; MXOS
 21+  CC5B              ; Инициализация кэша fat
 22+  CC5B              ;
 23+  CC5B              ; регисты НЕ сохраняются!
 24+  CC5B              ;
 25+  CC5B              ; 2022-02-08 Разработано SpaceEngineer
 26+  CC5B              ;----------------------------------------------------------------------------
 27+  CC5B
 28+  CC5B              resetSectorCache:
 29+  CC5B                      ; bc = системное время
 30+  CC5B CD 71 CD             call    getSystemTime
 31+  CC5E
 32+  CC5E                      ; В цикле записываем начальные значения во поля address
 33+  CC5E 11 00 FB             ld      de, FAT_CACHE_ADDR      ; адрес буфера секторов
 34+  CC61 21 3B CC             ld      hl, cacheData           ; адрес первого элемента в массиве
 35+  CC64 3E 04                ld      a,  FAT_CACHE_CAPACITY  ; счетчик цикла
 36+  CC66
 37+  CC66              resetCacheLoop:
 38+  CC66                      ; Поле number = 0FFFFh
 39+  CC66 36 FF                ld      (hl), 0FFh
 40+  CC68 23                   inc     hl
 41+  CC69 36 FF                ld      (hl), 0FFh
 42+  CC6B 23                   inc     hl
 43+  CC6C                      ; Поле address = de
 44+  CC6C 73                   ld      (hl), e
 45+  CC6D 23                   inc     hl
 46+  CC6E 72                   ld      (hl), d
 47+  CC6F 23                   inc     hl
 48+  CC70                      ; Поле accessTime = bc
 49+  CC70 71                   ld      (hl), c
 50+  CC71 23                   inc     hl
 51+  CC72 70                   ld      (hl), b
 52+  CC73 23                   inc     hl
 53+  CC74                      ; Поле isModified = 0
 54+  CC74 36 00                ld      (hl), 0
 55+  CC76 23                   inc     hl
 56+  CC77                      ; Поле isLoaded = 0
 57+  CC77 36 00                ld      (hl), 0
 58+  CC79 23                   inc     hl
 59+  CC7A
 60+  CC7A                      ; de += SECTOR_SIZE
 61+  CC7A 14                   inc     d   ; это работает только с секторами по 256 байт
 62+  CC7B
 63+  CC7B                      ; Повтор чикла
 64+  CC7B 3D                   dec     a
 65+  CC7C C2 66 CC             jp nz,  resetCacheLoop
 66+  CC7F
 67+  CC7F C9                   ret
 68+  CC80
 69+  CC80              ;----------------------------------------------------------------------------
 70+  CC80              ; MXOS
 71+  CC80              ; Получение адреса закешированного сектора в памяти.
 72+  CC80              ; Если сектор не найден в кэше, он загружается с текущего накопителя.
 73+  CC80              ;
 74+  CC80              ; вход:
 75+  CC80              ;   de = номер сектора
 76+  CC80              ;   a  = 1 - установить флаг isModified сектора
 77+  CC80              ;
 78+  CC80              ; выход:
 79+  CC80              ;   hl = адрес сектора в буфере
 80+  CC80              ;
 81+  CC80              ;   регистры de, bc сохраняются
 82+  CC80              ;
 83+  CC80              ; 2022-02-08 Разработано SpaceEngineer
 84+  CC80              ;----------------------------------------------------------------------------
 85+  CC80
 86+  CC80              getSectorAddressInCache:
 87+  CC80 C5                   push    bc
 88+  CC81 D5                   push    de
 89+  CC82 47                   ld      b, a    ; b = isModified
 90+  CC83 EB                   ex      hl, de
 91+  CC84
 92+  CC84                      ; Находим сектор в кэше; если нету - кешируем
 93+  CC84                      ; вход:  hl = номер сектора на диске
 94+  CC84                      ; выход: hl = адрес сектора в ОЗУ
 95+  CC84 CD A1 CC             call    cacheSector
 96+  CC87
 97+  CC87 D1                   pop     de
 98+  CC88 C1                   pop     bc
 99+  CC89 C9                   ret
100+  CC8A
101+  CC8A              ;----------------------------------------------------------------------------
102+  CC8A              ; MXOS
103+  CC8A              ; Получение адреса ячейки fat.
104+  CC8A              ; Если сектор fat не найден в кэше, он загружается с текущего накопителя.
105+  CC8A              ;
106+  CC8A              ; вход:
107+  CC8A              ;   de = номер ячейки fat
108+  CC8A              ;   a  = 1 - установить флаг isModified сектора
109+  CC8A              ;
110+  CC8A              ; выход:
111+  CC8A              ;   hl = адрес ячейки в буфере
112+  CC8A              ;
113+  CC8A              ; 2022-02-08 Разработано SpaceEngineer
114+  CC8A              ;----------------------------------------------------------------------------
115+  CC8A
116+  CC8A              getFatCellAddress:
117+  CC8A C5                   push    bc
118+  CC8B 47                   ld      b, a ; b = isModified
119+  CC8C
120+  CC8C                      ; Вычисляем номер сектора, где находится искомая ячейка fat
121+  CC8C                      ; fatSectorNum  = (N * 2) / v_diskInfo.sectorSize + v_diskInfo.resSectors;
122+  CC8C                      ; fatCellOffset = (N * 2) % v_diskInfo.sectorSize;
123+  CC8C 2A EB D2             ld      hl, (v_diskInfo.sectorSize)
124+  CC8F EB                   ex      hl, de
125+  CC90 29                   add     hl, hl      ; hl = N * 2
126+  CC91 CD 87 D2             call    div_hl_de   ; выход: hl = номер сектора от начала fat; de = смещение ячейки в секторе
127+  CC94 D5                   push    de          ; de = смещение ячейки в секторе
128+  CC95 EB                   ex      hl, de
129+  CC96 2A EF D2             ld      hl, (v_diskInfo.resSectors)
130+  CC99 19                   add     hl, de      ; hl += v_diskInfo.resSectors
131+  CC9A
132+  CC9A                      ; Находим сектор в кэше; если нету - кешируем
133+  CC9A                      ; вход:  hl = номер сектора на диске
134+  CC9A                      ; выход: hl = адрес сектора в ОЗУ
135+  CC9A CD A1 CC             call    cacheSector
136+  CC9D
137+  CC9D                      ; Находим смещение ячейки fat в этом секторе
138+  CC9D D1                   pop     de      ; de = смещение ячейки в секторе
139+  CC9E 19                   add     hl, de  ; hl = адрес ячейки в секторе
140+  CC9F
141+  CC9F C1                   pop     bc
142+  CCA0 C9                   ret
143+  CCA1
144+  CCA1              ;----------------------------------------------------------------------------
145+  CCA1              ; MXOS
146+  CCA1              ; Поиск сектора в кэше. Если сектор не найден, то он загружается с накопителя.
147+  CCA1              ;
148+  CCA1              ; вход:
149+  CCA1              ;   hl = номер сектора
150+  CCA1              ;   b  = флаг модификации
151+  CCA1              ;
152+  CCA1              ; выход:
153+  CCA1              ;   hl = адрес начала сектора в памяти
154+  CCA1              ;
155+  CCA1              ; регистры de, bc сохраняются
156+  CCA1              ;
157+  CCA1              ; 2022-02-08 Разработано SpaceEngineer
158+  CCA1              ;----------------------------------------------------------------------------
159+  CCA1
160+  CCA1              cacheSector:
161+  CCA1                      ; Сохраняем регистры
162+  CCA1 D5                   push    de
163+  CCA2 C5                   push    bc
164+  CCA3
165+  CCA3                      ; Просматриваем массив структур cacheData в поисках сектора с номером hl
166+  CCA3 EB                   ex      hl, de                                      ; de = номер для поиска
167+  CCA4 21 3B CC             ld      hl, cacheData + FAT_CACHE_DATA.number       ; hl = адрес поля number в первом элементе массива
168+  CCA7 0E 04                ld      c,  FAT_CACHE_CAPACITY                      ; счетчик цикла
169+  CCA9              cff_FindSector:
170+  CCA9 CD 7D CD             call    cmp_m_de            ; сравниваем [hl] и de
171+  CCAC CA EC CC             jp z,   cff_SectorFound     ; если равно, значит есть такой сектор в кэше
172+  CCAF C5                   push    bc                  ; иначе переходим на следущий элемент массива
173+  CCB0 01 08 00             ld      bc, FAT_CACHE_DATA  ; bc = размер структуры FAT_CACHE_DATA
174+  CCB3 09                   add     hl, bc
175+  CCB4 C1                   pop     bc
176+  CCB5 0D                   dec     c                   ; повтор цикла
177+  CCB6 C2 A9 CC             jp      nz, cff_FindSector
178+  CCB9
179+  CCB9                      ; Не не нашли сектор в массиве, загружаем его с накопителя на место наиболее давно использовавашегося
180+  CCB9 D5                   push    de  ; de = номер сектора, который надо загрузить
181+  CCBA
182+  CCBA                      ; Ищем наиболее давно использовавашийся сектор (т.е. у которого самый маленький accessTime)
183+  CCBA 11 FF FF             ld      de, 0FFFFh                                  ; de = максимальный найденый accessTime сектора
184+  CCBD 21 3F CC             ld      hl, cacheData + FAT_CACHE_DATA.accessTime   ; hl = адрес поля accessTime в первом элементе массива
185+  CCC0 01 04 00             ld      bc, FAT_CACHE_CAPACITY                      ; b  = 0, c = счетчик цикла
186+  CCC3              cff_FindOldestSector:
187+  CCC3 CD 7D CD             call    cmp_m_de            ; сравниваем [hl] и de
188+  CCC6 D2 CE CC             jp nc,  cff_next            ; переход, если [hl] >= de
189+  CCC9 5E                   ld      e, (hl)             ; тут [hl] < de, запоминаем accessTime сектора в de
190+  CCCA 23                   inc     hl
191+  CCCB 56                   ld      d, (hl)
192+  CCCC 2B                   dec     hl
193+  CCCD 41                   ld      b, c                ; запоминаем итерацию цикла сектора в b
194+  CCCE              cff_next:
195+  CCCE C5                   push    bc                  ; переходим на следущий элемент массива
196+  CCCF 01 08 00             ld      bc, FAT_CACHE_DATA  ; bc = размер структуры FAT_CACHE_DATA
197+  CCD2 09                   add     hl, bc
198+  CCD3 C1                   pop     bc
199+  CCD4 0D                   dec     c                   ; повтор цикла
200+  CCD5 C2 C3 CC             jp      nz, cff_FindOldestSector
201+  CCD8
202+  CCD8                      ; Нашли наиболее давно использовавашийся сектор
203+  CCD8 3E 04                ld      a, FAT_CACHE_CAPACITY
204+  CCDA 90                   sub     b       ; a = индекс найденного сектора
205+  CCDB 17                   rla
206+  CCDC 17                   rla
207+  CCDD 17                   rla             ; a = a * 8 (размер структуры FAT_CACHE_DATA)
208+  CCDE 4F                   ld      c, a
209+  CCDF 06 00                ld      b, 0    ; bc = смещение сектора в массиве cacheData
210+  CCE1 21 3B CC             ld      hl, cacheData
211+  CCE4 09                   add     hl, bc  ; hl = адрес элемента массива
212+  CCE5
213+  CCE5                      ; Прежде чем загрузить новый сектор, старый надо сохранить, если его isModified не ноль
214+  CCE5 CD 13 CD             call    saveSectorFromCache    ; записываем сектор на накопитель
215+  CCE8
216+  CCE8                      ; Загружаем новый сектор на место старого
217+  CCE8 D1                   pop     de              ; de = номер сектора, который надо загрузить
218+  CCE9 CD 00 CD             call    loadSectorToCache    ; загружаем сектор с накопителя
219+  CCEC
220+  CCEC                      ; Сектор найден или загружен, возвращаем его адрес
221+  CCEC                      ; Здесь hl = адрес элемента массива cacheData этого сектора
222+  CCEC              cff_SectorFound:
223+  CCEC
224+  CCEC 23                   inc     hl
225+  CCED 23                   inc     hl      ; теперь hl = адрес поля address
226+  CCEE
227+  CCEE                      ; Читаем адрес сектора в de
228+  CCEE 5E                   ld      e, (hl)
229+  CCEF 23                   inc     hl
230+  CCF0 56                   ld      d, (hl) ; de = адрес сектора
231+  CCF1 23                   inc     hl      ; теперь hl = адрес поля accessTime
232+  CCF2
233+  CCF2                      ; Уcтанавливаем accessTime сектора
234+  CCF2 CD 71 CD             call    getSystemTime;  bc = системное время
235+  CCF5
236+  CCF5 71                   ld      (hl), c
237+  CCF6 23                   inc     hl
238+  CCF7 70                   ld      (hl), b ; de = адрес сектора
239+  CCF8 23                   inc     hl      ; теперь hl = адрес поля isModified
240+  CCF9
241+  CCF9                      ; Устанавливаем isModified, если в регистре b на входе в функцию был не ноль
242+  CCF9 C1                   pop     bc      ; b = флаг модификации
243+  CCFA 7E                   ld      a, (hl)
244+  CCFB B0                   or      b
245+  CCFC 77                   ld      (hl), a
246+  CCFD
247+  CCFD                      ; hl = адрес сектора
248+  CCFD EB                   ex      hl, de
249+  CCFE
250+  CCFE                      ; Восстанавливаем регистры и выходим
251+  CCFE D1                   pop     de
252+  CCFF C9                   ret
253+  CD00
254+  CD00              ;----------------------------------------------------------------------------
255+  CD00              ; MXOS
256+  CD00              ; Загрузка сектора с накопителя в кэш
257+  CD00              ;
258+  CD00              ; вход:
259+  CD00              ;   hl = адрес структуры FAT_CACHE_DATA с описанием сектора
260+  CD00              ;   de = номер сектора
261+  CD00              ;
262+  CD00              ; регистры hl, de, bc сохраняются
263+  CD00              ;
264+  CD00              ; 2022-02-08 Разработано SpaceEngineer
265+  CD00              ;----------------------------------------------------------------------------
266+  CD00
267+  CD00              loadSectorToCache:
268+  CD00 E5                   push    hl
269+  CD01
270+  CD01                      ; Записываем номер сектора в структуру
271+  CD01 73                   ld      (hl), e
272+  CD02 23                   inc     hl
273+  CD03 72                   ld      (hl), d
274+  CD04 23                   inc     hl      ; теперь hl = адрес поля address
275+  CD05 D5                   push    de
276+  CD06
277+  CD06                      ; Читаем в de адрес загрузки сектора
278+  CD06 5E                   ld      e, (hl)
279+  CD07 23                   inc     hl
280+  CD08 56                   ld      d, (hl)
281+  CD09 23                   inc     hl
282+  CD0A
283+  CD0A                      ; Загружаем сектор
284+  CD0A                      ; Номер сектора = номер сектора, т.к. fat начинается с начала диска
285+  CD0A EB                   ex      hl, de  ; hl = адрес буфера
286+  CD0B D1                   pop     de      ; de = номер сектора
287+  CD0C 06 02                ld      b, 2    ; режим - чтение
288+  CD0E CD 63 C8             call    j_diskDriver
289+  CD11
290+  CD11                      ; Восстанавливаем регситры и выходим
291+  CD11 E1                   pop     hl
292+  CD12 C9                   ret
293+  CD13
294+  CD13              ;----------------------------------------------------------------------------
295+  CD13              ; MXOS
296+  CD13              ; Запись сектора из кэша на накопитель, если его isModified не ноль
297+  CD13              ;
298+  CD13              ; вход:
299+  CD13              ;   hl = адрес структуры FAT_CACHE_DATA с описанием сектора
300+  CD13              ;
301+  CD13              ;   регистры hl, de, bc сохраняются
302+  CD13              ;
303+  CD13              ; 2022-02-08 Разработано SpaceEngineer
304+  CD13              ;----------------------------------------------------------------------------
305+  CD13
306+  CD13              saveSectorFromCache:
307+  CD13 E5                   push    hl
308+  CD14 D5                   push    de
309+  CD15
310+  CD15                      ; Проверяем, был ли изменен сектор
311+  CD15 C5                   push    bc
312+  CD16 01 06 00             ld      bc, FAT_CACHE_DATA.isModified   ; bc = смещение поля isModified
313+  CD19 09                   add     hl, bc      ; hl = адрес поля isModified
314+  CD1A C1                   pop     bc
315+  CD1B 7E                   ld      a, (hl)     ; a = isModified
316+  CD1C B7                   or      a           ; a == 0?
317+  CD1D CA 33 CD             jp z,   ssfc_Exit   ; если isModified == 0, сектор не был изменен, и его не надо сохранять
318+  CD20
319+  CD20                      ; Обнуляем isModified
320+  CD20 36 00                ld      (hl), 0
321+  CD22
322+  CD22 2B                   dec     hl  ; теперь hl = адрес поля accessTime (ст. байт)
323+  CD23
324+  CD23 2B                   dec     hl
325+  CD24 2B                   dec     hl  ; теперь hl = адрес поля address (ст. байт)
326+  CD25
327+  CD25                      ; Читаем в de адрес загрузки сектора
328+  CD25 56                   ld      d, (hl)
329+  CD26 2B                   dec     hl
330+  CD27 5E                   ld      e, (hl)
331+  CD28 D5                   push    de  ; сохраняем его в стек
332+  CD29
333+  CD29 2B                   dec     hl  ; теперь hl = адрес поля number (ст. байт)
334+  CD2A
335+  CD2A                      ; Читаем в de номер сектора
336+  CD2A 56                   ld      d, (hl)
337+  CD2B 2B                   dec     hl
338+  CD2C 5E                   ld      e, (hl)
339+  CD2D
340+  CD2D                      ; Записываем сектор
341+  CD2D                      ; de = номер сектора
342+  CD2D E1                   pop     hl      ; hl = адрес загрузки сектора
343+  CD2E 06 01                ld      b, 1    ; режим - запись
344+  CD30 CD 63 C8             call    j_diskDriver
345+  CD33
346+  CD33              ssfc_Exit:
347+  CD33                      ; Восстанавливаем регситры и выходим
348+  CD33 D1                   pop     de
349+  CD34 E1                   pop     hl
350+  CD35 C9                   ret
351+  CD36
352+  CD36              ;----------------------------------------------------------------------------
353+  CD36              ; MXOS
354+  CD36              ; Запись всех закешированных секторов на накопитель, если их isModified не ноль
355+  CD36              ;
356+  CD36              ; регистры hl, de, bc сохраняются
357+  CD36              ;
358+  CD36              ; 2022-02-08 Разработано SpaceEngineer
359+  CD36              ;----------------------------------------------------------------------------
360+  CD36
361+  CD36              saveSectorCache:
362+  CD36                      ; Сохраняем регситры
363+  CD36 E5                   push    hl
364+  CD37 D5                   push    de
365+  CD38 C5                   push    bc
366+  CD39
367+  CD39 21 3B CC             ld      hl, cacheData           ; hl = первый элемент в массиве cacheData
368+  CD3C 11 08 00             ld      de, FAT_CACHE_DATA      ; de = размер элемента массива cacheData
369+  CD3F 0E 04                ld      c,  FAT_CACHE_CAPACITY  ; счетчик цикла
370+  CD41              saveSectorCacheLoop:
371+  CD41 CD 13 CD             call    saveSectorFromCache     ; записываем сектор на накопитель
372+  CD44 19                   add     hl, de
373+  CD45 0D                   dec     c
374+  CD46 C2 41 CD             jp nz,  saveSectorCacheLoop
375+  CD49
376+  CD49                      ; Восстанавливаем регситры и выходим
377+  CD49 C1                   pop     bc
378+  CD4A D1                   pop     de
379+  CD4B E1                   pop     hl
380+  CD4C C9                   ret
381+  CD4D
382+  CD4D              ;----------------------------------------------------------------------------
383+  CD4D              ; MXOS
384+  CD4D              ; Вычисление номера сектора по номеру кластера
385+  CD4D              ;
386+  CD4D              ; вход:
387+  CD4D              ;   de = номер кластера
388+  CD4D              ;
389+  CD4D              ; формула:
390+  CD4D              ;   de = (de - 2) * v_diskInfo.sectorsPerCluster + v_diskInfo.dataStartSector
391+  CD4D              ;
392+  CD4D              ; выход:
393+  CD4D              ;   de = номер сектора
394+  CD4D              ;
395+  CD4D              ;   регистры bc, hl сохраняются
396+  CD4D              ;
397+  CD4D              ; 2022-02-14 Разработано SpaceEngineer
398+  CD4D              ;----------------------------------------------------------------------------
399+  CD4D
400+  CD4D              fatClusterToSector:
401+  CD4D E5                   push    hl
402+  CD4E
403+  CD4E 1B                   dec     de
404+  CD4F 1B                   dec     de          ; de -= 2 (нумерация кластеров начинается с 2)
405+  CD50
406+  CD50 2A ED D2             ld      hl, (v_diskInfo.sectorsPerCluster)
407+  CD53 CD 62 D2             call    mul_hl_de   ; hl = de * BPB_SecPerClus
408+  CD56 EB                   ex      hl, de
409+  CD57
410+  CD57 2A FF D2             ld      hl, (v_diskInfo.dataStartSector)
411+  CD5A 19                   add     hl, de
412+  CD5B EB                   ex      hl, de
413+  CD5C
414+  CD5C E1                   pop     hl
415+  CD5D C9                   ret
416+  CD5E
417+  CD5E              ;----------------------------------------------------------------------------
418+  CD5E              ; MXOS
419+  CD5E              ; Начало цикла по файлам в каталоге
420+  CD5E              ;
421+  CD5E              ; выход:
422+  CD5E              ;   de = номер первого сектора каталога
423+  CD5E              ;   с  = количество секторов каталога (мл. байт)
424+  CD5E              ;
425+  CD5E              ;   остальные регистры сохраняются
426+  CD5E              ;
427+  CD5E              ; 2022-02-14 Разработано SpaceEngineer
428+  CD5E              ;----------------------------------------------------------------------------
429+  CD5E
430+  CD5E              fatBeginDirLoop:
431+  CD5E EB                   ex      hl, de
432+  CD5F 2A FD D2             ld      hl, (v_diskInfo.dirStartSector)
433+  CD62 EB                   ex      hl, de                      ; de = номер первого сектора каталога
434+  CD63 3A F3 D2             ld      a, (v_diskInfo.dirSectors)  ; a = количество секторов каталога (мл. байт)
435+  CD66 4F                   ld      c,  a                       ; с  = счетчик цикла
436+  CD67 C9                   ret
437+  CD68
438+  CD68              ;----------------------------------------------------------------------------
439+  CD68              ; MXOS
440+  CD68              ; Установка сектору каталога флага isModified
441+  CD68              ;
442+  CD68              ; вход:
443+  CD68              ;  v_cachedSector - номер сектора
444+  CD68              ;
445+  CD68              ; выход:
446+  CD68              ;   bc = системное время
447+  CD68              ;
448+  CD68              ;   регистр bc сохраняется
449+  CD68              ;
450+  CD68              ; 2022-02-08 Разработано SpaceEngineer
451+  CD68              ;----------------------------------------------------------------------------
452+  CD68
453+  CD68              markDirSectorAsModified:
454+  CD68 2A C7 D2             ld      hl, (v_cachedSector)
455+  CD6B EB                   ex      hl, de  ; de = номер сектора
456+  CD6C 3E 01                ld      a, 1    ; флаг - сектор будет изменен
457+  CD6E
458+  CD6E                      ; Загрузка сектора в кэш; если сектор уже в кэше,
459+  CD6E                      ; функция просто найдет его и изменит флаг
460+  CD6E C3 80 CC             jp      getSectorAddressInCache
461+  CD71
462+  CD71              ;----------------------------------------------------------------------------
463+  CD71              ; MXOS
464+  CD71              ; Получение текущего системного времени
465+  CD71              ;
466+  CD71              ; В "Специалисте" нет часов реального времени (RTC), поэтому системное время
467+  CD71              ; - это просто счетчик, увеличивающийся каждый раз при обращении. В будущем
468+  CD71              ; можно будет сделать вермя через таймер ВИ53, или через драйвер RTC, при его
469+  CD71              ; наличии в системе.
470+  CD71              ;
471+  CD71              ; выход:
472+  CD71              ;   bc = системное время
473+  CD71              ;
474+  CD71              ; все остальные регистры сохраняеюся
475+  CD71              ;
476+  CD71              ; 2022-02-08 Разработано SpaceEngineer
477+  CD71              ;----------------------------------------------------------------------------
478+  CD71
479+  CD71              getSystemTime:
480+  CD71 E5                   push    hl
481+  CD72 2A D9 D2             ld      hl, (v_fakeSystemTime)
482+  CD75 23                   inc     hl
483+  CD76 22 D9 D2             ld      (v_fakeSystemTime), hl
484+  CD79 44                   ld      b, h
485+  CD7A 4D                   ld      c, l
486+  CD7B E1                   pop     hl
487+  CD7C C9                   ret
488+  CD7D
489+  CD7D              ;----------------------------------------------------------------------------
490+  CD7D              ; MXOS
491+  CD7D              ; Сравнение слова по адресу hl и de
492+  CD7D              ; Псевдокод: cp [hl], de
493+  CD7D              ;
494+  CD7D              ; выход:
495+  CD7D              ;   флаги c, z
496+  CD7D              ;
497+  CD7D              ; 2022-02-08 Разработано SpaceEngineer
498+  CD7D              ;----------------------------------------------------------------------------
499+  CD7D
500+  CD7D              cmp_m_de:
501+  CD7D 23                   inc   hl
502+  CD7E 7E                   ld    a, (hl)
503+  CD7F 2B                   dec   hl
504+  CD80 BA                   cp    d
505+  CD81 D8                   ret   c
506+  CD82 C0                   ret   nz
507+  CD83 7E                   ld    a, (hl)
508+  CD84 BB                   cp    e
509+  CD85 C9                   ret
510+  CD86
110   CD86                  INCLUDE "fatFindCluster.inc"
  1+  CD86              ;+---------------------------------------------------------------------------
  2+  CD86              ; MXOS
  3+  CD86              ; Поиск свободного кластера
  4+  CD86              ;
  5+  CD86              ; На выходе
  6+  CD86              ;  cf - ошибка
  7+  CD86              ;  de - номер кластера
  8+  CD86              ;  регистры bc, hl сохраняются
  9+  CD86              ;
 10+  CD86              ; 2013-12-12 Дизассемблировано vinxru
 11+  CD86              ; 2022-02-04 Переработано SpaceEngineer
 12+  CD86              ;----------------------------------------------------------------------------
 13+  CD86
 14+  CD86              fatFindClusterFirst:
 15+  CD86                          ; Сохраняем регистры
 16+  CD86 E5                       push  hl
 17+  CD87
 18+  CD87                          ; de = номер первого кластера для поиска
 19+  CD87                          ; Первые 2 ячейки fat зарезервированы
 20+  CD87 11 02 00                 ld    de, 2
 21+  CD8A
 22+  CD8A C3 93 CD                 jp    fatFindClusterCommon
 23+  CD8D
 24+  CD8D              ;----------------------------------------------------------------------------
 25+  CD8D              ; Поиск следующего свободного кластера
 26+  CD8D              ;
 27+  CD8D              ; На выходе
 28+  CD8D              ;  cf - ошибка
 29+  CD8D              ;  de - номер кластера
 30+  CD8D              ;  регистры bc, hl сохраняются
 31+  CD8D              ;----------------------------------------------------------------------------
 32+  CD8D
 33+  CD8D              fatFindClusterNext:
 34+  CD8D                          ; Сохраняем регистры
 35+  CD8D E5                       push    hl
 36+  CD8E
 37+  CD8E                          ; Предыдущий найденный кластер
 38+  CD8E 2A BD D2                 ld      hl, (v_findCluster)
 39+  CD91
 40+  CD91                          ; Начинаем поиск со следующего кластера
 41+  CD91 23                       inc     hl
 42+  CD92 EB                       ex      hl, de
 43+  CD93
 44+  CD93                          ; Ищем свободный кластер: перебераем все ячейки fat, пока не найдём 0
 45+  CD93              fatFindClusterCommon:
 46+  CD93 C5                       push    bc
 47+  CD94 2A FB D2                 ld      hl, (v_diskInfo.fatNumCells)
 48+  CD97 44                       ld      b, h
 49+  CD98 4D                       ld      c, l    ; bc = кол-во ячеек fat
 50+  CD99
 51+  CD99              fatFindClusterLoop:
 52+  CD99                          ; Запоминаем номер последнего кластера в hl
 53+  CD99 62                       ld      h, d
 54+  CD9A 6B                       ld      l, e
 55+  CD9B
 56+  CD9B                          ; de = fat[de]
 57+  CD9B CD BA CD                 call    fatReadCluster
 58+  CD9E
 59+  CD9E                          ; Сравниваем de с нулем
 60+  CD9E 7A                       ld      a, d
 61+  CD9F B3                       or      e
 62+  CDA0 CA B2 CD                 jp z,   fatFindClusterOk  ; найден
 63+  CDA3
 64+  CDA3                          ; Следующий кластер
 65+  CDA3 54                       ld      d, h
 66+  CDA4 5D                       ld      e, l
 67+  CDA5 13                       inc     de
 68+  CDA6
 69+  CDA6                          ; Счётчик просмотренных ячеек fat
 70+  CDA6 0B                       dec     bc
 71+  CDA7 78                       ld      a, b
 72+  CDA8 B1                       or      c
 73+  CDA9 C2 99 CD                 jp nz,  fatFindClusterLoop  ; повтор цикла
 74+  CDAC
 75+  CDAC              ;---------------------------------------------------------------------------
 76+  CDAC
 77+  CDAC                          ; Свободный кластер не найден
 78+  CDAC                          ; Восстанавливаем регистры и выходим с a=1, CF=1, ZF=0
 79+  CDAC C1                       pop     bc
 80+  CDAD E1                       pop     hl
 81+  CDAE 3E 01                    ld      a, 1
 82+  CDB0 37                       scf
 83+  CDB1 C9                       ret
 84+  CDB2
 85+  CDB2              ;---------------------------------------------------------------------------
 86+  CDB2
 87+  CDB2                          ; Свободный кластер найден
 88+  CDB2              fatFindClusterOk:
 89+  CDB2                          ; Устаналиваем ZF=0. Номер кластера не может быть нулевым.
 90+  CDB2                          ; В случае ошибки мы тоже выходим с ZF=1
 91+  CDB2 B7                       or      a
 92+  CDB3
 93+  CDB3                          ; Для ускорения поиска сохраняем номер найденного кластера в v_findCluster
 94+  CDB3 22 BD D2                 ld      (v_findCluster), hl
 95+  CDB6 EB                       ex      hl, de
 96+  CDB7
 97+  CDB7                          ; Восстанавливаем регистры и выходим с CF=0, ZF=0
 98+  CDB7 C1                       pop     bc
 99+  CDB8 E1                       pop     hl
100+  CDB9 C9                       ret
101+  CDBA
111   CDBA                  INCLUDE "fatReadWriteCluster.inc"
  1+  CDBA              ;----------------------------------------------------------------------------
  2+  CDBA              ; MXOS
  3+  CDBA              ;
  4+  CDBA              ; Чтение номера кластера из таблицы fat
  5+  CDBA              ;
  6+  CDBA              ; вход:
  7+  CDBA              ;   de = номер ячейки, чтобы прочитать
  8+  CDBA              ;
  9+  CDBA              ; выход:
 10+  CDBA              ;   de = номер кластера, прочитанный из ячейки
 11+  CDBA              ;   hl, bc, a - сохраняются
 12+  CDBA              ;
 13+  CDBA              ; СИ аналог:
 14+  CDBA              ;   de = fat[de];
 15+  CDBA              ;
 16+  CDBA              ; 2022-02-04 SpaceEngineer
 17+  CDBA              ;----------------------------------------------------------------------------
 18+  CDBA
 19+  CDBA              fatReadCluster:
 20+  CDBA E5                       push    hl
 21+  CDBB
 22+  CDBB                          ; вычисляем адрес ячейки, куда указывает de
 23+  CDBB AF                       xor     a ; флаг - сектор fat не будет модифицироваться
 24+  CDBC CD 8A CC                 call    getFatCellAddress
 25+  CDBF
 26+  CDBF                          ; читаем в de номер кластера из fat по адресу hl
 27+  CDBF 5E                       ld      e, (hl)
 28+  CDC0 23                       inc     hl
 29+  CDC1 56                       ld      d, (hl)
 30+  CDC2
 31+  CDC2                          ; восстанавливаем регистры и выходим
 32+  CDC2 E1                       pop     hl
 33+  CDC3 C9                       ret
 34+  CDC4
 35+  CDC4              ;----------------------------------------------------------------------------
 36+  CDC4              ; MXOS
 37+  CDC4              ;
 38+  CDC4              ; Запись номера кластера в таблицу fat и переход на следующий адрес ячейки
 39+  CDC4              ;
 40+  CDC4              ; вход:
 41+  CDC4              ;   hl = номер ячейки fat, куда писать
 42+  CDC4              ;   de = номер кластера, чтобы записать
 43+  CDC4              ;
 44+  CDC4              ; выход:
 45+  CDC4              ;   hl = de
 46+  CDC4              ;   bc, a - сохраняются
 47+  CDC4              ;
 48+  CDC4              ; СИ аналог:
 49+  CDC4              ;   fat[de] = hl;
 50+  CDC4              ;   hl = de;
 51+  CDC4              ;
 52+  CDC4              ; 2022-02-04 SpaceEngineer
 53+  CDC4              ;----------------------------------------------------------------------------
 54+  CDC4
 55+  CDC4              fatWriteCluster:
 56+  CDC4                          ; вычисляем адрес ячейки, куда указывает hl
 57+  CDC4 D5                       push    de
 58+  CDC5 EB                       ex      hl, de
 59+  CDC6 3E 01                    ld      a, 1 ; флаг - сектр fat будет модифицироваться
 60+  CDC8 CD 8A CC                 call    getFatCellAddress
 61+  CDCB D1                       pop     de
 62+  CDCC
 63+  CDCC                          ; записываем номер кластера из de в fat по адресу hl
 64+  CDCC 73                       ld      (hl), e
 65+  CDCD 23                       inc     hl
 66+  CDCE 72                       ld      (hl), d
 67+  CDCF
 68+  CDCF                          ; hl = de
 69+  CDCF 62                       ld      h, d
 70+  CDD0 6B                       ld      l, e
 71+  CDD1 C9                       ret
 72+  CDD2
 73+  CDD2              ;----------------------------------------------------------------------------
 74+  CDD2              ; MXOS
 75+  CDD2              ;
 76+  CDD2              ; Освобождение кластера в таблице fat
 77+  CDD2              ;
 78+  CDD2              ; вход:
 79+  CDD2              ;   de = номер кластера
 80+  CDD2              ;
 81+  CDD2              ; выход:
 82+  CDD2              ;   de = номер следующего кластера
 83+  CDD2              ;   hl, bc, a - сохраняются
 84+  CDD2              ;
 85+  CDD2              ; СИ аналог:
 86+  CDD2              ;   fat[de] = 0x0000;
 87+  CDD2              ;
 88+  CDD2              ; 2022-02-04 SpaceEngineer
 89+  CDD2              ;----------------------------------------------------------------------------
 90+  CDD2
 91+  CDD2              fatFreeCluster:
 92+  CDD2 E5                       push    hl
 93+  CDD3
 94+  CDD3                          ; вычисляем адрес ячейки, куда указывает hl
 95+  CDD3 D5                       push    de
 96+  CDD4 EB                       ex      hl, de
 97+  CDD5 3E 01                    ld      a, 1 ; флаг - сектор fat будет модифицироваться
 98+  CDD7 CD 8A CC                 call    getFatCellAddress
 99+  CDDA D1                       pop     de
100+  CDDB
101+  CDDB                          ; читаем номер кластера из fat, и сразу записываем туда нули
102+  CDDB 5E                       ld      e, (hl)
103+  CDDC 36 00                    ld      (hl), 0
104+  CDDE 23                       inc     hl
105+  CDDF 56                       ld      d, (hl)
106+  CDE0 36 00                    ld      (hl), 0
107+  CDE2
108+  CDE2                          ; восстанавливаем регистры и выходим
109+  CDE2 E1                       pop     hl
110+  CDE3 C9                       ret
111+  CDE4
112+  CDE4
112   CDE4                  INCLUDE "fatGetFreeSpace.inc"
  1+  CDE4              ;----------------------------------------------------------------------------
  2+  CDE4              ; MXOS
  3+  CDE4              ; Определение свободного объема накопителя
  4+  CDE4              ;
  5+  CDE4              ; выход:
  6+  CDE4              ;   de = количество свободных кластеров
  7+  CDE4              ;
  8+  CDE4              ; 2022-02-09 Разработано SpaceEngineer
  9+  CDE4              ;----------------------------------------------------------------------------
 10+  CDE4
 11+  CDE4              getDriveFreeSpace:
 12+  CDE4                          ; Сохраняем регистры
 13+  CDE4 E5                       push    hl
 14+  CDE5 C5                       push    bc
 15+  CDE6
 16+  CDE6                          ; Счетчик свободных кластеров
 17+  CDE6 11 00 00                 ld      de, 0
 18+  CDE9
 19+  CDE9                          ; Кэшируем по очереди все секторы таблицы fat,
 20+  CDE9                          ; и подсчитываем общее коичество свободных кластеров в них
 21+  CDE9 2A F1 D2                 ld      hl, (v_diskInfo.fatSectors) ; hl = количество секторов fat на устройстве
 22+  CDEC 7D                       ld      a, l                        ; a  = количество секторов fat на устройстве (считаем, что их меньше 256)
 23+  CDED F5                       push    af
 24+  CDEE 2A EF D2                 ld      hl, (v_diskInfo.resSectors) ; hl = номер сектора: начинаем с resSectors
 25+  CDF1              fatSectorsLoop:
 26+  CDF1 E5                       push    hl              ; hl = номер сектора
 27+  CDF2 06 00                    ld      b, 0            ; флаг - сектор не будет модифицироваться
 28+  CDF4 CD A1 CC                 call    cacheSector     ; теперь hl = адрес буфера с загруженным сектором fat
 29+  CDF7
 30+  CDF7                          ; Цикл по кластерам сектора fat
 31+  CDF7 01 80 00                 ld      bc, SECTOR_SIZE/2   ; счетчик цикла
 32+  CDFA              sectorClustersLoop:
 33+  CDFA                          ; Читаем в a номер кластера из ячейки по адресу hl и сразу сравниваем с нулем
 34+  CDFA 7E                       ld      a, (hl)
 35+  CDFB 23                       inc     hl
 36+  CDFC B6                       or      (hl)
 37+  CDFD 23                       inc     hl
 38+  CDFE
 39+  CDFE                          ; Если кластер пустой, увеличиваем счетчик свободных кластеров
 40+  CDFE C2 02 CE                 jp nz,  gdfs_nonEmpty
 41+  CE01 13                       inc     de
 42+  CE02              gdfs_nonEmpty:
 43+  CE02
 44+  CE02                          ; Повтор цикла по кластерам сектора fat
 45+  CE02 0B                       dec     bc  ; счетчик просмотренных кластеров сектора
 46+  CE03 78                       ld      a, b
 47+  CE04 B1                       or      c
 48+  CE05 C2 FA CD                 jp nz,  sectorClustersLoop
 49+  CE08
 50+  CE08                          ; Повтор цикла по секторам fat
 51+  CE08 E1                       pop     hl              ; hl = номер сектора
 52+  CE09 23                       inc     hl              ; инкремент номера сектора
 53+  CE0A
 54+  CE0A F1                       pop     af
 55+  CE0B 3D                       dec     a               ; счетчик цикла
 56+  CE0C F5                       push    af
 57+  CE0D
 58+  CE0D C2 F1 CD                 jp nz,  fatSectorsLoop  ; повтор цилкла по секторам
 59+  CE10
 60+  CE10                          ; Восстанавливаем регистры и выходим
 61+  CE10 F1                       pop     af
 62+  CE11 C1                       pop     bc
 63+  CE12 E1                       pop     hl
 64+  CE13
 65+  CE13 C9                       ret
 66+  CE14
113   CE14                  INCLUDE "fatReadBootSector.inc"
  1+  CE14              ;----------------------------------------------------------------------------
  2+  CE14              ; MXOS
  3+  CE14              ; Считывание загрузочного сектора и инициализация структуры v_diskInfo.
  4+  CE14              ; Подпрограмма затирает дисковый кэш!
  5+  CE14              ;
  6+  CE14              ; На выходе
  7+  CE14              ;  cf - ошибка
  8+  CE14              ;  регистры bc, de, hl сохраняются
  9+  CE14              ;
 10+  CE14              ; 2022-02-13 Разработано SpaceEngineer
 11+  CE14              ;----------------------------------------------------------------------------
 12+  CE14
 13+  CE14              ; Структура загрузочного сектора FAT12/16
 14+  CE14
 15+  CE14                  STRUCT  FAT_BOOT_SECTOR
 16+  CE14 ~            BS_JmpBoot      BLOCK   3   ; смещение  00h,   3 байт - Jump instruction to the bootstrap code (x86 instruction): EBh, ??h, 90h (Short jump + NOP) or E9h, ??h, ??h (Near jump).
 17+  CE14 ~            BS_OEMName      BLOCK   8   ; смещение  03h,   8 байт - "MSWIN 4.1" is recommended but also "MSDOS 5.0" is often used.
 18+  CE14 ~            BPB_BytsPerSec  BLOCK   2   ; смещение  0Bh,   2 байт - Sector size in unit of byte. Valid values are 512, 1024, 2048, 4096. But most drivers use 512.
 19+  CE14 ~            BPB_SecPerClus  BLOCK   1   ; смещение  0Dh,   1 байт - Number of sectors per cluster. Valid values are 1, 2, 4, 8, ... 128.
 20+  CE14 ~            BPB_RsvdSecCnt  BLOCK   2   ; смещение  0Eh,   2 байт - Number of sectors in reserved area. This field hould be 1 on FAT12/16 volume.
 21+  CE14 ~            BPB_NumFATs     BLOCK   1   ; смещение  10h,   1 байт - Number of FATs. The value of this field should always be 2. On memory cards, it may be 1, but some FAT driver may not recognize such a volume properly.
 22+  CE14 ~            BPB_RootEntCnt  BLOCK   2   ; смещение  11h,   2 байт - Number of 32-byte directory entries in the root directory. For max compatibility, must be 512 on FAT16 volume.
 23+  CE14 ~            BPB_TotSec16    BLOCK   2   ; смещение  13h,   2 байт - Total number of sectors of the volume in old 16-bit field. If >= 0x10000, this field = 0, and the true value is set to BPB_TotSec32.
 24+  CE14 ~            BPB_Media       BLOCK   1   ; смещение  15h,   1 байт - Valid values are F0h, F8h ... FFh. The same value must be put in the lower 8-bits of FAT[0].
 25+  CE14 ~            BPB_FATSz16     BLOCK   2   ; смещение  16h,   2 байт - Number of sectors occupied by a FAT. The size of the FAT area becomes BPB_FATSz16 * BPB_NumFATs sectors.
 26+  CE14 ~            BPB_SecPerTrk   BLOCK   2   ; смещение  18h,   2 байт - Number of sectors per track. This field is relevant only for media that have geometry and used for only disk BIOS of IBM PC.
 27+  CE14 ~            BPB_NumHeads    BLOCK   2   ; смещение  1Ah,   2 байт - Number of heads. This field is relevant only for media that have geometry and used for only disk BIOS of IBM PC.
 28+  CE14 ~            BPB_HiddSec     BLOCK   4   ; смещение  1Ch,   4 байт - Number of hidden physical sectors preceding the FAT volume. Should always be 0 if the volume starts at the beginning of the storage.
 29+  CE14 ~            BPB_TotSec32    BLOCK   4   ; смещение  20h,   4 байт - Total number of sectors of the FAT volume in new 32-bit field.
 30+  CE14 ~            BS_DrvNum       BLOCK   1   ; смещение  24h,   1 байт - Drive number used by disk BIOS of IBM PC. This field is used in MS-DOS bootstrap, 0x00 for floppy disk and 0x80 for fixed disk.
 31+  CE14 ~            BS_Reserved     BLOCK   1   ; смещение  25h,   1 байт - Reserved (used by Windows NT). It should be set 0 when create the volume.
 32+  CE14 ~            BS_BootSig      BLOCK   1   ; смещение  26h,   1 байт - Extended boot signature (0x29). This is a signature byte indicates that the following three fields are present.
 33+  CE14 ~            BS_VolID        BLOCK   4   ; смещение  27h,   4 байт - Volume serial number used with BS_VolLab to track a volume on the removable storage. It enables to detect a wrong media change by FAT driver.
 34+  CE14 ~            BS_VolLab       BLOCK  11   ; смещение  2Bh,  11 байт - Volume label, matches volume label recorded in the root directory. When volume label is not present, "NO NAME " should be set.
 35+  CE14 ~            BS_FilSysType   BLOCK   8   ; смещение  36h,   8 байт - "FAT12   ", "FAT16   " or "FAT     ". Microsoft's FAT driver does not use this field to determine the FAT type.
 36+  CE14 ~            BS_BootCode     BLOCK 448   ; смещение  3Eh, 448 байт - Bootstrap program. It is platform dependent and filled with zero when not used.
 37+  CE14 ~            BS_BootSign     BLOCK   2   ; смещение 1FEh,   2 байт - 0xAA55. A boot signature indicating that this is a valid boot sector.
 38+  CE14                  ENDS
 39+  CE14
 40+  CE14              ;----------------------------------------------------------------------------
 41+  CE14
 42+  CE14              fatReadBootSector:
 43+  CE14                          ; Сохраняем регистры
 44+  CE14 E5                       push    hl
 45+  CE15 D5                       push    de
 46+  CE16 C5                       push    bc
 47+  CE17
 48+  CE17                          ; Помещаем значение DISK_NO_DRIVER в v_diskInfo.isValid
 49+  CE17 3E 00                    ld      a, DISK_NO_DRIVER
 50+  CE19 32 0D D3                 ld      (v_diskInfo.isValid), a
 51+  CE1C
 52+  CE1C                          ; Проверяем, установлен ли драйвер: сравниваем
 53+  CE1C                          ; с адресом пустого драйвера diskDriverDummy
 54+  CE1C 2A 64 C8                 ld      hl, (j_diskDriver + 1)  ; hl = адрес драйвера
 55+  CE1F 3E CB                    ld      a, diskDriverDummy >> 8
 56+  CE21 BC                       cp      h
 57+  CE22 C2 2B CE                 jp nz,  frbs_DriverOk
 58+  CE25 3E 97                    ld      a, diskDriverDummy & 0FFh
 59+  CE27 BD                       cp      l
 60+  CE28 CA B5 CE                 jp z,   frbs_Exit
 61+  CE2B
 62+  CE2B              frbs_DriverOk:
 63+  CE2B                          ; Драйвер установлен; загружаем boot сектор в дисковый кэш, затирая его
 64+  CE2B 21 00 FB                 ld      hl, FAT_CACHE_ADDR  ; адрес буфера
 65+  CE2E 11 00 00                 ld      de, 0               ; номер сектора - 0
 66+  CE31 06 02                    ld      b, 2                ; режим драйвера - чтение
 67+  CE33 CD 63 C8                 call    j_diskDriver        ; читаем сектор в память
 68+  CE36
 69+  CE36                          ; Помещаем значение DISK_INVALID в v_diskInfo.isValid
 70+  CE36 3E 01                    ld      a, DISK_INVALID
 71+  CE38 32 0D D3                 ld      (v_diskInfo.isValid), a
 72+  CE3B
 73+  CE3B                          ; Проверяем, корректный ли это FAT12/16 диск:
 74+  CE3B                          ; поле BS_FilSysType должно содержить текст "FAT"
 75+  CE3B 21 36 FB                 ld      hl, FAT_CACHE_ADDR + FAT_BOOT_SECTOR.BS_FilSysType
 76+  CE3E 11 47 D3                 ld      de, aFat
 77+  CE41 0E 03                    ld      c, 3
 78+  CE43 CD EF CB                 call    strcmp
 79+  CE46 C2 B5 CE                 jp nz,  frbs_Exit   ; это не FAT диск, или не отформатирован - выходим
 80+  CE49
 81+  CE49                          ; Помещаем значение DISK_VALID в v_diskInfo.isValid
 82+  CE49 3E 02                    ld      a, DISK_VALID
 83+  CE4B 32 0D D3                 ld      (v_diskInfo.isValid), a
 84+  CE4E
 85+  CE4E                          ; Копируем и рассчитываем необходимые значения
 86+  CE4E 2A 0B FB                 ld      hl, (FAT_CACHE_ADDR + FAT_BOOT_SECTOR.BPB_BytsPerSec)
 87+  CE51 22 EB D2                 ld      (v_diskInfo.sectorSize), hl         ; размер сектора
 88+  CE54
 89+  CE54 3A 0D FB                 ld      a, (FAT_CACHE_ADDR + FAT_BOOT_SECTOR.BPB_SecPerClus)
 90+  CE57 32 ED D2                 ld      (v_diskInfo.sectorsPerCluster), a
 91+  CE5A AF                       xor     a
 92+  CE5B 32 EE D2                 ld      (v_diskInfo.sectorsPerCluster+1), a ; секторов на кластер (16-битным словом)
 93+  CE5E
 94+  CE5E 2A 13 FB                 ld      hl, (FAT_CACHE_ADDR + FAT_BOOT_SECTOR.BPB_TotSec16)
 95+  CE61 22 F5 D2                 ld      (v_diskInfo.totalSectors), hl       ; сколько всего секторов на диске
 96+  CE64
 97+  CE64 2A 0E FB                 ld      hl, (FAT_CACHE_ADDR + FAT_BOOT_SECTOR.BPB_RsvdSecCnt)
 98+  CE67 22 EF D2                 ld      (v_diskInfo.resSectors), hl         ; сколько секторов занимает зарезервированная область
 99+  CE6A
100+  CE6A EB                       ex      hl, de
101+  CE6B
102+  CE6B 2A 16 FB                 ld      hl, (FAT_CACHE_ADDR + FAT_BOOT_SECTOR.BPB_FATSz16)
103+  CE6E 22 F1 D2                 ld      (v_diskInfo.fatSectors), hl         ; сколько секторов занимает таблица fat
104+  CE71
105+  CE71 19                       add     hl, de
106+  CE72 22 FD D2                 ld      (v_diskInfo.dirStartSector), hl     ; первый сектор корневого каталога
107+  CE75 E5                       push    hl
108+  CE76
109+  CE76 2A 11 FB                 ld      hl, (FAT_CACHE_ADDR + FAT_BOOT_SECTOR.BPB_RootEntCnt)
110+  CE79 22 F7 D2                 ld      (v_diskInfo.rootDirMaxFiles), hl    ; максимум файлов в корневом каталоге
111+  CE7C
112+  CE7C 2A EB D2                 ld      hl, (v_diskInfo.sectorSize)
113+  CE7F 11 20 00                 ld      de, FILE_DESCR_SIZE ; de = 32
114+  CE82 CD 87 D2                 call    div_hl_de;
115+  CE85 22 F9 D2                 ld      (v_diskInfo.descrPerSector), hl     ; сколько дескрипторов файлов вмещается в один сектор
116+  CE88
117+  CE88 EB                       ex      hl, de
118+  CE89 2A F7 D2                 ld      hl, (v_diskInfo.rootDirMaxFiles)
119+  CE8C CD 87 D2                 call    div_hl_de;
120+  CE8F 22 F3 D2                 ld      (v_diskInfo.dirSectors), hl         ; сколько секторов занимает корневой каталог
121+  CE92
122+  CE92 D1                       pop     de
123+  CE93 19                       add     hl, de
124+  CE94 22 FF D2                 ld      (v_diskInfo.dataStartSector), hl    ; первый сектор области данных
125+  CE97
126+  CE97 2A EB D2                 ld      hl, (v_diskInfo.sectorSize)
127+  CE9A CD 5A D2                 call    div_hl_2
128+  CE9D EB                       ex      hl, de
129+  CE9E 2A F1 D2                 ld      hl, (v_diskInfo.fatSectors)
130+  CEA1 CD 62 D2                 call    mul_hl_de;
131+  CEA4 22 FB D2                 ld      (v_diskInfo.fatNumCells), hl        ; количество ячеек в таблице fat (= fatSectors * sectorSize / 2)
132+  CEA7
133+  CEA7                          ; Копируем метку тома
134+  CEA7 21 2B FB                 ld      hl, FAT_CACHE_ADDR + FAT_BOOT_SECTOR.BS_VolLab          ; откуда - начало
135+  CEAA 11 36 FB                 ld      de, FAT_CACHE_ADDR + FAT_BOOT_SECTOR.BS_FilSysType      ; откуда - конец
136+  CEAD 01 01 D3                 ld      bc, v_diskInfo.volumeLabel                              ; куда
137+  CEB0 CD 2D C4                 call    memcpy_bc_hl
138+  CEB3 36 00                    ld      (hl), 0                                                 ; в конце байт-терминатор строки
139+  CEB5
140+  CEB5              frbs_Exit:  ; Восстанавливаем регистры и выходим
141+  CEB5 C1                       pop     bc
142+  CEB6 D1                       pop     de
143+  CEB7 E1                       pop     hl
144+  CEB8 C9                       ret
145+  CEB9
114   CEB9                  INCLUDE "fileCreate.inc"
  1+  CEB9              ;----------------------------------------------------------------------------
  2+  CEB9              ; MXOS
  3+  CEB9              ; Создать файл
  4+  CEB9              ;
  5+  CEB9              ; На входе
  6+  CEB9              ;  hl - адрес дескриптора файла в формате FAT (имя, фтрибуты, размер и т.д.)
  7+  CEB9              ;
  8+  CEB9              ; На выходе
  9+  CEB9              ;  сf - ошибка
 10+  CEB9              ;
 11+  CEB9              ; TODO: В случае нехватки места на диске, на нем остается неполный файл.
 12+  CEB9              ; Надо удалить то, что записали.
 13+  CEB9              ;
 14+  CEB9              ; 2013-12-12 Дизассемблировано vinxru
 15+  CEB9              ; 2022-02-11 Переработано SpaceEngineer
 16+  CEB9              ;----------------------------------------------------------------------------
 17+  CEB9
 18+  CEB9              fileCreate: ; Сохраняем регистры
 19+  CEB9 E5                       push    hl  ; [1]
 20+  CEBA C5                       push    bc  ; [2]
 21+  CEBB D5                       push    de  ; [3]
 22+  CEBC
 23+  CEBC                          ; Сохраняем адрес подготовленного дескриптора создаваемого файла
 24+  CEBC 22 C9 D2                 ld      (v_newDescrPtr), hl
 25+  CEBF
 26+  CEBF                          ; Если файл существует, то удаляем его
 27+  CEBF CD 73 CF                 call    fileFind
 28+  CEC2 D4 43 D0                 call nc,deleteFileInt
 29+  CEC5
 30+  CEC5                          ; de = номер первого сектора каталога
 31+  CEC5                          ; с  = количество секторов каталога (мл. байт)
 32+  CEC5 CD 5E CD                 call    fatBeginDirLoop
 33+  CEC8
 34+  CEC8                          ; Цикл по секторам каталога
 35+  CEC8              fileCreate_dirLoop:
 36+  CEC8                          ; Сохраняем номер сектора каталога
 37+  CEC8 D5                       push    de  ; [4]               ; de = номер сектора каталога
 38+  CEC9
 39+  CEC9                          ; Кэшируем сектор каталога
 40+  CEC9 AF                       xor     a                       ; флаг - сектор не будет меняться
 41+  CECA CD 80 CC                 call    getSectorAddressInCache ; выход: hl = адрес сектора в буфере
 42+  CECD
 43+  CECD                          ; Кол-во дескрипторов файлов в одном секторе каталога (мл. байт)
 44+  CECD 3A F9 D2                 ld      a, (v_diskInfo.descrPerSector)
 45+  CED0 47                       ld      b, a
 46+  CED1
 47+  CED1                          ; Размер дескриптора
 48+  CED1 11 20 00                 ld      de, FILE_DESCR_SIZE
 49+  CED4
 50+  CED4                          ; Цикл по дескрипторам в закешированном секторе каталога
 51+  CED4              fileCreate_sectorLoop:
 52+  CED4 7E                       ld      a, (hl)                 ; читаем байт из каталога
 53+  CED5 3C                       inc     a                       ; если байт = 0FFh, значит запись свободна
 54+  CED6 CA EA CE                 jp z,   fileCreate_placeFound   ; переход, если свободная запись найдена
 55+  CED9
 56+  CED9                          ; Вычисляем адрес следующего дескриптора
 57+  CED9 19                       add     hl, de
 58+  CEDA
 59+  CEDA                          ; Еще остались файлы в секторе каталога?
 60+  CEDA 05                       dec     b
 61+  CEDB C2 D4 CE                 jp nz,  fileCreate_sectorLoop
 62+  CEDE
 63+  CEDE                          ; Еще остались секторы каталога?
 64+  CEDE                          ; Восстанавливаем номер сектора каталога
 65+  CEDE D1                       pop     de  ; [4]   de = номер сектора каталога
 66+  CEDF 13                       inc     de  ;       следующий сектор каталога
 67+  CEE0
 68+  CEE0 0D                       dec     c
 69+  CEE1 C2 C8 CE                 jp nz,  fileCreate_dirLoop
 70+  CEE4
 71+  CEE4                          ;-----------------------------------------------------------
 72+  CEE4                          ; Свободных записей нет
 73+  CEE4
 74+  CEE4                          ; Установка a=0, ZF=1
 75+  CEE4 AF                       xor     a
 76+  CEE5
 77+  CEE5              stc_popDBH_ret:
 78+  CEE5                          ; Установка флага CF=1
 79+  CEE5 37                       scf
 80+  CEE6
 81+  CEE6              popDBH_ret: ; Восстановление регистров и выход
 82+  CEE6 D1                       pop     de  ; [3]
 83+  CEE7 C1                       pop     bc  ; [2]
 84+  CEE8 E1                       pop     hl  ; [1]
 85+  CEE9 C9                       ret
 86+  CEEA
 87+  CEEA                          ;-----------------------------------------------------------
 88+  CEEA                          ; Свободная запись найдена
 89+  CEEA
 90+  CEEA              fileCreate_placeFound:
 91+  CEEA
 92+  CEEA                          ; Сохраняем найденный в кэше адрес свободного дескриптора
 93+  CEEA 22 C5 D2                 ld      (v_cachedDescrPtr), hl
 94+  CEED
 95+  CEED                          ; Сохраняем номер сектора каталога
 96+  CEED D1                       pop     de  ; [4]   de = номер сектора каталога
 97+  CEEE EB                       ex      hl, de
 98+  CEEF 22 C7 D2                 ld      (v_cachedSector), hl
 99+  CEF2
100+  CEF2                          ; Находим первый свободный кластер
101+  CEF2 CD 86 CD                 call    fatFindClusterFirst ; de = первый свободный кластер
102+  CEF5 DA E5 CE                 jp c,   stc_popDBH_ret      ; если нет свободных кластеров - выходим с ошибкой
103+  CEF8
104+  CEF8                          ; Сохраняем его в переменную v_fileFirstCluster
105+  CEF8 EB                       ex      hl, de
106+  CEF9 22 BF D2                 ld      (v_fileFirstCluster), hl
107+  CEFC EB                       ex      hl, de
108+  CEFD
109+  CEFD                          ; Сохраняем номер первого кластера в дескриптор файла
110+  CEFD                          ; de = номер первого кластера
111+  CEFD                          ; hl = адрес дескриптора файла
112+  CEFD 2A C9 D2                 ld      hl, (v_newDescrPtr)
113+  CF00 01 1A 00                 ld      bc, FILE_DESCRIPTOR.firstCluster
114+  CF03 09                       add     hl, bc  ; hl = адрес поля firstCluster (мл. байт) в дескрипторе файла
115+  CF04 73                       ld      (hl), e
116+  CF05 23                       inc     hl      ; hl = адрес поля firstCluster (ст. байт) в дескрипторе файла
117+  CF06 72                       ld      (hl), d
118+  CF07
119+  CF07
120+  CF07                          ;---------------------------------------------------------------------
121+  CF07                          ; Записываем дескриптор в каталог, пока сектор каталога все еще в кэше
122+  CF07
123+  CF07                          ; Ставим сектору каталога флаг isModified
124+  CF07 CD 68 CD                 call    markDirSectorAsModified
125+  CF0A
126+  CF0A                          ; Копируем подготовленный дескриптор файла в закешированный сектор каталога
127+  CF0A 2A C9 D2                 ld      hl, (v_newDescrPtr)     ; адрес подготовленного дескриптора
128+  CF0D EB                       ex      hl, de
129+  CF0E 2A C5 D2                 ld      hl, (v_cachedDescrPtr)  ; адрес свободного дескриптора в кэше
130+  CF11
131+  CF11                          ; Копирование c байт из de в hl
132+  CF11 C5                       push    bc
133+  CF12 CD DD D1                 call    copyDescriptor
134+  CF15 C1                       pop     bc
135+  CF16
136+  CF16                          ;---------------------------------------------------------------------
137+  CF16
138+  CF16              		    ; Читаем адрес загрузки файла
139+  CF16                          ; de = адрес загрузки файла
140+  CF16 2A C9 D2                 ld      hl, (v_newDescrPtr)
141+  CF19 01 12 00                 ld      bc, FILE_DESCRIPTOR.loadAddress
142+  CF1C 09                       add     hl, bc  ; hl = адрес поля loadAddress (мл. байт) в дескрипторе файла
143+  CF1D 5E                       ld      e, (hl)
144+  CF1E 23                       inc     hl      ; hl = адрес поля loadAddress (ст. байт) в дескрипторе файла
145+  CF1F 56                       ld      d, (hl) ; de = адрес загрузки
146+  CF20
147+  CF20                          ; Сохраняем адрес загрузки в переменную v_input_start
148+  CF20 EB                       ex      de, hl
149+  CF21 22 C1 D2                 ld      (v_input_start), hl ; v_input_start = адрес загрузки файла
150+  CF24
151+  CF24                          ; Читаем размер файла
152+  CF24                          ; de = размер файла
153+  CF24 2A C9 D2                 ld      hl, (v_newDescrPtr)
154+  CF27 01 1C 00                 ld      bc, FILE_DESCRIPTOR.size
155+  CF2A 09                       add     hl, bc  ; hl = адрес поля size (мл. байт) в дескрипторе файла
156+  CF2B 5E                       ld      e, (hl)
157+  CF2C 23                       inc     hl      ; hl = адрес поля size (ст. байт) в дескрипторе файла
158+  CF2D 56                       ld      d, (hl)
159+  CF2E
160+  CF2E                          ; Сохраняем размер файла в переменную v_input_end
161+  CF2E EB                       ex      de, hl
162+  CF2F 22 C3 D2                 ld      (v_input_end), hl   ; v_input_end = размер файла
163+  CF32
164+  CF32                          ; Счётчик кластеров файла
165+  CF32 4C                       ld      c, h        ; c  = старший байт размера = количество кластеров файла - 1, т.к. кластер размером 256 байт.
166+  CF33 0C                       inc     c           ; c  = количество кластеров файла. TODO: это не будет работать с другим размером кластера!
167+  CF34 41                       ld      b, c        ; сохраняем в b - пригодится позже
168+  CF35
169+  CF35                          ; Первый кластер файла в fat
170+  CF35 2A BF D2                 ld      hl, (v_fileFirstCluster)    ; hl = номер первого кластера файла
171+  CF38 54                       ld      d, h
172+  CF39 5D                       ld      e, l                        ; de = hl - если файл состоит из одного кластера, ячейка fat будет указывать на саму себя
173+  CF3A
174+  CF3A C3 43 CF                 jp      writeFirstCluster
175+  CF3D
176+  CF3D              ; ---------------------------------------------------------------------------
177+  CF3D              ; Записываем кластеры файла в таблицу fat на устройстве
178+  CF3D
179+  CF3D              allocClusters:
180+  CF3D CD 8D CD                 call    fatFindClusterNext  ; de = следующий свободный кластер
181+  CF40 DA E5 CE                 jp c,   stc_popDBH_ret      ; если больше нет свободных кластеров - выходим с ошибкой
182+  CF43
183+  CF43              writeFirstCluster:
184+  CF43                          ; записываем номер кластера в fat
185+  CF43                          ; hl = номер ячейки fat
186+  CF43                          ; de = номер кластера
187+  CF43 CD C4 CD                 call    fatWriteCluster
188+  CF46
189+  CF46 0D                       dec     c                   ; счётчик записанных кластеров
190+  CF47 C2 3D CF                 jp nz,  allocClusters       ; повтор цикла
191+  CF4A
192+  CF4A                          ; Конец, последний кластер файла указывает сам на себя
193+  CF4A                          ; hl == de
194+  CF4A CD C4 CD                 call    fatWriteCluster
195+  CF4D
196+  CF4D              ; ---------------------------------------------------------------------------
197+  CF4D              ; Сохраняем файл на диск
198+  CF4D
199+  CF4D                          ; Номер первого кластера
200+  CF4D 2A BF D2                 ld      hl, (v_fileFirstCluster)
201+  CF50 EB                       ex      hl, de                      ; de = номер первого кластера файла
202+  CF51 D5                       push    de
203+  CF52
204+  CF52                          ; Переводим в номер сектора
205+  CF52 CD 4D CD                 call    fatClusterToSector          ; de = номер первого сектора файла
206+  CF55
207+  CF55 2A C1 D2                 ld      hl, (v_input_start)         ; hl = адрес загрузки файла
208+  CF58 48                       ld      c, b                        ; c = количество кластеров файла
209+  CF59 06 01                    ld      b, 1                        ; режим драйвера 1 - запись
210+  CF5B
211+  CF5B              writeFileLoop:
212+  CF5B CD 63 C8                 call    j_diskDriver
213+  CF5E 24                       inc     h                   ; cледующий блок файла в памяти (TODO: это работает только для кластера 256 байт)
214+  CF5F
215+  CF5F                          ; Находим следующий кластер в fat
216+  CF5F D1                       pop     de                  ; de = номер текущего кластера
217+  CF60 CD BA CD                 call    fatReadCluster      ; de = номер следующего кластера
218+  CF63 D5                       push    de
219+  CF64
220+  CF64                          ; Переводим в номер сектора
221+  CF64 CD 4D CD                 call    fatClusterToSector  ; de = следующий сектор файла в области данных
222+  CF67
223+  CF67 0D                       dec     c                   ; счётчик записанных кластеров
224+  CF68 C2 5B CF                 jp nz,  writeFileLoop       ; повтор цикла
225+  CF6B
226+  CF6B D1                       pop     de
227+  CF6C
228+  CF6C              ; ---------------------------------------------------------------------------
229+  CF6C              ; Расчет однобайтовой контрольной суммы
230+  CF6C              ; Это нигде не используется даже в оригинальной ОС
231+  CF6C
232+  CF6C              ;            ld      hl, (v_input_end)   ; hl = размер файла - 1 из v_input_end
233+  CF6C              ;            inc     hl                  ; hl = размер файла
234+  CF6C              ;            ex      de, hl              ; de = размер файла
235+  CF6C              ;            ld      hl, (v_input_start) ; hl = адрес загрузки файла из v_input_start
236+  CF6C              ;            ld      b, 0                ; тут будет накапливаться сумма
237+  CF6C              ;fileCreateCRCLoop:
238+  CF6C              ;            ld      a, d
239+  CF6C              ;            or      e
240+  CF6C              ;            jp z,   fileCreateCRCDone   ; если счетчик досчитал до нуля, выходим
241+  CF6C              ;            ld  a,  (hl)                ; читаем байт файла
242+  CF6C              ;            add     a, b                ; накапливаем сумму
243+  CF6C              ;            ld      b, a
244+  CF6C              ;            inc     hl                  ; следующий байт
245+  CF6C              ;            dec     de                  ; уменьшаем счетчик
246+  CF6C              ;            jp      fileCreateCRCLoop
247+  CF6C              ;fileCreateCRCDone:
248+  CF6C              ;            ; Сохраняем контрольную сумму в дескриптор файла, в поле ntReserved
249+  CF6C              ;            ld      a, b                ; a = посчитанная контрольная сумма
250+  CF6C              ;            ld      hl, (v_newDescrPtr)
251+  CF6C              ;            ld      bc, FILE_DESCRIPTOR.ntReserved
252+  CF6C              ;            add     hl, bc              ; hl = адрес поля ntReserved в дескрипторе файла
253+  CF6C              ;            ld      (hl), a             ; сохраняем контрльную сумму
254+  CF6C
255+  CF6C              ; ------------------------------------------------------------------------------------------------------------------------
256+  CF6C              ; Сохраняем кэш и выходим
257+  CF6C
258+  CF6C CD 36 CD                 call    saveSectorCache ; сохраняем изменения в кэше на диск
259+  CF6F B7                       or      a               ; выходим с флагом cf = 0
260+  CF70 C3 E6 CE                 jp      popDBH_ret
261+  CF73
115   CF73                  INCLUDE "fileFind.inc"
  1+  CF73              ;+---------------------------------------------------------------------------
  2+  CF73              ; MXOS
  3+  CF73              ; Найти файл
  4+  CF73              ;
  5+  CF73              ; На входе
  6+  CF73              ;  hl - имя
  7+  CF73              ;
  8+  CF73              ; На выходе
  9+  CF73              ;  bc, de, hl - сохраняются
 10+  CF73              ;  cf - ошибка
 11+  CF73              ;  v_foundDescrPtr - найденный файл
 12+  CF73              ;
 13+  CF73              ; 2013-12-12 Дизассемблировано vinxru
 14+  CF73              ; 2022-02-11 Переработано SpaceEngineer
 15+  CF73              ;----------------------------------------------------------------------------
 16+  CF73
 17+  CF73              fileFind:   ; Сохраняем регистры
 18+  CF73 C5                       push    bc  ; [1]
 19+  CF74 D5                       push    de  ; [2]
 20+  CF75
 21+  CF75                          ; de = номер первого сектора каталога
 22+  CF75                          ; с  = количество секторов каталога (мл. байт)
 23+  CF75 CD 5E CD                 call    fatBeginDirLoop
 24+  CF78
 25+  CF78                          ; Цикл по секторам каталога
 26+  CF78              fileFind_dirLoop:
 27+  CF78                          ; Сохраняем номер сектора каталога
 28+  CF78 D5                       push    de  ; [3]               ; de = номер сектора каталога
 29+  CF79
 30+  CF79                          ; Кэшируем сектор каталога
 31+  CF79 E5                       push    hl  ; [4*]
 32+  CF7A AF                       xor     a                       ; флаг - сектор не будет меняться
 33+  CF7B CD 80 CC                 call    getSectorAddressInCache ; выход: hl = адрес сектора в буфере
 34+  CF7E EB                       ex      hl, de                  ; de = адрес сектора в буфере
 35+  CF7F E1                       pop     hl  ; [4*]              ; hl = адрес имени искомого файла
 36+  CF80
 37+  CF80                          ; Кол-во дескрипторов файлов в одном секторе каталога (мл. байт)
 38+  CF80 3A F9 D2                 ld      a, (v_diskInfo.descrPerSector)
 39+  CF83 47                       ld      b, a
 40+  CF84 C5                       push    bc  ; [4]               ; b = счетчик секторов
 41+  CF85
 42+  CF85                          ; Цикл по дескрипторам в закешированном секторе каталога
 43+  CF85              fileFind_sectorLoop:
 44+  CF85
 45+  CF85                          ; Сохраняем адрес начала имени в каталоге и адрес имени искомого файла
 46+  CF85 E5                       push    hl  ; [5]   hl = адрес имени искомого файла
 47+  CF86 D5                       push    de  ; [6]   de = адрес дескриптора файла в кэше
 48+  CF87
 49+  CF87                          ; Если первый символ имени 0FFh, переходим к следующем файлу
 50+  CF87 1A                       ld      a, (de)
 51+  CF88 3C                       inc     a
 52+  CF89 CA AE CF                 jp z,   fileFind_next
 53+  CF8C
 54+  CF8C                          ; Сравниваем имена файлов по адресам hl и de
 55+  CF8C 0E 0B                    ld      c, FILE_NAME_LENGTH + 3 ; длина имени + расширения
 56+  CF8E CD F9 CB                 call    stricmp
 57+  CF91 C2 AE CF                 jp nz,  fileFind_next           ; если имена не совпадают, переходим к следующему файлу
 58+  CF94
 59+  CF94                          ;-----------------------------------------------------------
 60+  CF94                          ; Файл найден
 61+  CF94 E1                       pop     hl  ; [6]   hl = адрес дескриптора файла в кэше
 62+  CF95
 63+  CF95                          ; Сохраняем адрес дескриптора в кэше в переменную v_cachedDescrPtr
 64+  CF95 22 C5 D2                 ld      (v_cachedDescrPtr), hl
 65+  CF98 EB                       ex      hl, de
 66+  CF99
 67+  CF99                          ; Сохраняем адрес v_tmpFileDescr в переменную v_foundDescrPtr
 68+  CF99 21 7C D3                 ld      hl, v_tmpFileDescr
 69+  CF9C 22 CB D2                 ld      (v_foundDescrPtr), hl
 70+  CF9F
 71+  CF9F                          ; Копируем дескриптор файла в переменную v_tmpFileDescr
 72+  CF9F                          ; de = откуда (v_cachedDescrPtr), hl = куда (v_tmpFileDescr)
 73+  CF9F CD DD D1                 call    copyDescriptor
 74+  CFA2
 75+  CFA2                          ; Восстаналиваем регистры
 76+  CFA2 E1                       pop     hl  ; [5]   hl = адрес имени искомого файла
 77+  CFA3 C1                       pop     bc  ; [4]   c  = счетчик секторов
 78+  CFA4
 79+  CFA4                          ; Сохраняем номер сектора каталога в переменную v_cachedSector
 80+  CFA4 D1                       pop     de  ; [3]   de = номер сектора каталога
 81+  CFA5 EB                       ex      hl, de
 82+  CFA6 22 C7 D2                 ld      (v_cachedSector), hl
 83+  CFA9 EB                       ex      hl, de
 84+  CFAA
 85+  CFAA                          ; Восстаналиваем регистры и выходим с CF=0
 86+  CFAA D1                       pop     de  ; [2]
 87+  CFAB C1                       pop     bc  ; [1]
 88+  CFAC B7                       or      a   ;       для выхода с флагом
 89+  CFAD C9                       ret
 90+  CFAE                          ;-----------------------------------------------------------
 91+  CFAE
 92+  CFAE              fileFind_next:
 93+  CFAE                          ; Вычисляем адрес следующего дескриптора файла
 94+  CFAE D1                       pop     de  ; [6]   de = адрес дескриптора файла в кэше
 95+  CFAF 21 20 00                 ld      hl, FILE_DESCR_SIZE
 96+  CFB2 19                       add     hl, de
 97+  CFB3 EB                       ex      de, hl
 98+  CFB4
 99+  CFB4                          ; Восстанавливаем адрес искомого имени
100+  CFB4 E1                       pop     hl  ; [5]   hl = адрес имени искомого файла
101+  CFB5
102+  CFB5                          ; Еще остались файлы в секторе каталога?
103+  CFB5 05                       dec     b
104+  CFB6 C2 85 CF                 jp nz,  fileFind_sectorLoop
105+  CFB9
106+  CFB9                          ; Еще остались секторы каталога?
107+  CFB9 C1                       pop     bc  ; [4]   c  = счетчик секторов
108+  CFBA
109+  CFBA                          ; Восстанавливаем номер сектора каталога
110+  CFBA D1                       pop     de  ; [3]   de = номер сектора каталога
111+  CFBB 13                       inc     de  ;       следующий сектор каталога
112+  CFBC
113+  CFBC 0D                       dec     c
114+  CFBD C2 78 CF                 jp nz,  fileFind_dirLoop
115+  CFC0
116+  CFC0                          ;-----------------------------------------------------------
117+  CFC0                          ; Файл не найден
118+  CFC0                          ; Восстаналиваем регистры и выходим с CF=1 и a=3
119+  CFC0 D1                       pop     de  ; [2]
120+  CFC1 C1                       pop     bc  ; [1]
121+  CFC2 3E 03                    ld      a, 3
122+  CFC4 37                       scf
123+  CFC5 C9                       ret
124+  CFC6
116   CFC6                  INCLUDE "fileLoad.inc"
  1+  CFC6              ;+---------------------------------------------------------------------------
  2+  CFC6              ; MXOS
  3+  CFC6              ; Загрузить файл по указанному адресу
  4+  CFC6              ;
  5+  CFC6              ; На входе
  6+  CFC6              ;  hl - имя
  7+  CFC6              ;  de - адрес загрузки
  8+  CFC6              ;
  9+  CFC6              ; На выходе
 10+  CFC6              ;  bc, de, hl - сохраняются
 11+  CFC6              ;  v_foundDescrPtr - адрес копии дескриптора найденного файла
 12+  CFC6              ;  cf - ошибка
 13+  CFC6              ;
 14+  CFC6              ; 2013-12-12 Дизассемблировано vinxru
 15+  CFC6              ; 2022-02-11 Переработано SpaceEngineer
 16+  CFC6              ;----------------------------------------------------------------------------
 17+  CFC6
 18+  CFC6              fileLoad2:  ; Ищем файл с именем в hl
 19+  CFC6 CD 73 CF                 call    fileFind
 20+  CFC9 D8                       ret c
 21+  CFCA
 22+  CFCA                          ; Сохранить регистры
 23+  CFCA E5                       push    hl
 24+  CFCB C5                       push    bc
 25+  CFCC D5                       push    de
 26+  CFCD
 27+  CFCD C3 E1 CF                 jp      fileLoadStep2
 28+  CFD0
 29+  CFD0              ;----------------------------------------------------------------------------
 30+  CFD0              ; Загрузить файл по адресу указанному в заголовке
 31+  CFD0              ;
 32+  CFD0              ; На входе
 33+  CFD0              ;  hl - имя
 34+  CFD0              ;
 35+  CFD0              ; На выходе
 36+  CFD0              ;  bc, de, hl - сохраняются
 37+  CFD0              ;  v_foundDescrPtr - адрес копии дескриптора найденного файла
 38+  CFD0              ;  cf - ошибка
 39+  CFD0              ;----------------------------------------------------------------------------
 40+  CFD0
 41+  CFD0              fileLoad:   ; Ищем файл с именем в hl
 42+  CFD0 CD 73 CF                 call    fileFind
 43+  CFD3 D8                       ret c
 44+  CFD4
 45+  CFD4                          ; Сохраняем регистры
 46+  CFD4 E5                       push    hl
 47+  CFD5 C5                       push    bc
 48+  CFD6 D5                       push    de
 49+  CFD7
 50+  CFD7                          ; hl = указатель на адрес загрузки
 51+  CFD7 2A CB D2                 ld      hl, (v_foundDescrPtr)
 52+  CFDA 11 12 00                 ld      de, FILE_DESCRIPTOR.loadAddress
 53+  CFDD 19                       add     hl, de
 54+  CFDE
 55+  CFDE                          ; de = адрес загрузки
 56+  CFDE 5E                       ld      e, (hl)
 57+  CFDF 23                       inc     hl
 58+  CFE0 56                       ld      d, (hl)
 59+  CFE1
 60+  CFE1              fileLoadStep2:
 61+  CFE1                          ; Сохраним адрес загрузки
 62+  CFE1 EB                       ex      hl, de
 63+  CFE2 22 C1 D2                 ld      (v_input_start), hl
 64+  CFE5 EB                       ex      hl, de
 65+  CFE6
 66+  CFE6                          ; hl = указатель на номер первого кластера файла
 67+  CFE6 2A CB D2                 ld      hl, (v_foundDescrPtr)
 68+  CFE9 01 1A 00                 ld      bc, FILE_DESCRIPTOR.firstCluster
 69+  CFEC 09                       add     hl, bc
 70+  CFED
 71+  CFED                          ; de = первый кластер файла
 72+  CFED 5E                       ld      e, (hl)
 73+  CFEE 23                       inc     hl
 74+  CFEF 56                       ld      d, (hl)
 75+  CFF0 D5                       push    de
 76+  CFF1
 77+  CFF1                          ; de = первый сектор файла в области данных
 78+  CFF1 CD 4D CD                 call    fatClusterToSector
 79+  CFF4
 80+  CFF4                          ; hl = указатель на длину найденного файла
 81+  CFF4 2A CB D2                 ld      hl, (v_foundDescrPtr)
 82+  CFF7 01 1D 00                 ld      bc, FILE_DESCRIPTOR.size + 1
 83+  CFFA 09                       add     hl, bc
 84+  CFFB
 85+  CFFB                          ; c = количество кластеров файла. Просто читаем старший байт
 86+  CFFB                          ; размера, т.к. кластер размером 256 байт.
 87+  CFFB                          ; TODO: это не будет работать с другим размером кластера!
 88+  CFFB 4E                       ld      c, (hl)
 89+  CFFC 0C                       inc     c
 90+  CFFD
 91+  CFFD                          ; hl = адрес загрузки
 92+  CFFD 2A C1 D2                 ld      hl, (v_input_start)
 93+  D000
 94+  D000                          ; Режим драйвера - чтение
 95+  D000 06 02                    ld      b, 2
 96+  D002              fileLoadLoop:
 97+  D002                          ; Читаем кластер в память
 98+  D002 CD 63 C8                 call    j_diskDriver    ; de = номер сектора, hl = адрес куда читать
 99+  D005
100+  D005 24                       inc     h               ; следующий блок в памяти (TODO: это работает только для сектора 256 байт)
101+  D006
102+  D006                          ; Вычисляем следующий кластер в fat
103+  D006 D1                       pop     de              ; de = номер текущего кластера
104+  D007 CD BA CD                 call    fatReadCluster  ; de = номер следующего кластера
105+  D00A D5                       push    de
106+  D00B
107+  D00B                          ; Переводим в номер сектора
108+  D00B CD 4D CD                 call    fatClusterToSector  ; de = следующий сектор файла в области данных
109+  D00E
110+  D00E 0D                       dec     c               ; счётчик считанных кластеров
111+  D00F C2 02 D0                 jp nz,  fileLoadLoop    ; повтор цикла
112+  D012
113+  D012                          ; Восстанавливаем регистры
114+  D012 D1                       pop     de
115+  D013 D1                       pop     de
116+  D014 C1                       pop     bc
117+  D015 E1                       pop     hl
118+  D016
119+  D016 C3 1D D0                 jp      fileLoadExit
120+  D019
121+  D019              ; ---------------------------------------------------------------------------
122+  D019              ; Получить информацию о файле (дескриптор)
123+  D019              ;
124+  D019              ; На входе
125+  D019              ;  hl - имя
126+  D019              ;
127+  D019              ; На выходе
128+  D019              ;  bc, de, hl - сохраняются
129+  D019              ;  v_foundDescrPtr - адрес копии дескриптора найденного файла
130+  D019              ;  cf - ошибка
131+  D019              ;----------------------------------------------------------------------------
132+  D019
133+  D019              fileLoadInfo:
134+  D019                          ; Ищем файл с именем в hl
135+  D019 CD 73 CF                 call    fileFind
136+  D01C D8                       ret c
137+  D01D
138+  D01D              ; ---------------------------------------------------------------------------
139+  D01D
140+  D01D              fileLoadExit:
141+  D01D                          ; Сохраняем регистры
142+  D01D E5                       push    hl
143+  D01E C5                       push    bc
144+  D01F D5                       push    de
145+  D020
146+  D020                          ; de = указатель на первое поле после расширения
147+  D020 01 0B 00                 ld      bc, FILE_DESCRIPTOR.attrib
148+  D023 09                       add     hl, bc
149+  D024 EB                       ex      de, hl
150+  D025
151+  D025                          ; Информация о файле, исключая имя
152+  D025 2A CB D2                 ld      hl, (v_foundDescrPtr)
153+  D028 09                       add     hl, bc
154+  D029
155+  D029                          ; Копируем дескриптор из hl в de, исключая имя и расширение
156+  D029 06 15                    ld      b, FILE_DESCR_SIZE - FILE_NAME_LENGTH - 3
157+  D02B              fileLoadCDLoop:
158+  D02B 7E                       ld      a, (hl)
159+  D02C 12                       ld      (de), a
160+  D02D 23                       inc     hl
161+  D02E 13                       inc     de
162+  D02F 05                       dec     b
163+  D030 C2 2B D0                 jp nz,  fileLoadCDLoop
164+  D033
165+  D033                          ; Выход CF=0
166+  D033 B7                       or      a
167+  D034 C3 E6 CE                 jp      popDBH_ret
168+  D037
117   D037                  INCLUDE "fileDelete.inc"
  1+  D037              ;+---------------------------------------------------------------------------
  2+  D037              ; MXOS
  3+  D037              ; Удаление файла
  4+  D037              ;
  5+  D037              ; На входе
  6+  D037              ;  hl - имя файла
  7+  D037              ;
  8+  D037              ; На выходе
  9+  D037              ;  cf - ошибка
 10+  D037              ;  bc, de, hl - сохраняются
 11+  D037              ;
 12+  D037              ; 2013-12-12 Дизассемблировано vinxru
 13+  D037              ; 2022-02-11 Переработано SpaceEngineer
 14+  D037              ;----------------------------------------------------------------------------
 15+  D037
 16+  D037              fileDelete: ; Найти файл с именем из hl
 17+  D037 CD 73 CF                 call    fileFind
 18+  D03A D8                       ret     c
 19+  D03B
 20+  D03B                          ; Удалить файл
 21+  D03B CD 43 D0                 call    deleteFileInt
 22+  D03E
 23+  D03E                          ; Сохранить изменения на диск
 24+  D03E CD 36 CD                 call    saveSectorCache
 25+  D041
 26+  D041                          ; Результат
 27+  D041 B7                       or      a
 28+  D042 C9                       ret
 29+  D043
 30+  D043              ; ---------------------------------------------------------------------------
 31+  D043
 32+  D043              deleteFileInt:
 33+  D043                          ; Сохраняем регистры
 34+  D043 E5                       push    hl
 35+  D044 C5                       push    bc
 36+  D045 D5                       push    de
 37+  D046
 38+  D046                          ; Помечаем файл в кэше, как удаленный, заменяя первую букву его имени на 0FFh
 39+  D046 2A C5 D2                 ld      hl, (v_cachedDescrPtr)
 40+  D049 36 FF                    ld      (hl), 0FFh
 41+  D04B E5                       push    hl
 42+  D04C
 43+  D04C                          ; Ставим сектору каталога флаг isModified
 44+  D04C CD 68 CD                 call    markDirSectorAsModified
 45+  D04F
 46+  D04F                          ; Получаем первый кластер файла в de
 47+  D04F E1                       pop     hl
 48+  D050 11 1A 00                 ld      de, FILE_DESCRIPTOR.firstCluster
 49+  D053 19                       add     hl, de
 50+  D054 5E                       ld      e, (hl)
 51+  D055 23                       inc     hl
 52+  D056 56                       ld      d, (hl)
 53+  D057
 54+  D057              deleteFileLoop:
 55+  D057 62                       ld      h, d
 56+  D058 6B                       ld      l, e
 57+  D059
 58+  D059                          ; Обнуляем кластер номер de и получаем номер
 59+  D059                          ; следующиего кластера файла в de
 60+  D059 CD D2 CD                 call    fatFreeCluster
 61+  D05C
 62+  D05C                          ; Если это был не последний кластер, продолжаем.
 63+  D05C 7A                       ld      a, d
 64+  D05D BC                       cp      h
 65+  D05E C2 57 D0                 jp nz,  deleteFileLoop
 66+  D061 7B                       ld      a, e
 67+  D062 BD                       cp      l
 68+  D063 C2 57 D0                 jp nz,  deleteFileLoop
 69+  D066
 70+  D066                          ; Восстаналиваем регистры и выходим
 71+  D066 C3 E6 CE                 jp      popDBH_ret
 72+  D069
118   D069                  INCLUDE "fileRename.inc"
  1+  D069              ;+---------------------------------------------------------------------------
  2+  D069              ; MXOS
  3+  D069              ; Переименовать файл в пределах текущего диска.
  4+  D069              ;
  5+  D069              ; Вход:
  6+  D069              ;   hl - старое имя;
  7+  D069              ;   de - новое имя.
  8+  D069              ; Выход:
  9+  D069              ;   CF - ошибка;
 10+  D069              ;   bc, de, hl разрушаются.
 11+  D069              ;
 12+  D069              ; Важно: поиск нового имени может вытеснить сектор исходного дескриптора из
 13+  D069              ; кэша. Поэтому перед записью имени исходный файл ищется повторно.
 14+  D069              ;----------------------------------------------------------------------------
 15+  D069
 16+  D069              fileRename:
 17+  D069                          ; Найти исходный файл.
 18+  D069 CD 73 CF                 call    fileFind
 19+  D06C D8                       ret c
 20+  D06D
 21+  D06D                          ; Переименование в то же имя ничего не меняет.
 22+  D06D E5                       push    hl
 23+  D06E D5                       push    de
 24+  D06F 0E 0B                    ld      c, FILE_NAME_LENGTH + 3
 25+  D071 CD F9 CB                 call    stricmp
 26+  D074 D1                       pop     de
 27+  D075 E1                       pop     hl
 28+  D076 C8                       ret z
 29+  D077
 30+  D077                          ; Сохранить входные регистры для общего выхода popDBH_ret.
 31+  D077 E5                       push    hl
 32+  D078 C5                       push    bc
 33+  D079 D5                       push    de
 34+  D07A
 35+  D07A                          ; Если файл с новым именем уже существует, удалить его.
 36+  D07A EB                       ex      de, hl                  ; hl = новое, de = старое
 37+  D07B CD 73 CF                 call    fileFind
 38+  D07E D4 43 D0                 call nc,deleteFileInt
 39+  D081
 40+  D081                          ; Повторно найти исходный файл: предыдущий поиск мог вытеснить
 41+  D081                          ; его сектор и сделать v_cachedDescrPtr недействительным.
 42+  D081 EB                       ex      de, hl                  ; hl = старое, de = новое
 43+  D082 CD 73 CF                 call    fileFind
 44+  D085 DA E6 CE                 jp c,   popDBH_ret
 45+  D088
 46+  D088                          ; hl = новое имя, de = актуальный дескриптор исходного файла.
 47+  D088 2A C5 D2                 ld      hl, (v_cachedDescrPtr)
 48+  D08B EB                       ex      de, hl
 49+  D08C
 50+  D08C 0E 0B                    ld      c, FILE_NAME_LENGTH + 3
 51+  D08E              fileRenameCopyName:
 52+  D08E 7E                       ld      a, (hl)
 53+  D08F 12                       ld      (de), a
 54+  D090 23                       inc     hl
 55+  D091 13                       inc     de
 56+  D092 0D                       dec     c
 57+  D093 C2 8E D0                 jp nz,  fileRenameCopyName
 58+  D096
 59+  D096 CD 68 CD                 call    markDirSectorAsModified
 60+  D099 CD 36 CD                 call    saveSectorCache
 61+  D09C B7                       or      a
 62+  D09D C3 E6 CE                 jp      popDBH_ret
119   D0A0                  INCLUDE "fileGetSetAttr.inc"
  1+  D0A0              ;+---------------------------------------------------------------------------
  2+  D0A0              ; MXOS
  3+  D0A0              ; Получение/изменение атрибутов файла
  4+  D0A0              ;
  5+  D0A0              ; На входе
  6+  D0A0              ;   hl - имя файла
  7+  D0A0              ;   с  - 0=чтение, 1=изменение
  8+  D0A0              ;   b  - новые атрибуты (если c==1)
  9+  D0A0              ;
 10+  D0A0              ; На выходе
 11+  D0A0              ;   cf - ошибка
 12+  D0A0              ;   a  - атрибуты
 13+  D0A0              ;   bc, de, hl - сохраняются
 14+  D0A0              ;
 15+  D0A0              ; 2013-12-12 Дизассемблировано vinxru
 16+  D0A0              ; 2022-01-31 Доработано SpaceEngineer
 17+  D0A0              ;----------------------------------------------------------------------------
 18+  D0A0
 19+  D0A0              fileGetSetAttr:
 20+  D0A0 C5                       push    bc
 21+  D0A1 47                       ld      b, a
 22+  D0A2
 23+  D0A2                          ; Ищем файл с именем в hl. Если найден, то переходим
 24+  D0A2 CD 73 CF                 call    fileFind
 25+  D0A5 D2 AA D0                 jp nc,  fileGetSetAt_0
 26+  D0A8
 27+  D0A8                          ; Ошибка, выходим
 28+  D0A8 C1                       pop     bc
 29+  D0A9 C9                       ret
 30+  D0AA
 31+  D0AA              ; ---------------------------------------------------------------------------
 32+  D0AA
 33+  D0AA              fileGetSetAt_0:
 34+  D0AA E5                       push    hl
 35+  D0AB
 36+  D0AB                          ; Получаем адрес байта атрибутов
 37+  D0AB D5                       push    de
 38+  D0AC 2A C5 D2                 ld      hl, (v_cachedDescrPtr)
 39+  D0AF 11 0B 00                 ld      de, FILE_DESCRIPTOR.attrib
 40+  D0B2 19                       add     hl, de
 41+  D0B3 D1                       pop     de
 42+  D0B4
 43+  D0B4                          ; Проверяем режим
 44+  D0B4 79                       ld      a, c
 45+  D0B5 0D                       dec     c ; ZF=1 если режим 1
 46+  D0B6 C2 C0 D0                 jp nz,  fileGetSetAt_1
 47+  D0B9
 48+  D0B9                          ; Устанавливаем атрибуты
 49+  D0B9 70                       ld      (hl), b
 50+  D0BA
 51+  D0BA                          ; Ставим сектору каталога флаг isModified
 52+  D0BA CD 68 CD                 call    markDirSectorAsModified
 53+  D0BD
 54+  D0BD                          ; Сохраняем изменения на диск
 55+  D0BD CD 36 CD                 call    saveSectorCache
 56+  D0C0
 57+  D0C0              fileGetSetAt_1:
 58+  D0C0                          ; Читаем атрибуты
 59+  D0C0 7E                       ld      a, (hl)
 60+  D0C1
 61+  D0C1                          ; Восстанавливаем регистры и выходим ;! А тут точно CF==0 будет?
 62+  D0C1 B7                       or      a
 63+  D0C2 E1                       pop     hl
 64+  D0C3 C1                       pop     bc
 65+  D0C4 C9                       ret
 66+  D0C5
120   D0C5                  INCLUDE "fileGetSetAddr.inc"
  1+  D0C5              ;+---------------------------------------------------------------------------
  2+  D0C5              ; MXOS
  3+  D0C5              ; Получение/изменение адреса загрузки файла
  4+  D0C5              ;
  5+  D0C5              ; На входе
  6+  D0C5              ;   hl - имя файла
  7+  D0C5              ;   с  - 0=чтение, 1=изменение
  8+  D0C5              ;   de - адрес
  9+  D0C5              ;
 10+  D0C5              ; На выходе
 11+  D0C5              ;   de - адрес
 12+  D0C5              ;   bc, hl - сохраняются
 13+  D0C5              ;
 14+  D0C5              ; 2013-12-12 Дизассемблировано vinxru
 15+  D0C5              ; 2022-01-31 Доработано SpaceEngineer
 16+  D0C5              ;----------------------------------------------------------------------------
 17+  D0C5
 18+  D0C5              fileGetSetAddr:   ; Ищем файл с именем в hl
 19+  D0C5 CD 73 CF                 call    fileFind
 20+  D0C8 D8                       ret c
 21+  D0C9
 22+  D0C9 E5                       push    hl
 23+  D0CA
 24+  D0CA                          ; Получаем адрес длины файла
 25+  D0CA D5                       push    de
 26+  D0CB 2A C5 D2                 ld      hl, (v_cachedDescrPtr)
 27+  D0CE 11 12 00                 ld      de, FILE_DESCRIPTOR.loadAddress
 28+  D0D1 19                       add     hl, de
 29+  D0D2 D1                       pop     de
 30+  D0D3
 31+  D0D3                          ; Проверяем режим
 32+  D0D3 79                       ld      a, c
 33+  D0D4 0D                       dec     c ; ZF=1 если режим 1
 34+  D0D5 C2 E4 D0                 jp nz,  fileGetSetAd_0
 35+  D0D8
 36+  D0D8                          ; Заменяем адрес загрузки
 37+  D0D8 73                       ld      (hl), e
 38+  D0D9 23                       inc     hl
 39+  D0DA 72                       ld      (hl), d
 40+  D0DB
 41+  D0DB                          ; Ставим сектору каталога флаг isModified
 42+  D0DB CD 68 CD                 call    markDirSectorAsModified
 43+  D0DE
 44+  D0DE                          ; Сохраняем изменения на диск
 45+  D0DE CD 36 CD                 call    saveSectorCache
 46+  D0E1
 47+  D0E1                          ; Выходим
 48+  D0E1 E1                       pop     hl
 49+  D0E2 B7                       or      a
 50+  D0E3 C9                       ret
 51+  D0E4
 52+  D0E4              fileGetSetAd_0:
 53+  D0E4                          ; Читаем адрес загрузки
 54+  D0E4 5E                       ld      e, (hl)
 55+  D0E5 23                       inc     hl
 56+  D0E6 56                       ld      d, (hl)
 57+  D0E7
 58+  D0E7                          ; Выходим
 59+  D0E7 E1                       pop     hl
 60+  D0E8 B7                       or      a
 61+  D0E9 C9                       ret
 62+  D0EA
121   D0EA                  INCLUDE "fileGetInfoAddr.inc"
  1+  D0EA              ;+---------------------------------------------------------------------------
  2+  D0EA              ; MXOS
  3+  D0EA              ; Получить указатель на информацию о a==1
  4+  D0EA              ;
  5+  D0EA              ; На входе
  6+  D0EA              ;   c - любое число
  7+  D0EA              ;
  8+  D0EA              ; На выходе
  9+  D0EA              ;   b, de - сохраняются
 10+  D0EA              ;   hl - указатель на дескриптор после расширения
 11+  D0EA              ;   zf - если a==1
 12+  D0EA              ;   a = c
 13+  D0EA              ;   c = c-1
 14+  D0EA              ;
 15+  D0EA              ; 2013-12-12 Дизассемблировано vinxru
 16+  D0EA              ;----------------------------------------------------------------------------
 17+  D0EA
 18+  D0EA              ;fileGetInfoAddr:
 19+  D0EA              ;            push de
 20+  D0EA              ;
 21+  D0EA              ;            ; Помещаем в hl адрес информации о файле
 22+  D0EA              ;            ld    hl, (v_foundDescrPtr)
 23+  D0EA              ;            ld    de, FILE_DESCRIPTOR.attrib
 24+  D0EA              ;            add   scf
 25+  D0EA              ;
 26+  D0EA              ;            ; Помещаем в a режим
 27+  D0EA              ;            ld    a, c
 28+  D0EA              ;
 29+  D0EA              ;            ; ZF=1 если режим 1
 30+  D0EA              ;            dec c
 31+  D0EA              ;
 32+  D0EA              ;            pop de
 33+  D0EA              ;            ret
 34+  D0EA              ;
 35+  D0EA
122   D0EA                  INCLUDE "fileList.inc"
  1+  D0EA              ;+---------------------------------------------------------------------------
  2+  D0EA              ; MXOS
  3+  D0EA              ; Получить список файлов каталога.
  4+  D0EA              ; Функция копирует в буфер уомпактные описатели файлов (FILE_INFO).
  5+  D0EA              ;
  6+  D0EA              ; На входе
  7+  D0EA              ;  hl - адрес буфера
  8+  D0EA              ;  de - размер буфера (макс. количество описателей файлов)
  9+  D0EA              ;  bc - с какого дескриптора начинать заполнение буфера
 10+  D0EA              ;
 11+  D0EA              ; На выходе
 12+  D0EA              ;  de - сколько всего дескрипторов в каталоге
 13+  D0EA              ;
 14+  D0EA              ;  bc, hl - сохраняются
 15+  D0EA              ;
 16+  D0EA              ; 2013-12-12 Дизассемблировано vinxru
 17+  D0EA              ; 2022-02-11 Переработано SpaceEngineer
 18+  D0EA              ;----------------------------------------------------------------------------
 19+  D0EA
 20+  D0EA              fileList:   ; Если нет драйвера или диск не отформатирован -
 21+  D0EA                          ; формируем пустой список и выходим
 22+  D0EA 3A 0D D3                 ld      a, (v_diskInfo.isValid)
 23+  D0ED FE 02                    cp      DISK_VALID
 24+  D0EF CA F8 D0                 jp z,   fileListOk
 25+  D0F2
 26+  D0F2                          ; В начало буфера помещаем символ 0FFh
 27+  D0F2 36 FF                    ld      (hl), 0FFh
 28+  D0F4
 29+  D0F4                          ; Возвращаем количество файлов в директории в de (ноль)
 30+  D0F4 11 00 00                 ld      de, 0
 31+  D0F7 C9                       ret
 32+  D0F8
 33+  D0F8              fileListOk: ; Сохранение регистров
 34+  D0F8 C5                       push    bc  ; [1]
 35+  D0F9 E5                       push    hl  ; [2]
 36+  D0FA
 37+  D0FA                          ; В de - максимум файлов, но его надо еще ограничить размером каталога
 38+  D0FA 2A F7 D2                 ld      hl, (v_diskInfo.rootDirMaxFiles)
 39+  D0FD CD 89 C3                 call    cmp_hl_de_2
 40+  D100 DA 04 D1                 jp c,   fl_min
 41+  D103 EB                       ex      hl, de
 42+  D104              fl_min:     ; Сохраняем максимум файлов
 43+  D104 22 D3 D2                 ld      (v_dirMaxFiles), hl
 44+  D107
 45+  D107                          ; Сохраняем номер первого файла
 46+  D107 60                       ld      h, b
 47+  D108 69                       ld      l, c
 48+  D109 22 D1 D2                 ld      (v_dirFirstFile), hl
 49+  D10C
 50+  D10C                          ; Обнуляем счетчики файлов
 51+  D10C 21 00 00                 ld      hl, 0
 52+  D10F 22 D5 D2                 ld      (v_dirListedFiles), hl
 53+  D112 22 D7 D2                 ld      (v_dirTotalFiles),  hl
 54+  D115
 55+  D115 E1                       pop     hl  ; [2]
 56+  D116 E5                       push    hl  ; [2]
 57+  D117
 58+  D117                          ; de = номер первого сектора каталога
 59+  D117                          ; с  = количество секторов каталога (мл. байт)
 60+  D117 CD 5E CD                 call    fatBeginDirLoop
 61+  D11A
 62+  D11A                          ; Цикл по секторам каталога
 63+  D11A              fileList_dirLoop:
 64+  D11A                          ; Сохраняем номер сектора каталога
 65+  D11A D5                       push    de  ; [3]               ; de = номер сектора каталога
 66+  D11B
 67+  D11B                          ; Кэшируем сектор каталога
 68+  D11B E5                       push    hl  ; [4]
 69+  D11C AF                       xor     a                       ; флаг - сектор не будет меняться
 70+  D11D CD 80 CC                 call    getSectorAddressInCache ; выход: hl = адрес сектора в буфере
 71+  D120 EB                       ex      hl, de                  ; de = адрес сектора в буфере
 72+  D121 E1                       pop     hl  ; [4]
 73+  D122
 74+  D122                          ; Кол-во дескрипторов файлов в одном секторе каталога (мл. байт)
 75+  D122 3A F9 D2                 ld      a, (v_diskInfo.descrPerSector)
 76+  D125 47                       ld      b, a
 77+  D126
 78+  D126                          ; Цикл по дескрипторам в закешированном секторе каталога
 79+  D126              fileList_sectorLoop:
 80+  D126                          ; Если первый символ = FFh, дескриптор пустой
 81+  D126 1A                       ld      a, (de)
 82+  D127 3C                       inc     a
 83+  D128 CA 5B D1                 jp z,   fileList_nextDescr
 84+  D12B
 85+  D12B E5                       push    hl  ; [4]
 86+  D12C D5                       push    de  ; [5]
 87+  D12D
 88+  D12D                          ; Увеличиваем счетчик общего количества файлов в каталоге
 89+  D12D 2A D7 D2                 ld      hl, (v_dirTotalFiles)
 90+  D130 23                       inc     hl
 91+  D131 22 D7 D2                 ld      (v_dirTotalFiles), hl
 92+  D134
 93+  D134                          ; Если не дошли до первого файла (v_dirTotalFiles < v_dirFirstFile),
 94+  D134                          ; то продолжаем сканирование каталога без копирования дескриптора в буфер
 95+  D134 EB                       ex      hl, de
 96+  D135 2A D1 D2                 ld      hl, (v_dirFirstFile)
 97+  D138 CD 27 C4                 call    cmp_hl_de
 98+  D13B D2 59 D1                 jp nc,  fileList_skipCopy
 99+  D13E
100+  D13E                          ; Если буфер уже заполнен (v_dirListedFiles >= v_dirMaxFiles),
101+  D13E                          ; то продолжаем сканирование каталога без копирования дескриптора в буфер
102+  D13E 2A D3 D2                 ld      hl, (v_dirMaxFiles)
103+  D141 EB                       ex      hl, de
104+  D142 2A D5 D2                 ld      hl, (v_dirListedFiles)
105+  D145 CD 27 C4                 call    cmp_hl_de
106+  D148 D2 59 D1                 jp nc,  fileList_skipCopy
107+  D14B
108+  D14B                          ; Увеличиваем счетчик скопированных дескрипторов
109+  D14B 23                       inc     hl
110+  D14C 22 D5 D2                 ld      (v_dirListedFiles), hl
111+  D14F
112+  D14F D1                       pop     de  ; [5]
113+  D150 E1                       pop     hl  ; [4]
114+  D151
115+  D151                          ; Копируем дескриптор из de в hl
116+  D151 C5                       push    bc  ; [4]
117+  D152                          ;call    copyDescriptor
118+  D152 CD E8 D1                 call    copyDescriptorCompact
119+  D155 C1                       pop     bc  ; [4]
120+  D156
121+  D156                          ; copyDescriptor смещает de, поэтому код расчета
122+  D156                          ; адреса следующего дескриптора надо перепрыгнуть
123+  D156                          ;jp      fileList_next
124+  D156 C3 5B D1                 jp      fileList_nextDescr
125+  D159
126+  D159              fileList_skipCopy:
127+  D159 D1                       pop     de  ; [5]
128+  D15A E1                       pop     hl  ; [4]
129+  D15B
130+  D15B              fileList_nextDescr:
131+  D15B                          ; Вычисляем адрес следующего дескриптора
132+  D15B E5                       push    hl  ; [4]
133+  D15C 21 20 00                 ld      hl, FILE_DESCR_SIZE
134+  D15F 19                       add     hl, de
135+  D160 EB                       ex      de, hl
136+  D161 E1                       pop     hl  ; [4]
137+  D162
138+  D162              fileList_next:
139+  D162                          ; Еще остались файлы в секторе каталога?
140+  D162 05                       dec     b
141+  D163 C2 26 D1                 jp nz,  fileList_sectorLoop
142+  D166
143+  D166                          ; Еще остались секторы каталога?
144+  D166                          ; Восстанавливаем номер сектора каталога
145+  D166 D1                       pop     de  ; [3]   de = номер сектора каталога
146+  D167 13                       inc     de  ;       следующий сектор каталога
147+  D168 0D                       dec     c
148+  D169 C2 1A D1                 jp nz,  fileList_dirLoop
149+  D16C
150+  D16C              fileList_exit
151+  D16C                          ; Завершение и выход
152+  D16C                          ; В конец буфера помещаем символ 0FFh
153+  D16C 36 FF                    ld      (hl), 0FFh
154+  D16E
155+  D16E                          ; Возвращаем количество файлов в директории в de
156+  D16E 2A D7 D2                 ld      hl, (v_dirTotalFiles)
157+  D171 EB                       ex      hl, de
158+  D172
159+  D172 E1                       pop     hl  ; [2]
160+  D173 C1                       pop     bc  ; [1]
161+  D174 C9                       ret
162+  D175
123   D175                  INCLUDE "fileNamePrepare.inc"
  1+  D175              ;+---------------------------------------------------------------------------
  2+  D175              ; MXOS
  3+  D175              ; Подготовить имя файла для функций ОС
  4+  D175              ;
  5+  D175              ; На входе
  6+  D175              ;  hl - исходное имя
  7+  D175              ;  de - буфер для результата (P_INPUT_WIDTH + 3 байт)
  8+  D175              ;
  9+  D175              ; 2013-12-12 Дизассемблировано vinxru
 10+  D175              ;----------------------------------------------------------------------------
 11+  D175
 12+  D175              fileNamePrepare:
 13+  D175                          ; Сохраняем регистры
 14+  D175 C5                       push    bc
 15+  D176 D5                       push    de
 16+  D177
 17+  D177                          ; Если второй символ исходной строки ':', то меняем диск
 18+  D177 23                       inc     hl
 19+  D178 7E                       ld      a, (hl)
 20+  D179 FE 3A                    cp      ':'
 21+  D17B 2B                       dec     hl
 22+  D17C C2 89 D1                 jp nz,  fileNamePr_1
 23+  D17F
 24+  D17F                          ; Меняем диск
 25+  D17F 7E                       ld      a, (hl)
 26+  D180 D6 41                    sub     'A'
 27+  D182 E5                       push    hl
 28+  D183 CD C5 CB                 call    fileSelectDrive
 29+  D186 E1                       pop     hl
 30+  D187
 31+  D187                          ; Диск не входит в имя файла
 32+  D187 23                       inc     hl
 33+  D188 23                       inc     hl
 34+  D189
 35+  D189              fileNamePr_1:
 36+  D189                          ; b = длина имени, c = 3 - длина расширения
 37+  D189 01 03 08                 ld      bc, (FILE_NAME_LENGTH << 8) + 3
 38+  D18C
 39+  D18C                          ; Копируем текст до точки, пробела или конца строки, не более FILE_NAME_LENGTH символов.
 40+  D18C              fileNamePr_2:
 41+  D18C 7E                       ld      a, (hl)
 42+  D18D A7                       and     a
 43+  D18E F2 93 D1                 jp p,   fileNamePr_3
 44+  D191 D6 40                    sub     40h         ; проеобразование KOI?
 45+  D193              fileNamePr_3:
 46+  D193 FE 21                    cp      ' '+1
 47+  D195 DA B3 D1                 jp c,   fileNamePr_5
 48+  D198 23                       inc     hl
 49+  D199 FE 2E                    cp      '.'
 50+  D19B CA B3 D1                 jp z,   fileNamePr_5
 51+  D19E 12                       ld      (de), a
 52+  D19F 13                       inc     de
 53+  D1A0 05                       dec     b
 54+  D1A1 C2 8C D1                 jp nz,  fileNamePr_2
 55+  D1A4
 56+  D1A4                          ; Пропускаем текст до точки, пробела или конца строки
 57+  D1A4              fileNamePr_4:
 58+  D1A4 7E                       ld      a, (hl)
 59+  D1A5 FE 21                    cp      ' '+1
 60+  D1A7 DA B6 D1                 jp c,   fileNamePr_6
 61+  D1AA 23                       inc     hl
 62+  D1AB FE 2E                    cp      '.'
 63+  D1AD C2 A4 D1                 jp nz,  fileNamePr_4
 64+  D1B0 C3 B6 D1                 jp      fileNamePr_6
 65+  D1B3
 66+  D1B3              ; ---------------------------------------------------------------------------
 67+  D1B3
 68+  D1B3              fileNamePr_5:
 69+  D1B3                          ; Имя короче FILE_NAME_LENGTH символов
 70+  D1B3                          ; Заполняем недостающие символы имени пробелами
 71+  D1B3 CD C7 C3                 call    memset_de_20_b
 72+  D1B6
 73+  D1B6                          ; Копируем текст до пробела или конца строки, не более 3 символов.
 74+  D1B6              fileNamePr_6:
 75+  D1B6 7E                       ld      a, (hl)
 76+  D1B7 A7                       and     a
 77+  D1B8 F2 BD D1                 jp p,   fileNamePr_7
 78+  D1BB D6 40                    sub     40h         ; проеобразование KOI?
 79+  D1BD              fileNamePr_7:
 80+  D1BD FE 21                    cp      ' '+1
 81+  D1BF DA D6 D1                 jp c,   fileNamePr_11
 82+  D1C2 12                       ld      (de),a
 83+  D1C3 23                       inc     hl
 84+  D1C4 13                       inc     de
 85+  D1C5 0D                       dec     c
 86+  D1C6 C2 B6 D1                 jp nz,  fileNamePr_6
 87+  D1C9
 88+  D1C9              fileNamePr_8:
 89+  D1C9                          ; Пропускаем текст до пробела или конца строки
 90+  D1C9 7E                       ld      a, (hl)
 91+  D1CA FE 20                    cp      ' '
 92+  D1CC DA D3 D1                 jp c,   fileNamePr_10
 93+  D1CF 23                       inc     hl
 94+  D1D0 C2 C9 D1                 jp nz,  fileNamePr_8
 95+  D1D3
 96+  D1D3              ;fileNamePr_9:
 97+  D1D3              ;            ; Пропускаем текст до пробела или конца строки
 98+  D1D3              ;            ; Почему то дублируется код
 99+  D1D3              ;            ld      a, (hl)
100+  D1D3              ;            cp      ' '
101+  D1D3              ;            jp c,   fileNamePr_10
102+  D1D3              ;            inc     hl
103+  D1D3              ;            jp z,   fileNamePr_9
104+  D1D3              ;            dec     hl
105+  D1D3
106+  D1D3              fileNamePr_10:    ; Восстанавливаем регистры и выходим
107+  D1D3 D1                       pop     de
108+  D1D4 C1                       pop     bc
109+  D1D5 C9                       ret
110+  D1D6
111+  D1D6              ; ---------------------------------------------------------------------------
112+  D1D6
113+  D1D6              fileNamePr_11:
114+  D1D6                          ; Заполняем недостающие символы расширения пробелами
115+  D1D6 41                       ld      b, c
116+  D1D7 CD C7 C3                 call    memset_de_20_b
117+  D1DA
118+  D1DA                          ; Восстанавливаем регистры и выходим
119+  D1DA D1                       pop     de
120+  D1DB C1                       pop     bc
121+  D1DC C9                       ret
122+  D1DD
124   D1DD                  INCLUDE "copyDescriptor.inc"
  1+  D1DD              ;----------------------------------------------------------------------------
  2+  D1DD              ; MXOS
  3+  D1DD              ; Копирование дескриптора файла (FILE_DESCRIPTOR)
  4+  D1DD              ;
  5+  D1DD              ; вход:
  6+  D1DD              ;  de = адрес откуда
  7+  D1DD              ;  hl = адрес куда
  8+  D1DD              ;
  9+  D1DD              ; выход:
 10+  D1DD              ;  de = адрес следующего дескриптора
 11+  D1DD              ;  hl = адрес следующего дескриптора
 12+  D1DD              ;
 13+  D1DD              ; 2022-02-11 SpaceEngineer
 14+  D1DD              ;----------------------------------------------------------------------------
 15+  D1DD
 16+  D1DD              copyDescriptor:
 17+  D1DD                          ; Копируем FILE_DESCR_SIZE байт из de в hl
 18+  D1DD 06 20                    ld      b, FILE_DESCR_SIZE
 19+  D1DF 1A           cfd_loop:   ld      a, (de)
 20+  D1E0 77                       ld      (hl), a
 21+  D1E1 23                       inc     hl
 22+  D1E2 13                       inc     de
 23+  D1E3 05                       dec     b
 24+  D1E4 C2 DF D1                 jp nz,  cfd_loop
 25+  D1E7 C9                       ret
 26+  D1E8
 27+  D1E8              ;----------------------------------------------------------------------------
 28+  D1E8              ; MXOS
 29+  D1E8              ; Проеобразование дескриптора файла в компактную форму
 30+  D1E8              ; FILE_DESCRIPTOR -> FILE_INFO
 31+  D1E8              ;
 32+  D1E8              ; вход:
 33+  D1E8              ;  de = адрес откуда
 34+  D1E8              ;  hl = адрес куда
 35+  D1E8              ;
 36+  D1E8              ; выход:
 37+  D1E8              ;  hl = адрес следующего описателя
 38+  D1E8              ;
 39+  D1E8              ;  de - сохраняется
 40+  D1E8              ;
 41+  D1E8              ; 2022-02-16 SpaceEngineer
 42+  D1E8              ;----------------------------------------------------------------------------
 43+  D1E8
 44+  D1E8              copyDescriptorCompact:
 45+  D1E8 D5                       push    de
 46+  D1E9
 47+  D1E9                          ; Копируем имя файла + расширение + байт атрибутов
 48+  D1E9 06 0C                    ld      b, FILE_NAME_LENGTH + 4
 49+  D1EB 1A           cfdc_loop:  ld      a, (de)
 50+  D1EC 77                       ld      (hl), a
 51+  D1ED 23                       inc     hl
 52+  D1EE 13                       inc     de
 53+  D1EF 05                       dec     b
 54+  D1F0 C2 EB D1                 jp nz,  cfdc_loop
 55+  D1F3
 56+  D1F3                          ; Копируем поле адреса загрузки
 57+  D1F3 EB                       ex      hl, de
 58+  D1F4 01 06 00                 ld      bc, FILE_DESCRIPTOR.loadAddress - FILE_DESCRIPTOR.attrib - 1   ; относительное смещение поля loadAddr
 59+  D1F7 09                       add     hl, bc
 60+  D1F8 EB                       ex      hl, de
 61+  D1F9
 62+  D1F9 1A                       ld      a, (de)
 63+  D1FA 77                       ld      (hl), a
 64+  D1FB 23                       inc     hl
 65+  D1FC 13                       inc     de
 66+  D1FD 1A                       ld      a, (de)
 67+  D1FE 77                       ld      (hl), a
 68+  D1FF 23                       inc     hl
 69+  D200
 70+  D200                          ; Копируем поле размера
 71+  D200 EB                       ex      hl, de
 72+  D201 01 09 00                 ld      bc, FILE_DESCRIPTOR.size - FILE_DESCRIPTOR.loadAddress - 1  ; относительное смещение поля size
 73+  D204 09                       add     hl, bc
 74+  D205 EB                       ex      hl, de
 75+  D206
 76+  D206 1A                       ld      a, (de)
 77+  D207 77                       ld      (hl), a
 78+  D208 23                       inc     hl
 79+  D209 13                       inc     de
 80+  D20A 1A                       ld      a, (de)
 81+  D20B 77                       ld      (hl), a
 82+  D20C 23                       inc     hl
 83+  D20D
 84+  D20D D1                       pop     de
 85+  D20E C9                       ret
 86+  D20F
125   D20F                  INCLUDE "printDecWord.inc"
  1+  D20F              ;----------------------------------------------------------------------------
  2+  D20F              ; MXOS DOS.SYS
  3+  D20F              ; Вывод десятичного числа из de
  4+  D20F              ; Перенесено из NC.COM
  5+  D20F              ;
  6+  D20F              ; вход:
  7+  D20F              ;   de = число
  8+  D20F              ;   b = дополнить ведущими символами: 20h - пробелами, 30h - нулями, 00h - не дополнять
  9+  D20F              ;
 10+  D20F              ; выход:
 11+  D20F              ;   hl, de, bc - сохраняются
 12+  D20F              ;
 13+  D20F              ; 2013-12-18 Дизассемблировано vinxru
 14+  D20F              ;----------------------------------------------------------------------------
 15+  D20F
 16+  D20F              printDecWord:
 17+  D20F D5                       push  de
 18+  D210 C5                       push  bc
 19+  D211 E5                       push  hl
 20+  D212 EB                       ex    de, hl
 21+  D213                          ; ld    b,  20h  ; b = маска кода символа, заменяет ведущие нули на (код_символа and маска)
 22+  D213 11 F0 D8                 ld    de, -10000
 23+  D216 CD 36 D2                 call  printDec1
 24+  D219 11 18 FC                 ld    de, -1000
 25+  D21C CD 36 D2                 call  printDec1
 26+  D21F 11 9C FF                 ld    de, -100
 27+  D222 CD 36 D2                 call  printDec1
 28+  D225 11 F6 FF                 ld    de, -10
 29+  D228 CD 36 D2                 call  printDec1
 30+  D22B 7D                       ld    a, l
 31+  D22C C6 30                    add   a, '0'
 32+  D22E 4F                       ld    c, a
 33+  D22F CD 37 C0                 call  printChar
 34+  D232 E1                       pop   hl
 35+  D233 C1                       pop   bc
 36+  D234 D1                       pop   de
 37+  D235 C9                       ret
 38+  D236
 39+  D236              ; ---------------------------------------------------------------------------
 40+  D236
 41+  D236
 42+  D236              printDec1:  ; c = '0' + (hl / de), hl /= de;
 43+  D236 0E 2F                    ld    c, '0'-1
 44+  D238
 45+  D238 0C           loc_DB11:   inc   c
 46+  D239 19                       add   hl, de
 47+  D23A DA 38 D2                 jp c, loc_DB11
 48+  D23D
 49+  D23D 7A                       ld    a, d        ; hl -= de;
 50+  D23E 2F                       cpl
 51+  D23F 57                       ld    d, a
 52+  D240 7B                       ld    a, e
 53+  D241 2F                       cpl
 54+  D242 5F                       ld    e, a
 55+  D243 13                       inc   de
 56+  D244 19                       add   hl, de
 57+  D245 79                       ld    a, c
 58+  D246
 59+  D246                          ; if (c!='0') b=0xFF; c&=b;
 60+  D246 FE 30                    cp    '0'
 61+  D248 CA 4D D2                 jp z, loc_DB26
 62+  D24B 06 FF                    ld    b, 0FFh   ; первый не ноль, меняем маску кода символа на 0FFh
 63+  D24D A0           loc_DB26:   and   b
 64+  D24E C8                       ret   z ; выходим если код символа 0
 65+  D24F 4F                       ld    c, a
 66+  D250 C3 37 C0                 jp    printChar
 67+  D253
126   D253                  INCLUDE "math.inc"
  1+  D253              ;+---------------------------------------------------------------------------
  2+  D253              ; MXOS
  3+  D253              ; Математические фуннкции
  4+  D253              ;----------------------------------------------------------------------------
  5+  D253
  6+  D253              ;----------------------------------------------------------------------------
  7+  D253              ; Вычитание hl и de:
  8+  D253              ; hl = hl - de
  9+  D253              ;
 10+  D253              ; de, bc - сохраняется
 11+  D253              ;
 12+  D253              ; SpaceEngineer
 13+  D253              ;----------------------------------------------------------------------------
 14+  D253
 15+  D253              sub_hl_de:
 16+  D253 7D                   ld    a, l
 17+  D254 93                   sub   e
 18+  D255 6F                   ld    l, a
 19+  D256 7C                   ld    a, h
 20+  D257 9A                   sbc   d
 21+  D258 67                   ld    h, a
 22+  D259 C9                   ret
 23+  D25A
 24+  D25A              ;----------------------------------------------------------------------------
 25+  D25A              ; Деление hl на 2:
 26+  D25A              ; hl = hl / 2
 27+  D25A              ;
 28+  D25A              ; de, bc - сохраняется
 29+  D25A              ;
 30+  D25A              ; SpaceEngineer
 31+  D25A              ;----------------------------------------------------------------------------
 32+  D25A
 33+  D25A              div_hl_2:
 34+  D25A 7C                   ld  a, h
 35+  D25B B7                   or  a    ; сброс флага c
 36+  D25C 1F                   rra
 37+  D25D 67                   ld  h, a
 38+  D25E 7D                   ld  a, l
 39+  D25F 1F                   rra
 40+  D260 6F                   ld  l, a
 41+  D261 C9                   ret
 42+  D262
 43+  D262              ;----------------------------------------------------------------------------
 44+  D262              ; Умножение hl на de:
 45+  D262              ; hl = hl * de
 46+  D262              ;
 47+  D262              ;
 48+  D262              ; На входе
 49+  D262              ;  hl, de - множители
 50+  D262              ;
 51+  D262              ; На выходе
 52+  D262              ;  hl - произведение
 53+  D262              ;
 54+  D262              ;  bc - сохраняется
 55+  D262              ;
 56+  D262              ; Взято из проекта c8080 VWarlock'a
 57+  D262              ; https://github.com/VWarlock/C8080
 58+  D262              ;----------------------------------------------------------------------------
 59+  D262
 60+  D262              mul_hl_de:
 61+  D262 C5                   push    bc
 62+  D263 44                   ld      b, h
 63+  D264 4D                   ld      c, l
 64+  D265 21 00 00             ld      hl, 0
 65+  D268 3E 11                ld      a, 17
 66+  D26A 3D           _mul1:  dec     a
 67+  D26B CA 85 D2             jp      z, pop_bc_ret
 68+  D26E 29                   add     hl, hl
 69+  D26F EB                   ex      hl, de
 70+  D270 D2 78 D2             jp      nc, _mul2
 71+  D273 29                   add     hl, hl
 72+  D274 24                   inc     h
 73+  D275 C3 79 D2             jp      _mul3
 74+  D278 29           _mul2:  add     hl, hl
 75+  D279 EB           _mul3:  ex      hl, de
 76+  D27A D2 6A D2             jp      nc, _mul1
 77+  D27D 09                   add     hl, bc
 78+  D27E D2 6A D2             jp      nc, _mul1
 79+  D281 14                   inc     d
 80+  D282 C3 6A D2             jp      _mul1
 81+  D285
 82+  D285              pop_bc_ret:
 83+  D285 C1                   pop     bc
 84+  D286 C9                   ret
 85+  D287
 86+  D287              ;----------------------------------------------------------------------------
 87+  D287              ; Деление hl на de:
 88+  D287              ; hl = hl / de
 89+  D287              ; de = hl % de
 90+  D287              ;
 91+  D287              ; На входе
 92+  D287              ;  hl - делимое
 93+  D287              ;  de - делитель
 94+  D287              ;
 95+  D287              ; На выходе
 96+  D287              ;  hl - частное
 97+  D287              ;  de - останок
 98+  D287              ;
 99+  D287              ;  bc - сохраняется
100+  D287              ;
101+  D287              ; Взято из проекта c8080 VWarlock'a
102+  D287              ; https://github.com/VWarlock/C8080
103+  D287              ;----------------------------------------------------------------------------
104+  D287
105+  D287              div_hl_de:
106+  D287 C5                   push    bc
107+  D288 EB                   ex      hl, de
108+  D289 CD 8E D2             call    _div0
109+  D28C C1                   pop     bc
110+  D28D C9                   ret
111+  D28E
112+  D28E 7C           _div0:  ld      a, h
113+  D28F B5                   or      l
114+  D290 C8                   ret     z
115+  D291 01 00 00             ld      bc, 0
116+  D294 C5                   push    bc
117+  D295 7B           _div1:  ld      a, e
118+  D296 95                   sub     L
119+  D297 7A                   ld      a, d
120+  D298 9C                   sbc     h
121+  D299 DA A1 D2             jp      c, _div2
122+  D29C E5                   push    hl
123+  D29D 29                   add     hl, hl
124+  D29E D2 95 D2             jp      nc, _div1
125+  D2A1 21 00 00     _div2:  ld      hl, 0
126+  D2A4 C1           _div3:  pop     bc
127+  D2A5 78                   ld      a, b
128+  D2A6 B1                   or      c
129+  D2A7 C8                   ret     z
130+  D2A8 29                   add     hl, hl
131+  D2A9 D5                   push    de
132+  D2AA 7B                   ld      a, e
133+  D2AB 91                   sub     c
134+  D2AC 5F                   ld      e, a
135+  D2AD 7A                   ld      a, d
136+  D2AE 98                   sbc     b
137+  D2AF 57                   ld      d, a
138+  D2B0 DA B8 D2             jp      c, _div4
139+  D2B3 23                   inc     hl
140+  D2B4 C1                   pop     bc
141+  D2B5 C3 A4 D2             jp      _div3
142+  D2B8 D1           _div4:  pop     de
143+  D2B9 C3 A4 D2             jp      _div3
144+  D2BC
127   D2BC
128   D2BC 01           v_drive:            DB 1
129   D2BD 00 00        v_findCluster:      DW 0
130   D2BF 00 00        v_fileFirstCluster: DW 0
131   D2C1 00 00        v_input_start:      DW 0
132   D2C3 00 00        v_input_end:        DW 0
133   D2C5 00 00        v_cachedDescrPtr:   DW 0
134   D2C7 00 00        v_cachedSector:     DW 0
135   D2C9 00 00        v_newDescrPtr:      DW 0
136   D2CB 00 00        v_foundDescrPtr:    DW 0
137   D2CD 00 00        v_batPtr:           DW 0
138   D2CF DE 8F        v_memTop:           DW bios_vars-1
139   D2D1 00 00        v_dirFirstFile      DW 0
140   D2D3 00 00        v_dirMaxFiles       DW 0
141   D2D5 00 00        v_dirListedFiles    DW 0
142   D2D7 00 00        v_dirTotalFiles     DW 0
143   D2D9 00 00        v_fakeSystemTime:   DW 0
144   D2DB
145   D2DB F8 CA F8 CA  v_drives:           DW diskDriver,      diskDriver
146   D2DF 97 CB 97 CB                      DW diskDriverDummy, diskDriverDummy
147   D2E3 97 CB 97 CB                      DW diskDriverDummy, diskDriverDummy
148   D2E7 97 CB 97 CB                      DW diskDriverDummy, diskDriverDummy
149   D2EB
150   D2EB 00 00 00 00  v_diskInfo          DISK_INFO
150   D2EF 00 00 00 00
150   D2F3 00 00 00 00
150   D2F7 00 00 00 00
150   D2FB 00 00 00 00
150   D2FF 00 00 00 00
150   D303 00 00 00 00
150   D307 00...
150   D30D 00
151   D30E
152   D30E 41 3A 46 4F  pathFontFnt:        DB "A:FONT.FNT",0
152   D312 4E 54 2E 46
152   D316 4E 54 00
153   D319 41 3A 4E 43  pathNcCom:          DB "A:NC.COM",0
153   D31D 2E 43 4F 4D
153   D321 00
154   D322 41 3A 41 55  pathAutoexecBat:    DB "A:AUTOEXEC.BAT",0
154   D326 54 4F 45 58
154   D32A 45 43 2E 42
154   D32E 41 54 00
155   D331 41 3A 46 4F  pathFormatBat:      DB "A:FORMAT.BAT",0
155   D335 52 4D 41 54
155   D339 2E 42 41 54
155   D33D 00
156   D33E 42 41 54     aBat:               DB "BAT"
157   D341 43 4F 4D     aCom:               DB "COM"
158   D344 45 58 45     aExe:               DB "EXE"
159   D347 46 41 54     aFat:               DB "FAT"
160   D34A
161   D34A                  IF BOOT_FROM_TAPE
162   D34A ~            aATape_com:         DB "A:TAPE.COM",0
163   D34A ~            txtLoadingFromTape: DB 0Ah,"LOADING FROM TAPE...",0
164   D34A                  ENDIF
165   D34A
166   D34A 0C 42 49 4F  txtBiosVer:         DB 0Ch,"BIOS 5.00",0Ah,0
166   D34E 53 20 35 2E
166   D352 30 30 0A 00
167   D356 0A 52 41 4D  txtRAM:             DB 0Ah,"RAM: ",0
167   D35A 3A 20 00
168   D35D 20 4B 42 0A  txtKB:              DB " KB",0Ah,0
168   D361 00
169   D362 0A 42 41 44  txtBadCommand:      DB 0Ah,"BAD COMMAND OR FILE NAME",0
169   D366 20 43 4F 4D
169   D36A 4D 41 4E 44
169   D36E 20 4F 52 20
169   D372 46 49 4C 45
169   D376 20 4E 41 4D
169   D37A 45 00
170   D37C
171   D37C 00 00 00 00  v_tmpFileDescr      FILE_DESCRIPTOR
171   D380 00 00 00 00
171   D384 00 00 00 00
171   D388 00 00 00 00
171   D38C 00 00 00 00
171   D390 00 00 00 00
171   D394 00 00 00 00
171   D398 00 00 00 00
172   D39C 00 00 00 00  v_curFileDescr      FILE_DESCRIPTOR
172   D3A0 00 00 00 00
172   D3A4 00 00 00 00
172   D3A8 00 00 00 00
172   D3AC 00 00 00 00
172   D3B0 00 00 00 00
172   D3B4 00 00 00 00
172   D3B8 00 00 00 00
173   D3BC 00 00 00 00  v_batFileDescr      FILE_DESCRIPTOR
173   D3C0 00 00 00 00
173   D3C4 00 00 00 00
173   D3C8 00 00 00 00
173   D3CC 00 00 00 00
173   D3D0 00 00 00 00
173   D3D4 00 00 00 00
173   D3D8 00 00 00 00
174   D3DC FF FF FF...  v_char:             BLOCK 13, 0FFh
175   D3E9
176   D3E9                  IF NEW_MEMORY_MAP==0
177   D3E9 ~                    ASSERT_DONT_FIT 0D000h
178   D3E9                  ENDIF
179   D3E9
180   D3E9                  IF LOAD_FONT
181   D3E9                      INCLUDE "initFont.inc"
  1+  D3E9              ;+---------------------------------------------------------------------------
  2+  D3E9              ; MXOS
  3+  D3E9              ; Загрузка шрифта в память
  4+  D3E9              ;
  5+  D3E9              ; Разработано vinxru
  6+  D3E9              ; Доработано SpaceEngineer
  7+  D3E9              ;----------------------------------------------------------------------------
  8+  D3E9
  9+  D3E9              initFont:   ; Изменяем команду перехода сюда на reboot2
 10+  D3E9 21 56 C5                 ld      hl, reboot2
 11+  D3EC 22 54 C5                 ld      (onceInitFont+1), hl
 12+  D3EF E5                       push    hl
 13+  D3F0
 14+  D3F0                  IF EMBED_FONT == 0
 15+  D3F0
 16+  D3F0                          ; Шрифт грузится из файла
 17+  D3F0                          ; Устанавливаем блочный драйвер ДОЗУ
 18+  D3F0 06 00                    ld      b, 0
 19+  D3F2 CD 96 CA                 call    setRAMDDriver
 20+  D3F5
 21+  D3F5                          ; Ищем и загружаем файл A:FONT.FNT на адрес FONT_ADDR
 22+  D3F5 21 0E D3                 ld      hl, pathFontFnt
 23+  D3F8 11 9C D3                 ld      de, v_curFileDescr
 24+  D3FB CD 75 D1                 call    fileNamePrepare   ; подготовка имени файла и переключение накопителя
 25+  D3FE EB                       ex      de, hl
 26+  D3FF 11 00 E0                 ld      de, FONT_ADDR
 27+  D402 C3 C6 CF                 jp      fileLoad2
 28+  D405
 29+  D405                  ELSE
 30+  D405 ~                        ; Шрифт встроен в хвост программы
 31+  D405 ~                        ; Копируем его на адрес FONT_ADDR
 32+  D405 ~                        ld      hl, font
 33+  D405 ~                        ld      de, fontEnd
 34+  D405 ~                        ld      bc, FONT_ADDR
 35+  D405 ~                        jp      memcpy_bc_hl
 36+  D405 ~
 37+  D405 ~            font:
 38+  D405 ~                  DB 000h,000h,000h,000h,000h,000h,000h,000h ; 0
 39+  D405 ~                  DB 004h,00Eh,015h,004h,015h,00Eh,004h,000h ; 1
 40+  D405 ~                  DB 000h,000h,004h,00Ah,01Fh,000h,01Fh,000h ; 2
 41+  D405 ~                  DB 000h,000h,01Fh,00Ah,004h,000h,01Fh,000h ; 3
 42+  D405 ~                  DB 009h,01Bh,02Dh,01Bh,009h,000h,000h,000h ; 4
 43+  D405 ~                  DB 024h,036h,02Dh,036h,024h,000h,000h,000h ; 5
 44+  D405 ~                  DB 01Eh,021h,02Dh,029h,02Dh,021h,01Eh,000h ; 6
 45+  D405 ~                  DB 010h,018h,017h,015h,017h,018h,010h,000h ; 7
 46+  D405 ~                  DB 000h,000h,004h,008h,01Fh,008h,004h,000h ; 8
 47+  D405 ~                  DB 000h,000h,014h,012h,01Fh,012h,014h,000h ; 9
 48+  D405 ~                  DB 013h,012h,013h,01Ah,000h,01Fh,000h,000h ; 10
 49+  D405 ~                  DB 000h,000h,000h,000h,000h,000h,000h,000h ; 11
 50+  D405 ~                  DB 01Ch,018h,014h,002h,001h,001h,001h,000h ; 12
 51+  D405 ~                  DB 01Fh,001h,001h,005h,009h,01Fh,008h,004h ; 13
 52+  D405 ~                  DB 003h,004h,004h,01Ch,03Ch,018h,000h,000h ; 14
 53+  D405 ~                  DB 003h,009h,005h,03Fh,005h,009h,003h,000h ; 15
 54+  D405 ~                  DB 003h,009h,011h,03Fh,011h,009h,003h,000h ; 16
 55+  D405 ~                  DB 004h,00Ah,011h,00Ah,004h,000h,000h,000h ; 17
 56+  D405 ~                  DB 011h,011h,011h,011h,011h,000h,011h,000h ; 18
 57+  D405 ~                  DB 000h,000h,000h,000h,000h,011h,011h,000h ; 19
 58+  D405 ~                  DB 000h,008h,000h,008h,000h,008h,000h,000h ; 20
 59+  D405 ~                  DB 004h,004h,000h,01Fh,000h,004h,004h,000h ; 21
 60+  D405 ~                  DB 00Fh,008h,008h,008h,008h,028h,010h,000h ; 22
 61+  D405 ~                  DB 03Fh,000h,000h,000h,000h,000h,000h,000h ; 23
 62+  D405 ~                  DB 000h,000h,004h,002h,01Fh,002h,004h,000h ; 24
 63+  D405 ~                  DB 004h,00Eh,015h,004h,004h,004h,004h,000h ; 25
 64+  D405 ~                  DB 004h,004h,004h,004h,015h,00Eh,004h,000h ; 26
 65+  D405 ~                  DB 01Bh,012h,01Ah,012h,01Bh,000h,01Fh,000h ; 27
 66+  D405 ~                  DB 03Fh,001h,000h,000h,000h,000h,000h,000h ; 28
 67+  D405 ~                  DB 000h,000h,000h,000h,000h,000h,000h,000h ; 29
 68+  D405 ~                  DB 000h,000h,000h,000h,000h,000h,000h,000h ; 30
 69+  D405 ~                  DB 01Fh,011h,019h,015h,013h,011h,01Fh,000h ; 31
 70+  D405 ~                  DB 000h,000h,000h,000h,000h,000h,000h,000h ; 32
 71+  D405 ~                  DB 004h,004h,004h,004h,004h,000h,004h,000h ; 33
 72+  D405 ~                  DB 00Ah,00Ah,00Ah,000h,000h,000h,000h,000h ; 34
 73+  D405 ~                  DB 00Ah,00Ah,01Fh,00Ah,01Fh,00Ah,00Ah,000h ; 35
 74+  D405 ~                  DB 004h,00Fh,014h,00Eh,005h,01Eh,004h,000h ; 36
 75+  D405 ~                  DB 010h,011h,002h,004h,008h,011h,001h,000h ; 37
 76+  D405 ~                  DB 004h,00Ah,00Ah,00Ch,015h,012h,00Dh,000h ; 38
 77+  D405 ~                  DB 000h,002h,002h,004h,000h,000h,000h,000h ; 39
 78+  D405 ~                  DB 002h,004h,008h,008h,008h,004h,002h,000h ; 40
 79+  D405 ~                  DB 008h,004h,002h,002h,002h,004h,008h,000h ; 41
 80+  D405 ~                  DB 000h,004h,015h,00Eh,015h,004h,000h,000h ; 42
 81+  D405 ~                  DB 000h,004h,004h,01Fh,004h,004h,000h,000h ; 43
 82+  D405 ~                  DB 000h,000h,000h,000h,000h,004h,004h,008h ; 44
 83+  D405 ~                  DB 000h,000h,000h,01Fh,000h,000h,000h,000h ; 45
 84+  D405 ~                  DB 000h,000h,000h,000h,000h,004h,004h,000h ; 46
 85+  D405 ~                  DB 000h,001h,002h,004h,008h,010h,000h,000h ; 47
 86+  D405 ~                  DB 00Eh,011h,013h,015h,019h,011h,00Eh,000h ; 48
 87+  D405 ~                  DB 004h,00Ch,004h,004h,004h,004h,00Eh,000h ; 49
 88+  D405 ~                  DB 00Eh,011h,001h,006h,008h,010h,01Fh,000h ; 50
 89+  D405 ~                  DB 01Fh,001h,002h,006h,001h,011h,00Eh,000h ; 51
 90+  D405 ~                  DB 002h,006h,00Ah,012h,01Fh,002h,002h,000h ; 52
 91+  D405 ~                  DB 01Fh,010h,01Eh,001h,001h,011h,00Eh,000h ; 53
 92+  D405 ~                  DB 007h,008h,010h,01Eh,011h,011h,00Eh,000h ; 54
 93+  D405 ~                  DB 01Fh,001h,002h,004h,008h,008h,008h,000h ; 55
 94+  D405 ~                  DB 00Eh,011h,011h,00Eh,011h,011h,00Eh,000h ; 56
 95+  D405 ~                  DB 00Eh,011h,011h,00Fh,001h,002h,01Ch,000h ; 57
 96+  D405 ~                  DB 000h,004h,004h,000h,000h,004h,004h,000h ; 58
 97+  D405 ~                  DB 000h,004h,004h,000h,000h,004h,004h,008h ; 59
 98+  D405 ~                  DB 002h,004h,008h,010h,008h,004h,002h,000h ; 60
 99+  D405 ~                  DB 000h,000h,01Fh,000h,01Fh,000h,000h,000h ; 61
100+  D405 ~                  DB 008h,004h,002h,001h,002h,004h,008h,000h ; 62
101+  D405 ~                  DB 00Eh,011h,001h,002h,004h,000h,004h,000h ; 63
102+  D405 ~                  DB 00Eh,011h,013h,015h,017h,010h,00Eh,000h ; 64
103+  D405 ~                  DB 004h,00Ah,011h,011h,01Fh,011h,011h,000h ; 65
104+  D405 ~                  DB 01Eh,011h,011h,01Eh,011h,011h,01Eh,000h ; 66
105+  D405 ~                  DB 00Eh,011h,010h,010h,010h,011h,00Eh,000h ; 67
106+  D405 ~                  DB 01Eh,009h,009h,009h,009h,009h,01Eh,000h ; 68
107+  D405 ~                  DB 01Fh,010h,010h,01Eh,010h,010h,01Fh,000h ; 69
108+  D405 ~                  DB 01Fh,010h,010h,01Eh,010h,010h,010h,000h ; 70
109+  D405 ~                  DB 00Eh,011h,010h,010h,013h,011h,00Fh,000h ; 71
110+  D405 ~                  DB 011h,011h,011h,01Fh,011h,011h,011h,000h ; 72
111+  D405 ~                  DB 00Eh,004h,004h,004h,004h,004h,00Eh,000h ; 73
112+  D405 ~                  DB 001h,001h,001h,001h,011h,011h,00Eh,000h ; 74
113+  D405 ~                  DB 011h,012h,014h,018h,014h,012h,011h,000h ; 75
114+  D405 ~                  DB 010h,010h,010h,010h,010h,011h,01Fh,000h ; 76
115+  D405 ~                  DB 011h,01Bh,015h,015h,011h,011h,011h,000h ; 77
116+  D405 ~                  DB 011h,011h,019h,015h,013h,011h,011h,000h ; 78
117+  D405 ~                  DB 00Eh,011h,011h,011h,011h,011h,00Eh,000h ; 79
118+  D405 ~                  DB 01Eh,011h,011h,01Eh,010h,010h,010h,000h ; 80
119+  D405 ~                  DB 00Eh,011h,011h,011h,015h,012h,00Dh,000h ; 81
120+  D405 ~                  DB 01Eh,011h,011h,01Eh,014h,012h,011h,000h ; 82
121+  D405 ~                  DB 00Eh,011h,010h,00Eh,001h,011h,00Eh,000h ; 83
122+  D405 ~                  DB 01Fh,004h,004h,004h,004h,004h,004h,000h ; 84
123+  D405 ~                  DB 011h,011h,011h,011h,011h,011h,00Eh,000h ; 85
124+  D405 ~                  DB 011h,011h,011h,00Ah,00Ah,004h,004h,000h ; 86
125+  D405 ~                  DB 011h,011h,011h,015h,015h,015h,00Ah,000h ; 87
126+  D405 ~                  DB 011h,011h,00Ah,004h,00Ah,011h,011h,000h ; 88
127+  D405 ~                  DB 011h,011h,00Ah,004h,004h,004h,004h,000h ; 89
128+  D405 ~                  DB 01Fh,001h,002h,00Eh,008h,010h,01Fh,000h ; 90
129+  D405 ~                  DB 00Eh,008h,008h,008h,008h,008h,00Eh,000h ; 91
130+  D405 ~                  DB 000h,010h,008h,004h,002h,001h,000h,000h ; 92
131+  D405 ~                  DB 00Eh,002h,002h,002h,002h,002h,00Eh,000h ; 93
132+  D405 ~                  DB 004h,00Ah,011h,000h,000h,000h,000h,000h ; 94
133+  D405 ~                  DB 000h,000h,000h,000h,000h,000h,000h,000h ; 95
134+  D405 ~                  DB 000h,00Fh,000h,006h,009h,009h,006h,000h ; 96
135+  D405 ~                  DB 000h,000h,00Ch,002h,00Eh,012h,00Dh,000h ; 97
136+  D405 ~                  DB 008h,008h,008h,00Eh,009h,009h,016h,000h ; 98
137+  D405 ~                  DB 000h,000h,00Eh,011h,010h,011h,00Eh,000h ; 99
138+  D405 ~                  DB 002h,002h,002h,00Eh,012h,012h,00Dh,000h ; 100
139+  D405 ~                  DB 000h,000h,00Eh,011h,01Fh,010h,00Eh,000h ; 101
140+  D405 ~                  DB 006h,009h,008h,01Ch,008h,008h,008h,000h ; 102
141+  D405 ~                  DB 000h,000h,00Dh,012h,012h,00Eh,002h,01Ch ; 103
142+  D405 ~                  DB 010h,010h,010h,01Eh,011h,011h,011h,000h ; 104
143+  D405 ~                  DB 000h,010h,000h,010h,010h,011h,00Eh,000h ; 105
144+  D405 ~                  DB 000h,001h,000h,001h,001h,001h,011h,00Eh ; 106
145+  D405 ~                  DB 010h,010h,011h,012h,01Ch,012h,011h,000h ; 107
146+  D405 ~                  DB 010h,010h,010h,010h,010h,011h,00Eh,000h ; 108
147+  D405 ~                  DB 000h,000h,01Ah,015h,015h,015h,015h,000h ; 109
148+  D405 ~                  DB 000h,000h,016h,019h,011h,011h,011h,000h ; 110
149+  D405 ~                  DB 000h,000h,00Eh,011h,011h,011h,00Eh,000h ; 111
150+  D405 ~                  DB 000h,000h,016h,009h,009h,00Eh,008h,008h ; 112
151+  D405 ~                  DB 000h,000h,00Dh,012h,012h,00Eh,002h,002h ; 113
152+  D405 ~                  DB 000h,000h,016h,009h,008h,008h,008h,000h ; 114
153+  D405 ~                  DB 000h,000h,00Eh,010h,00Eh,001h,00Eh,000h ; 115
154+  D405 ~                  DB 008h,008h,01Ch,008h,008h,009h,006h,000h ; 116
155+  D405 ~                  DB 000h,000h,012h,012h,012h,012h,00Dh,000h ; 117
156+  D405 ~                  DB 000h,000h,011h,011h,011h,00Ah,004h,000h ; 118
157+  D405 ~                  DB 000h,000h,015h,015h,015h,015h,00Ah,000h ; 119
158+  D405 ~                  DB 000h,000h,011h,00Ah,004h,00Ah,011h,000h ; 120
159+  D405 ~                  DB 000h,000h,011h,011h,011h,00Fh,001h,00Eh ; 121
160+  D405 ~                  DB 000h,000h,01Fh,001h,00Eh,010h,01Fh,000h ; 122
161+  D405 ~                  DB 003h,004h,004h,018h,004h,004h,003h,000h ; 123
162+  D405 ~                  DB 01Fh,011h,011h,011h,011h,011h,01Fh,000h ; 124
163+  D405 ~                  DB 018h,004h,004h,003h,004h,004h,018h,000h ; 125
164+  D405 ~                  DB 000h,000h,008h,015h,002h,000h,000h,000h ; 126
165+  D405 ~                  DB 001h,003h,007h,00Fh,007h,003h,001h,000h ; 127
166+  D405 ~                  DB 000h,000h,00Ah,01Fh,01Fh,00Eh,004h,000h ; 128
167+  D405 ~                  DB 000h,004h,004h,01Fh,004h,004h,01Bh,000h ; 129
168+  D405 ~                  DB 004h,00Eh,01Fh,01Fh,00Ah,004h,01Bh,000h ; 130
169+  D405 ~                  DB 000h,000h,004h,00Eh,01Fh,00Eh,004h,000h ; 131
170+  D405 ~                  DB 002h,004h,00Ah,015h,011h,011h,00Eh,000h ; 132
171+  D405 ~                  DB 00Eh,004h,01Fh,015h,004h,00Ah,011h,000h ; 133
172+  D405 ~                  DB 003h,004h,006h,009h,006h,002h,00Ch,000h ; 134
173+  D405 ~                  DB 007h,003h,005h,00Ch,012h,012h,00Ch,000h ; 135
174+  D405 ~                  DB 00Eh,011h,011h,00Eh,004h,00Eh,004h,000h ; 136
175+  D405 ~                  DB 000h,017h,014h,01Fh,005h,01Dh,000h,000h ; 137
176+  D405 ~                  DB 004h,004h,01Fh,004h,014h,00Ch,006h,005h ; 138
177+  D405 ~                  DB 004h,01Fh,004h,00Ah,011h,01Fh,004h,000h ; 139
178+  D405 ~                  DB 004h,01Fh,005h,00Ah,011h,01Fh,004h,000h ; 140
179+  D405 ~                  DB 004h,004h,01Fh,000h,01Fh,004h,004h,000h ; 141
180+  D405 ~                  DB 004h,00Eh,00Ah,00Ah,00Ah,00Eh,004h,000h ; 142
181+  D405 ~                  DB 004h,006h,001h,006h,001h,006h,004h,000h ; 143
182+  D405 ~                  DB 000h,000h,000h,03Fh,03Fh,000h,000h,000h ; 144
183+  D405 ~                  DB 030h,030h,030h,030h,030h,030h,030h,030h ; 145
184+  D405 ~                  DB 003h,003h,003h,003h,003h,003h,003h,003h ; 146
185+  D405 ~                  DB 030h,030h,030h,03Fh,03Fh,030h,030h,030h ; 147
186+  D405 ~                  DB 003h,003h,003h,03Fh,03Fh,003h,003h,003h ; 148
187+  D405 ~                  DB 000h,000h,000h,03Fh,03Fh,030h,030h,030h ; 149
188+  D405 ~                  DB 000h,000h,000h,03Fh,03Fh,003h,003h,003h ; 150
189+  D405 ~                  DB 003h,003h,003h,03Fh,03Fh,000h,000h,000h ; 151
190+  D405 ~                  DB 030h,030h,030h,03Fh,03Fh,000h,000h,000h ; 152
191+  D405 ~                  DB 000h,000h,000h,03Fh,03Fh,018h,018h,018h ; 153
192+  D405 ~                  DB 018h,018h,018h,018h,018h,018h,018h,018h ; 154
193+  D405 ~                  DB 018h,018h,018h,03Fh,03Fh,000h,000h,000h ; 155
194+  D405 ~                  DB 018h,018h,018h,03Fh,03Fh,018h,018h,018h ; 156
195+  D405 ~                  DB 000h,000h,001h,002h,014h,008h,000h,000h ; 157
196+  D405 ~                  DB 000h,000h,000h,000h,000h,000h,000h,000h ; 158
197+  D405 ~                  DB 000h,000h,000h,000h,000h,000h,000h,000h ; 159
198+  D405 ~                  DB 002h,002h,00Ah,016h,012h,012h,00Dh,000h ; 160
199+  D405 ~                  DB 006h,009h,00Eh,009h,00Eh,008h,010h,000h ; 161
200+  D405 ~                  DB 01Fh,011h,011h,010h,010h,010h,010h,000h ; 162
201+  D405 ~                  DB 00Fh,010h,012h,00Ah,00Ah,00Ah,011h,000h ; 163
202+  D405 ~                  DB 01Fh,008h,004h,002h,004h,008h,01Fh,000h ; 164
203+  D405 ~                  DB 005h,00Ah,010h,01Eh,011h,011h,00Eh,000h ; 165
204+  D405 ~                  DB 009h,009h,009h,009h,00Fh,009h,010h,000h ; 166
205+  D405 ~                  DB 008h,014h,004h,002h,006h,009h,011h,000h ; 167
206+  D405 ~                  DB 015h,015h,015h,00Eh,004h,004h,004h,000h ; 168
207+  D405 ~                  DB 00Eh,011h,01Bh,01Fh,01Bh,011h,00Eh,000h ; 169
208+  D405 ~                  DB 00Eh,011h,011h,00Eh,004h,015h,01Bh,000h ; 170
209+  D405 ~                  DB 006h,009h,009h,006h,000h,000h,000h,000h ; 171
210+  D405 ~                  DB 00Eh,013h,015h,019h,00Eh,000h,000h,000h ; 172
211+  D405 ~                  DB 002h,006h,002h,002h,007h,000h,000h,000h ; 173
212+  D405 ~                  DB 006h,009h,002h,004h,00Fh,000h,000h,000h ; 174
213+  D405 ~                  DB 00Fh,001h,002h,009h,006h,000h,000h,000h ; 175
214+  D405 ~                  DB 00Ah,00Ah,00Fh,002h,002h,000h,000h,000h ; 176
215+  D405 ~                  DB 00Eh,008h,00Eh,001h,00Eh,000h,000h,000h ; 177
216+  D405 ~                  DB 006h,008h,00Eh,009h,006h,000h,000h,000h ; 178
217+  D405 ~                  DB 00Fh,001h,002h,004h,004h,000h,000h,000h ; 179
218+  D405 ~                  DB 006h,009h,006h,009h,006h,000h,000h,000h ; 180
219+  D405 ~                  DB 006h,009h,007h,001h,006h,000h,000h,000h ; 181
220+  D405 ~                  DB 000h,000h,00Eh,013h,015h,019h,00Eh,000h ; 182
221+  D405 ~                  DB 000h,000h,002h,006h,002h,002h,007h,000h ; 183
222+  D405 ~                  DB 000h,000h,006h,009h,002h,004h,00Fh,000h ; 184
223+  D405 ~                  DB 000h,000h,00Fh,001h,002h,009h,006h,000h ; 185
224+  D405 ~                  DB 000h,000h,00Ah,00Ah,00Fh,002h,002h,000h ; 186
225+  D405 ~                  DB 000h,000h,00Eh,008h,00Eh,001h,00Eh,000h ; 187
226+  D405 ~                  DB 000h,000h,006h,008h,00Eh,009h,006h,000h ; 188
227+  D405 ~                  DB 000h,000h,00Fh,001h,002h,004h,004h,000h ; 189
228+  D405 ~                  DB 000h,000h,006h,009h,006h,009h,006h,000h ; 190
229+  D405 ~                  DB 000h,000h,006h,009h,007h,001h,006h,000h ; 191
230+  D405 ~                  DB 000h,000h,012h,015h,01Dh,015h,012h,000h ; 192
231+  D405 ~                  DB 000h,000h,00Ch,002h,00Eh,012h,00Dh,000h ; 193
232+  D405 ~                  DB 001h,00Eh,010h,01Eh,011h,011h,00Eh,000h ; 194
233+  D405 ~                  DB 000h,000h,012h,012h,012h,012h,00Fh,001h ; 195
234+  D405 ~                  DB 00Eh,001h,001h,00Fh,011h,011h,00Eh,000h ; 196
235+  D405 ~                  DB 000h,000h,00Eh,011h,01Fh,010h,00Eh,000h ; 197
236+  D405 ~                  DB 000h,000h,00Eh,015h,015h,00Eh,004h,004h ; 198
237+  D405 ~                  DB 000h,000h,00Ch,012h,004h,009h,006h,000h ; 199
238+  D405 ~                  DB 000h,000h,011h,00Ah,004h,00Ah,011h,000h ; 200
239+  D405 ~                  DB 000h,000h,012h,012h,012h,012h,00Dh,000h ; 201
240+  D405 ~                  DB 00Ch,000h,012h,012h,012h,012h,00Dh,000h ; 202
241+  D405 ~                  DB 000h,000h,011h,012h,01Ch,012h,011h,000h ; 203
242+  D405 ~                  DB 000h,000h,007h,009h,009h,009h,011h,000h ; 204
243+  D405 ~                  DB 000h,000h,011h,01Bh,015h,011h,011h,000h ; 205
244+  D405 ~                  DB 000h,000h,011h,011h,01Fh,011h,011h,000h ; 206
245+  D405 ~                  DB 000h,000h,00Eh,011h,011h,011h,00Eh,000h ; 207
246+  D405 ~                  DB 000h,000h,01Fh,011h,011h,011h,011h,000h ; 208
247+  D405 ~                  DB 000h,000h,00Fh,011h,00Fh,009h,011h,000h ; 209
248+  D405 ~                  DB 000h,000h,01Eh,011h,011h,01Eh,010h,000h ; 210
249+  D405 ~                  DB 000h,000h,00Eh,011h,010h,011h,00Eh,000h ; 211
250+  D405 ~                  DB 000h,000h,01Fh,004h,004h,004h,004h,000h ; 212
251+  D405 ~                  DB 000h,000h,011h,011h,00Fh,001h,001h,00Eh ; 213
252+  D405 ~                  DB 000h,000h,015h,015h,00Eh,015h,015h,000h ; 214
253+  D405 ~                  DB 00Ch,014h,018h,01Eh,011h,011h,00Eh,000h ; 215
254+  D405 ~                  DB 000h,000h,010h,010h,01Eh,011h,01Eh,000h ; 216
255+  D405 ~                  DB 000h,000h,011h,011h,01Dh,013h,01Dh,000h ; 217
256+  D405 ~                  DB 000h,000h,00Eh,011h,006h,011h,00Eh,000h ; 218
257+  D405 ~                  DB 000h,000h,011h,015h,015h,015h,01Fh,000h ; 219
258+  D405 ~                  DB 000h,000h,01Eh,001h,007h,001h,01Eh,000h ; 220
259+  D405 ~                  DB 000h,000h,015h,015h,015h,015h,01Fh,001h ; 221
260+  D405 ~                  DB 000h,000h,011h,011h,00Fh,001h,001h,000h ; 222
261+  D405 ~                  DB 000h,000h,018h,008h,00Eh,009h,00Eh,000h ; 223
262+  D405 ~                  DB 012h,015h,015h,01Dh,015h,015h,012h,000h ; 224
263+  D405 ~                  DB 00Eh,011h,011h,011h,01Fh,011h,011h,000h ; 225
264+  D405 ~                  DB 01Fh,010h,010h,01Eh,011h,011h,01Eh,000h ; 226
265+  D405 ~                  DB 012h,012h,012h,012h,012h,012h,01Fh,001h ; 227
266+  D405 ~                  DB 006h,00Ah,00Ah,00Ah,00Ah,01Fh,011h,000h ; 228
267+  D405 ~                  DB 01Fh,010h,010h,01Eh,010h,010h,01Fh,000h ; 229
268+  D405 ~                  DB 004h,01Fh,015h,015h,01Fh,004h,004h,000h ; 230
269+  D405 ~                  DB 01Fh,011h,010h,010h,010h,010h,010h,000h ; 231
270+  D405 ~                  DB 011h,011h,00Ah,004h,00Ah,011h,011h,000h ; 232
271+  D405 ~                  DB 011h,011h,013h,015h,019h,011h,011h,000h ; 233
272+  D405 ~                  DB 015h,011h,013h,015h,019h,011h,011h,000h ; 234
273+  D405 ~                  DB 011h,012h,014h,018h,014h,012h,011h,000h ; 235
274+  D405 ~                  DB 007h,009h,009h,009h,009h,009h,019h,000h ; 236
275+  D405 ~                  DB 011h,01Bh,015h,015h,011h,011h,011h,000h ; 237
276+  D405 ~                  DB 011h,011h,011h,01Fh,011h,011h,011h,000h ; 238
277+  D405 ~                  DB 00Eh,011h,011h,011h,011h,011h,00Eh,000h ; 239
278+  D405 ~                  DB 01Fh,011h,011h,011h,011h,011h,011h,000h ; 240
279+  D405 ~                  DB 00Fh,011h,011h,00Fh,005h,009h,011h,000h ; 241
280+  D405 ~                  DB 01Eh,011h,011h,01Eh,010h,010h,010h,000h ; 242
281+  D405 ~                  DB 00Eh,011h,010h,010h,010h,011h,00Eh,000h ; 243
282+  D405 ~                  DB 01Fh,004h,004h,004h,004h,004h,004h,000h ; 244
283+  D405 ~                  DB 011h,011h,011h,00Ah,004h,008h,010h,000h ; 245
284+  D405 ~                  DB 011h,015h,015h,00Eh,015h,015h,011h,000h ; 246
285+  D405 ~                  DB 01Eh,011h,011h,01Eh,011h,011h,01Eh,000h ; 247
286+  D405 ~                  DB 010h,010h,010h,01Eh,011h,011h,01Eh,000h ; 248
287+  D405 ~                  DB 011h,011h,011h,019h,015h,015h,019h,000h ; 249
288+  D405 ~                  DB 00Eh,011h,001h,006h,001h,011h,00Eh,000h ; 250
289+  D405 ~                  DB 011h,015h,015h,015h,015h,015h,01Fh,000h ; 251
290+  D405 ~                  DB 00Eh,011h,001h,007h,001h,011h,00Eh,000h ; 252
291+  D405 ~                  DB 015h,015h,015h,015h,015h,015h,01Fh,001h ; 253
292+  D405 ~                  DB 011h,011h,011h,00Fh,001h,001h,001h,000h ; 254
293+  D405 ~                  DB 000h,000h,000h,000h,000h,000h,000h,01Fh ; 255
294+  D405 ~            fontEnd:
295+  D405 ~
296+  D405                  ENDIF
297+  D405
182   D405                  ENDIF
183   D405
184   D405                  ASSERT_DONT_FIT 0DC00h
184   D405             >         IF $ > 0DC00h
184   D405 ~           >           ASSERT 0
184   D405 ~           >           DISPLAY /l, "Error! Image did not fit (", $, " > ", adr, ")"
184   D405             >         ENDIF
185   D405
186   D405                  END
